:0200000460009A
:100000004643464200000156000000000103030081
:1000100000000000000000000000000000000000E0
:1000200000000000000000000000000000000000D0
:1000300000000000000000000000000000000000C0
:1000400000000000010408000000000000000000A3
:100050000000800000000000000000000000000020
:100060000000000000000000000000000000000090
:100070000000000000000000000000000000000080
:10008000EB04180A063204260000000000000000FD
:10009000050404240000000000000000000000002F
:1000A0000000000000000000000000000000000050
:1000B0000604000000000000000000000000000036
:1000C0000000000000000000000000000000000030
:1000D00020041808000000000000000000000000DC
:1000E0000000000000000000000000000000000010
:1000F0000000000000000000000000000000000000
:10010000D8041808000000000000000000000000F3
:100110000204180804200000000000000000000095
:1001200000000000000000000000000000000000CF
:10013000600400000000000000000000000000005B
:1001400000000000000000000000000000000000AF
:10015000000000000000000000000000000000009F
:10016000000000000000000000000000000000008F
:10017000000000000000000000000000000000007F
:10018000000000000000000000000000000000006F
:10019000000000000000000000000000000000005F
:1001A000000000000000000000000000000000004F
:1001B000000000000000000000000000000000003F
:1001C000000100000010000001000000000000001D
:1001D000000001000000000000000000000000001E
:1001E000000000000000000000000000000000000F
:1001F00000000000000000000000000000000000FF
:10020000FFFFFFFFFFFFFFFFFFFFFFFFFFFFFFFFFE
:10021000FFFFFFFFFFFFFFFFFFFFFFFFFFFFFFFFEE
:10022000FFFFFFFFFFFFFFFFFFFFFFFFFFFFFFFFDE
:10023000FFFFFFFFFFFFFFFFFFFFFFFFFFFFFFFFCE
:10024000FFFFFFFFFFFFFFFFFFFFFFFFFFFFFFFFBE
:10025000FFFFFFFFFFFFFFFFFFFFFFFFFFFFFFFFAE
:10026000FFFFFFFFFFFFFFFFFFFFFFFFFFFFFFFF9E
:10027000FFFFFFFFFFFFFFFFFFFFFFFFFFFFFFFF8E
:10028000FFFFFFFFFFFFFFFFFFFFFFFFFFFFFFFF7E
:10029000FFFFFFFFFFFFFFFFFFFFFFFFFFFFFFFF6E
:1002A000FFFFFFFFFFFFFFFFFFFFFFFFFFFFFFFF5E
:1002B000FFFFFFFFFFFFFFFFFFFFFFFFFFFFFFFF4E
:1002C000FFFFFFFFFFFFFFFFFFFFFFFFFFFFFFFF3E
:1002D000FFFFFFFFFFFFFFFFFFFFFFFFFFFFFFFF2E
:1002E000FFFFFFFFFFFFFFFFFFFFFFFFFFFFFFFF1E
:1002F000FFFFFFFFFFFFFFFFFFFFFFFFFFFFFFFF0E
:10030000FFFFFFFFFFFFFFFFFFFFFFFFFFFFFFFFFD
:10031000FFFFFFFFFFFFFFFFFFFFFFFFFFFFFFFFED
:10032000FFFFFFFFFFFFFFFFFFFFFFFFFFFFFFFFDD
:10033000FFFFFFFFFFFFFFFFFFFFFFFFFFFFFFFFCD
:10034000FFFFFFFFFFFFFFFFFFFFFFFFFFFFFFFFBD
:10035000FFFFFFFFFFFFFFFFFFFFFFFFFFFFFFFFAD
:10036000FFFFFFFFFFFFFFFFFFFFFFFFFFFFFFFF9D
:10037000FFFFFFFFFFFFFFFFFFFFFFFFFFFFFFFF8D
:10038000FFFFFFFFFFFFFFFFFFFFFFFFFFFFFFFF7D
:10039000FFFFFFFFFFFFFFFFFFFFFFFFFFFFFFFF6D
:1003A000FFFFFFFFFFFFFFFFFFFFFFFFFFFFFFFF5D
:1003B000FFFFFFFFFFFFFFFFFFFFFFFFFFFFFFFF4D
:1003C000FFFFFFFFFFFFFFFFFFFFFFFFFFFFFFFF3D
:1003D000FFFFFFFFFFFFFFFFFFFFFFFFFFFFFFFF2D
:1003E000FFFFFFFFFFFFFFFFFFFFFFFFFFFFFFFF1D
:1003F000FFFFFFFFFFFFFFFFFFFFFFFFFFFFFFFF0D
:10040000FFFFFFFFFFFFFFFFFFFFFFFFFFFFFFFFFC
:10041000FFFFFFFFFFFFFFFFFFFFFFFFFFFFFFFFEC
:10042000FFFFFFFFFFFFFFFFFFFFFFFFFFFFFFFFDC
:10043000FFFFFFFFFFFFFFFFFFFFFFFFFFFFFFFFCC
:10044000FFFFFFFFFFFFFFFFFFFFFFFFFFFFFFFFBC
:10045000FFFFFFFFFFFFFFFFFFFFFFFFFFFFFFFFAC
:10046000FFFFFFFFFFFFFFFFFFFFFFFFFFFFFFFF9C
:10047000FFFFFFFFFFFFFFFFFFFFFFFFFFFFFFFF8C
:10048000FFFFFFFFFFFFFFFFFFFFFFFFFFFFFFFF7C
:10049000FFFFFFFFFFFFFFFFFFFFFFFFFFFFFFFF6C
:1004A000FFFFFFFFFFFFFFFFFFFFFFFFFFFFFFFF5C
:1004B000FFFFFFFFFFFFFFFFFFFFFFFFFFFFFFFF4C
:1004C000FFFFFFFFFFFFFFFFFFFFFFFFFFFFFFFF3C
:1004D000FFFFFFFFFFFFFFFFFFFFFFFFFFFFFFFF2C
:1004E000FFFFFFFFFFFFFFFFFFFFFFFFFFFFFFFF1C
:1004F000FFFFFFFFFFFFFFFFFFFFFFFFFFFFFFFF0C
:10050000FFFFFFFFFFFFFFFFFFFFFFFFFFFFFFFFFB
:10051000FFFFFFFFFFFFFFFFFFFFFFFFFFFFFFFFEB
:10052000FFFFFFFFFFFFFFFFFFFFFFFFFFFFFFFFDB
:10053000FFFFFFFFFFFFFFFFFFFFFFFFFFFFFFFFCB
:10054000FFFFFFFFFFFFFFFFFFFFFFFFFFFFFFFFBB
:10055000FFFFFFFFFFFFFFFFFFFFFFFFFFFFFFFFAB
:10056000FFFFFFFFFFFFFFFFFFFFFFFFFFFFFFFF9B
:10057000FFFFFFFFFFFFFFFFFFFFFFFFFFFFFFFF8B
:10058000FFFFFFFFFFFFFFFFFFFFFFFFFFFFFFFF7B
:10059000FFFFFFFFFFFFFFFFFFFFFFFFFFFFFFFF6B
:1005A000FFFFFFFFFFFFFFFFFFFFFFFFFFFFFFFF5B
:1005B000FFFFFFFFFFFFFFFFFFFFFFFFFFFFFFFF4B
:1005C000FFFFFFFFFFFFFFFFFFFFFFFFFFFFFFFF3B
:1005D000FFFFFFFFFFFFFFFFFFFFFFFFFFFFFFFF2B
:1005E000FFFFFFFFFFFFFFFFFFFFFFFFFFFFFFFF1B
:1005F000FFFFFFFFFFFFFFFFFFFFFFFFFFFFFFFF0B
:10060000FFFFFFFFFFFFFFFFFFFFFFFFFFFFFFFFFA
:10061000FFFFFFFFFFFFFFFFFFFFFFFFFFFFFFFFEA
:10062000FFFFFFFFFFFFFFFFFFFFFFFFFFFFFFFFDA
:10063000FFFFFFFFFFFFFFFFFFFFFFFFFFFFFFFFCA
:10064000FFFFFFFFFFFFFFFFFFFFFFFFFFFFFFFFBA
:10065000FFFFFFFFFFFFFFFFFFFFFFFFFFFFFFFFAA
:10066000FFFFFFFFFFFFFFFFFFFFFFFFFFFFFFFF9A
:10067000FFFFFFFFFFFFFFFFFFFFFFFFFFFFFFFF8A
:10068000FFFFFFFFFFFFFFFFFFFFFFFFFFFFFFFF7A
:10069000FFFFFFFFFFFFFFFFFFFFFFFFFFFFFFFF6A
:1006A000FFFFFFFFFFFFFFFFFFFFFFFFFFFFFFFF5A
:1006B000FFFFFFFFFFFFFFFFFFFFFFFFFFFFFFFF4A
:1006C000FFFFFFFFFFFFFFFFFFFFFFFFFFFFFFFF3A
:1006D000FFFFFFFFFFFFFFFFFFFFFFFFFFFFFFFF2A
:1006E000FFFFFFFFFFFFFFFFFFFFFFFFFFFFFFFF1A
:1006F000FFFFFFFFFFFFFFFFFFFFFFFFFFFFFFFF0A
:10070000FFFFFFFFFFFFFFFFFFFFFFFFFFFFFFFFF9
:10071000FFFFFFFFFFFFFFFFFFFFFFFFFFFFFFFFE9
:10072000FFFFFFFFFFFFFFFFFFFFFFFFFFFFFFFFD9
:10073000FFFFFFFFFFFFFFFFFFFFFFFFFFFFFFFFC9
:10074000FFFFFFFFFFFFFFFFFFFFFFFFFFFFFFFFB9
:10075000FFFFFFFFFFFFFFFFFFFFFFFFFFFFFFFFA9
:10076000FFFFFFFFFFFFFFFFFFFFFFFFFFFFFFFF99
:10077000FFFFFFFFFFFFFFFFFFFFFFFFFFFFFFFF89
:10078000FFFFFFFFFFFFFFFFFFFFFFFFFFFFFFFF79
:10079000FFFFFFFFFFFFFFFFFFFFFFFFFFFFFFFF69
:1007A000FFFFFFFFFFFFFFFFFFFFFFFFFFFFFFFF59
:1007B000FFFFFFFFFFFFFFFFFFFFFFFFFFFFFFFF49
:1007C000FFFFFFFFFFFFFFFFFFFFFFFFFFFFFFFF39
:1007D000FFFFFFFFFFFFFFFFFFFFFFFFFFFFFFFF29
:1007E000FFFFFFFFFFFFFFFFFFFFFFFFFFFFFFFF19
:1007F000FFFFFFFFFFFFFFFFFFFFFFFFFFFFFFFF09
:10080000FFFFFFFFFFFFFFFFFFFFFFFFFFFFFFFFF8
:10081000FFFFFFFFFFFFFFFFFFFFFFFFFFFFFFFFE8
:10082000FFFFFFFFFFFFFFFFFFFFFFFFFFFFFFFFD8
:10083000FFFFFFFFFFFFFFFFFFFFFFFFFFFFFFFFC8
:10084000FFFFFFFFFFFFFFFFFFFFFFFFFFFFFFFFB8
:10085000FFFFFFFFFFFFFFFFFFFFFFFFFFFFFFFFA8
:10086000FFFFFFFFFFFFFFFFFFFFFFFFFFFFFFFF98
:10087000FFFFFFFFFFFFFFFFFFFFFFFFFFFFFFFF88
:10088000FFFFFFFFFFFFFFFFFFFFFFFFFFFFFFFF78
:10089000FFFFFFFFFFFFFFFFFFFFFFFFFFFFFFFF68
:1008A000FFFFFFFFFFFFFFFFFFFFFFFFFFFFFFFF58
:1008B000FFFFFFFFFFFFFFFFFFFFFFFFFFFFFFFF48
:1008C000FFFFFFFFFFFFFFFFFFFFFFFFFFFFFFFF38
:1008D000FFFFFFFFFFFFFFFFFFFFFFFFFFFFFFFF28
:1008E000FFFFFFFFFFFFFFFFFFFFFFFFFFFFFFFF18
:1008F000FFFFFFFFFFFFFFFFFFFFFFFFFFFFFFFF08
:10090000FFFFFFFFFFFFFFFFFFFFFFFFFFFFFFFFF7
:10091000FFFFFFFFFFFFFFFFFFFFFFFFFFFFFFFFE7
:10092000FFFFFFFFFFFFFFFFFFFFFFFFFFFFFFFFD7
:10093000FFFFFFFFFFFFFFFFFFFFFFFFFFFFFFFFC7
:10094000FFFFFFFFFFFFFFFFFFFFFFFFFFFFFFFFB7
:10095000FFFFFFFFFFFFFFFFFFFFFFFFFFFFFFFFA7
:10096000FFFFFFFFFFFFFFFFFFFFFFFFFFFFFFFF97
:10097000FFFFFFFFFFFFFFFFFFFFFFFFFFFFFFFF87
:10098000FFFFFFFFFFFFFFFFFFFFFFFFFFFFFFFF77
:10099000FFFFFFFFFFFFFFFFFFFFFFFFFFFFFFFF67
:1009A000FFFFFFFFFFFFFFFFFFFFFFFFFFFFFFFF57
:1009B000FFFFFFFFFFFFFFFFFFFFFFFFFFFFFFFF47
:1009C000FFFFFFFFFFFFFFFFFFFFFFFFFFFFFFFF37
:1009D000FFFFFFFFFFFFFFFFFFFFFFFFFFFFFFFF27
:1009E000FFFFFFFFFFFFFFFFFFFFFFFFFFFFFFFF17
:1009F000FFFFFFFFFFFFFFFFFFFFFFFFFFFFFFFF07
:100A0000FFFFFFFFFFFFFFFFFFFFFFFFFFFFFFFFF6
:100A1000FFFFFFFFFFFFFFFFFFFFFFFFFFFFFFFFE6
:100A2000FFFFFFFFFFFFFFFFFFFFFFFFFFFFFFFFD6
:100A3000FFFFFFFFFFFFFFFFFFFFFFFFFFFFFFFFC6
:100A4000FFFFFFFFFFFFFFFFFFFFFFFFFFFFFFFFB6
:100A5000FFFFFFFFFFFFFFFFFFFFFFFFFFFFFFFFA6
:100A6000FFFFFFFFFFFFFFFFFFFFFFFFFFFFFFFF96
:100A7000FFFFFFFFFFFFFFFFFFFFFFFFFFFFFFFF86
:100A8000FFFFFFFFFFFFFFFFFFFFFFFFFFFFFFFF76
:100A9000FFFFFFFFFFFFFFFFFFFFFFFFFFFFFFFF66
:100AA000FFFFFFFFFFFFFFFFFFFFFFFFFFFFFFFF56
:100AB000FFFFFFFFFFFFFFFFFFFFFFFFFFFFFFFF46
:100AC000FFFFFFFFFFFFFFFFFFFFFFFFFFFFFFFF36
:100AD000FFFFFFFFFFFFFFFFFFFFFFFFFFFFFFFF26
:100AE000FFFFFFFFFFFFFFFFFFFFFFFFFFFFFFFF16
:100AF000FFFFFFFFFFFFFFFFFFFFFFFFFFFFFFFF06
:100B0000FFFFFFFFFFFFFFFFFFFFFFFFFFFFFFFFF5
:100B1000FFFFFFFFFFFFFFFFFFFFFFFFFFFFFFFFE5
:100B2000FFFFFFFFFFFFFFFFFFFFFFFFFFFFFFFFD5
:100B3000FFFFFFFFFFFFFFFFFFFFFFFFFFFFFFFFC5
:100B4000FFFFFFFFFFFFFFFFFFFFFFFFFFFFFFFFB5
:100B5000FFFFFFFFFFFFFFFFFFFFFFFFFFFFFFFFA5
:100B6000FFFFFFFFFFFFFFFFFFFFFFFFFFFFFFFF95
:100B7000FFFFFFFFFFFFFFFFFFFFFFFFFFFFFFFF85
:100B8000FFFFFFFFFFFFFFFFFFFFFFFFFFFFFFFF75
:100B9000FFFFFFFFFFFFFFFFFFFFFFFFFFFFFFFF65
:100BA000FFFFFFFFFFFFFFFFFFFFFFFFFFFFFFFF55
:100BB000FFFFFFFFFFFFFFFFFFFFFFFFFFFFFFFF45
:100BC000FFFFFFFFFFFFFFFFFFFFFFFFFFFFFFFF35
:100BD000FFFFFFFFFFFFFFFFFFFFFFFFFFFFFFFF25
:100BE000FFFFFFFFFFFFFFFFFFFFFFFFFFFFFFFF15
:100BF000FFFFFFFFFFFFFFFFFFFFFFFFFFFFFFFF05
:100C0000FFFFFFFFFFFFFFFFFFFFFFFFFFFFFFFFF4
:100C1000FFFFFFFFFFFFFFFFFFFFFFFFFFFFFFFFE4
:100C2000FFFFFFFFFFFFFFFFFFFFFFFFFFFFFFFFD4
:100C3000FFFFFFFFFFFFFFFFFFFFFFFFFFFFFFFFC4
:100C4000FFFFFFFFFFFFFFFFFFFFFFFFFFFFFFFFB4
:100C5000FFFFFFFFFFFFFFFFFFFFFFFFFFFFFFFFA4
:100C6000FFFFFFFFFFFFFFFFFFFFFFFFFFFFFFFF94
:100C7000FFFFFFFFFFFFFFFFFFFFFFFFFFFFFFFF84
:100C8000FFFFFFFFFFFFFFFFFFFFFFFFFFFFFFFF74
:100C9000FFFFFFFFFFFFFFFFFFFFFFFFFFFFFFFF64
:100CA000FFFFFFFFFFFFFFFFFFFFFFFFFFFFFFFF54
:100CB000FFFFFFFFFFFFFFFFFFFFFFFFFFFFFFFF44
:100CC000FFFFFFFFFFFFFFFFFFFFFFFFFFFFFFFF34
:100CD000FFFFFFFFFFFFFFFFFFFFFFFFFFFFFFFF24
:100CE000FFFFFFFFFFFFFFFFFFFFFFFFFFFFFFFF14
:100CF000FFFFFFFFFFFFFFFFFFFFFFFFFFFFFFFF04
:100D0000FFFFFFFFFFFFFFFFFFFFFFFFFFFFFFFFF3
:100D1000FFFFFFFFFFFFFFFFFFFFFFFFFFFFFFFFE3
:100D2000FFFFFFFFFFFFFFFFFFFFFFFFFFFFFFFFD3
:100D3000FFFFFFFFFFFFFFFFFFFFFFFFFFFFFFFFC3
:100D4000FFFFFFFFFFFFFFFFFFFFFFFFFFFFFFFFB3
:100D5000FFFFFFFFFFFFFFFFFFFFFFFFFFFFFFFFA3
:100D6000FFFFFFFFFFFFFFFFFFFFFFFFFFFFFFFF93
:100D7000FFFFFFFFFFFFFFFFFFFFFFFFFFFFFFFF83
:100D8000FFFFFFFFFFFFFFFFFFFFFFFFFFFFFFFF73
:100D9000FFFFFFFFFFFFFFFFFFFFFFFFFFFFFFFF63
:100DA000FFFFFFFFFFFFFFFFFFFFFFFFFFFFFFFF53
:100DB000FFFFFFFFFFFFFFFFFFFFFFFFFFFFFFFF43
:100DC000FFFFFFFFFFFFFFFFFFFFFFFFFFFFFFFF33
:100DD000FFFFFFFFFFFFFFFFFFFFFFFFFFFFFFFF23
:100DE000FFFFFFFFFFFFFFFFFFFFFFFFFFFFFFFF13
:100DF000FFFFFFFFFFFFFFFFFFFFFFFFFFFFFFFF03
:100E0000FFFFFFFFFFFFFFFFFFFFFFFFFFFFFFFFF2
:100E1000FFFFFFFFFFFFFFFFFFFFFFFFFFFFFFFFE2
:100E2000FFFFFFFFFFFFFFFFFFFFFFFFFFFFFFFFD2
:100E3000FFFFFFFFFFFFFFFFFFFFFFFFFFFFFFFFC2
:100E4000FFFFFFFFFFFFFFFFFFFFFFFFFFFFFFFFB2
:100E5000FFFFFFFFFFFFFFFFFFFFFFFFFFFFFFFFA2
:100E6000FFFFFFFFFFFFFFFFFFFFFFFFFFFFFFFF92
:100E7000FFFFFFFFFFFFFFFFFFFFFFFFFFFFFFFF82
:100E8000FFFFFFFFFFFFFFFFFFFFFFFFFFFFFFFF72
:100E9000FFFFFFFFFFFFFFFFFFFFFFFFFFFFFFFF62
:100EA000FFFFFFFFFFFFFFFFFFFFFFFFFFFFFFFF52
:100EB000FFFFFFFFFFFFFFFFFFFFFFFFFFFFFFFF42
:100EC000FFFFFFFFFFFFFFFFFFFFFFFFFFFFFFFF32
:100ED000FFFFFFFFFFFFFFFFFFFFFFFFFFFFFFFF22
:100EE000FFFFFFFFFFFFFFFFFFFFFFFFFFFFFFFF12
:100EF000FFFFFFFFFFFFFFFFFFFFFFFFFFFFFFFF02
:100F0000FFFFFFFFFFFFFFFFFFFFFFFFFFFFFFFFF1
:100F1000FFFFFFFFFFFFFFFFFFFFFFFFFFFFFFFFE1
:100F2000FFFFFFFFFFFFFFFFFFFFFFFFFFFFFFFFD1
:100F3000FFFFFFFFFFFFFFFFFFFFFFFFFFFFFFFFC1
:100F4000FFFFFFFFFFFFFFFFFFFFFFFFFFFFFFFFB1
:100F5000FFFFFFFFFFFFFFFFFFFFFFFFFFFFFFFFA1
:100F6000FFFFFFFFFFFFFFFFFFFFFFFFFFFFFFFF91
:100F7000FFFFFFFFFFFFFFFFFFFFFFFFFFFFFFFF81
:100F8000FFFFFFFFFFFFFFFFFFFFFFFFFFFFFFFF71
:100F9000FFFFFFFFFFFFFFFFFFFFFFFFFFFFFFFF61
:100FA000FFFFFFFFFFFFFFFFFFFFFFFFFFFFFFFF51
:100FB000FFFFFFFFFFFFFFFFFFFFFFFFFFFFFFFF41
:100FC000FFFFFFFFFFFFFFFFFFFFFFFFFFFFFFFF31
:100FD000FFFFFFFFFFFFFFFFFFFFFFFFFFFFFFFF21
:100FE000FFFFFFFFFFFFFFFFFFFFFFFFFFFFFFFF11
:100FF000FFFFFFFFFFFFFFFFFFFFFFFFFFFFFFFF01
:10100000D10020434D1600600000000000000000E9
:101010002010006000100060006405600000000007
:10102000000000600070050000000000FFFFFFFFEF
:10103000FFFFFFFFFFFFFFFFFFFFFFFFFFFFFFFFC0
:10104000FFFFFFFFFFFFFFFFFFFFFFFFFFFFFFFFB0
:10105000FFFFFFFFFFFFFFFFFFFFFFFFFFFFFFFFA0
:10106000FFFFFFFFFFFFFFFFFFFFFFFFFFFFFFFF90
:10107000FFFFFFFFFFFFFFFFFFFFFFFFFFFFFFFF80
:10108000FFFFFFFFFFFFFFFFFFFFFFFFFFFFFFFF70
:10109000FFFFFFFFFFFFFFFFFFFFFFFFFFFFFFFF60
:1010A000FFFFFFFFFFFFFFFFFFFFFFFFFFFFFFFF50
:1010B000FFFFFFFFFFFFFFFFFFFFFFFFFFFFFFFF40
:1010C000FFFFFFFFFFFFFFFFFFFFFFFFFFFFFFFF30
:1010D000FFFFFFFFFFFFFFFFFFFFFFFFFFFFFFFF20
:1010E000FFFFFFFFFFFFFFFFFFFFFFFFFFFFFFFF10
:1010F000FFFFFFFFFFFFFFFFFFFFFFFFFFFFFFFF00
:10110000FFFFFFFFFFFFFFFFFFFFFFFFFFFFFFFFEF
:10111000FFFFFFFFFFFFFFFFFFFFFFFFFFFFFFFFDF
:10112000FFFFFFFFFFFFFFFFFFFFFFFFFFFFFFFFCF
:10113000FFFFFFFFFFFFFFFFFFFFFFFFFFFFFFFFBF
:10114000FFFFFFFFFFFFFFFFFFFFFFFFFFFFFFFFAF
:10115000FFFFFFFFFFFFFFFFFFFFFFFFFFFFFFFF9F
:10116000FFFFFFFFFFFFFFFFFFFFFFFFFFFFFFFF8F
:10117000FFFFFFFFFFFFFFFFFFFFFFFFFFFFFFFF7F
:10118000FFFFFFFFFFFFFFFFFFFFFFFFFFFFFFFF6F
:10119000FFFFFFFFFFFFFFFFFFFFFFFFFFFFFFFF5F
:1011A000FFFFFFFFFFFFFFFFFFFFFFFFFFFFFFFF4F
:1011B000FFFFFFFFFFFFFFFFFFFFFFFFFFFFFFFF3F
:1011C000FFFFFFFFFFFFFFFFFFFFFFFFFFFFFFFF2F
:1011D000FFFFFFFFFFFFFFFFFFFFFFFFFFFFFFFF1F
:1011E000FFFFFFFFFFFFFFFFFFFFFFFFFFFFFFFF0F
:1011F000FFFFFFFFFFFFFFFFFFFFFFFFFFFFFFFFFF
:10120000FFFFFFFFFFFFFFFFFFFFFFFFFFFFFFFFEE
:10121000FFFFFFFFFFFFFFFFFFFFFFFFFFFFFFFFDE
:10122000FFFFFFFFFFFFFFFFFFFFFFFFFFFFFFFFCE
:10123000FFFFFFFFFFFFFFFFFFFFFFFFFFFFFFFFBE
:10124000FFFFFFFFFFFFFFFFFFFFFFFFFFFFFFFFAE
:10125000FFFFFFFFFFFFFFFFFFFFFFFFFFFFFFFF9E
:10126000FFFFFFFFFFFFFFFFFFFFFFFFFFFFFFFF8E
:10127000FFFFFFFFFFFFFFFFFFFFFFFFFFFFFFFF7E
:10128000FFFFFFFFFFFFFFFFFFFFFFFFFFFFFFFF6E
:10129000FFFFFFFFFFFFFFFFFFFFFFFFFFFFFFFF5E
:1012A000FFFFFFFFFFFFFFFFFFFFFFFFFFFFFFFF4E
:1012B000FFFFFFFFFFFFFFFFFFFFFFFFFFFFFFFF3E
:1012C000FFFFFFFFFFFFFFFFFFFFFFFFFFFFFFFF2E
:1012D000FFFFFFFFFFFFFFFFFFFFFFFFFFFFFFFF1E
:1012E000FFFFFFFFFFFFFFFFFFFFFFFFFFFFFFFF0E
:1012F000FFFFFFFFFFFFFFFFFFFFFFFFFFFFFFFFFE
:10130000FFFFFFFFFFFFFFFFFFFFFFFFFFFFFFFFED
:10131000FFFFFFFFFFFFFFFFFFFFFFFFFFFFFFFFDD
:10132000FFFFFFFFFFFFFFFFFFFFFFFFFFFFFFFFCD
:10133000FFFFFFFFFFFFFFFFFFFFFFFFFFFFFFFFBD
:10134000FFFFFFFFFFFFFFFFFFFFFFFFFFFFFFFFAD
:10135000FFFFFFFFFFFFFFFFFFFFFFFFFFFFFFFF9D
:10136000FFFFFFFFFFFFFFFFFFFFFFFFFFFFFFFF8D
:10137000FFFFFFFFFFFFFFFFFFFFFFFFFFFFFFFF7D
:10138000FFFFFFFFFFFFFFFFFFFFFFFFFFFFFFFF6D
:10139000FFFFFFFFFFFFFFFFFFFFFFFFFFFFFFFF5D
:1013A000FFFFFFFFFFFFFFFFFFFFFFFFFFFFFFFF4D
:1013B000FFFFFFFFFFFFFFFFFFFFFFFFFFFFFFFF3D
:1013C000FFFFFFFFFFFFFFFFFFFFFFFFFFFFFFFF2D
:1013D000FFFFFFFFFFFFFFFFFFFFFFFFFFFFFFFF1D
:1013E000FFFFFFFFFFFFFFFFFFFFFFFFFFFFFFFF0D
:1013F000FFFFFFFFFFFFFFFFFFFFFFFFFFFFFFFFFD
:10140000814205D051F8043B40F8043B8242F9D8B0
:10141000704700BF044A05494FF0000342F8043BFF
:101420009142FBD8704700BFDCA8002000140120C7
:101430002DE98848BFF34F8F00BF00BF00BF00BF3A
:1014400020F06CFB684B0822C3F8542100BF00BF9A
:1014500000BF00BF00BF00BF00BF00BF00BF00BF94
:1014600000BF00BF00BF00BF00BF00BF5F4A6049B0
:101470006048FFF7C5FF604A60496148FFF7C0FF59
:10148000604CFFF7C7FF4FF470004FF0E0210023DE
:101490005D4AC1F8880D44F823200133B02BFAD1FE
:1014A0005A4B80215A4A03F8011B9342FBD14FF05B
:1014B000E0254D4E4FF08039DFF884B1DFF884A18C
:1014C0004FF0FF31C5F8084D0027C6F80491C6F863
:1014D00000B1C6F8F490C6F8F0A0D5F8243DDFF8C6
:1014E000688143F4E0234B4AC5F8243DD8F81C300A
:1014F00023F07F0343F04003C8F81C30D8F82430B1
:1015000023F07F0343F04003C8F824309166D1668E
:101510001167516720F00AFB3F4B4049A363404BE2
:10152000E36363236B610323AF612B613D4BC5F81C
:10153000203DD5F8FC3D43F08073C5F8FC3D3A4BA7
:101540001A6842F001021A605B680B6020F038FDF7
:10155000C6F804913548C6F800B1C6F8F490C6F84C
:10156000F0A020F0D1FED8F86C10314B314A41F494
:101570004051C8F86C101F60C3F80871C3F81871A7
:10158000C3F82871C3F83871936BDB0708D442F6AF
:101590001563294951651365936B43F00103936308
:1015A000244A264C936843F00113936020F046FBD5
:1015B00020F08AFA20F070FE20F030FD20F0B0FA22
:1015C0002368132BFCD920F0C1FD2368B3F5967F67
:1015D000FBD320F0A9FA20F0A5FA20F079FE20F044
:1015E0006FFE30BFFDE700BF00800D4078CA0100EC
:1015F00078EE026000000000C0820020F4B80460B1
:101600000000002000800020A516010000E400E09A
:10161000A0E400E000C00A4005F3000048130120E8
:1016200009F3000000002020001000E00046C32362
:101630000040084000400D400000C0564C130120FF
:101640001B1018200C0D111300C00F40054B4FF458
:101650002A01054A05485A641864054A9963954663
:10166000FFF7E6FE00C00A40FFAAAAAA0700200072
:10167000000006204FF48C72002120F019BE00BF3C
:1016800018B14FF48C7110F007BC7047C02A2DE9D7
:10169000F04131D0B2F5807F05D0802A2AD06FF09A
:1016A0001F00BDE8F0810E260346570904460022BC
:1016B00043F8086B44F8043F8B78013291F801E05D
:1016C00004311B0411F804CC11F8015CBA4243EA5E
:1016D0000E2343EA0C0343EA056344F8043FEBD3CB
:1016E0000C2E0BD00E2E4BD00A2E00F0A88000201E
:1016F000BDE8F0810A26D7E70C26D5E76C4A01251C
:10170000944602F11C0E01E05CF8045FC4691830D5
:1017100050F8081CE645C4F3072302EB1466134493
:1017200096F8286093F8283043EA064350F8106C86
:1017300083EA060352FA84F696F8286083EA066381
:10174000C4F30746164496F8286083EA062383EA22
:10175000050350F80C5C83EA0505836050F8043CEF
:1017600081EA0501C560016181EA03030168436103
:1017700083EA010384EA0304C0E90634C4D1B6E76E
:101780004B4A0126944602F1180E01E05CF8046F02
:10179000446AE645C4F3072102EB1467114497F845
:1017A000287091F8281041EA0741876881EA07010B
:1017B00052FA84F797F8287081EA0761C4F3074763
:1017C000174497F8287081EA0721D0E9035381EA8A
:1017D000060185EA01058162416983EA0503C56264
:1017E0008569036383EA010352FA83F1436391F845
:1017F000281081EA050102EB136595F8285081EA6B
:101800000561C3F30725C3F307431544134495F853
:10181000286093F8285081EA062383EA0543D0E93B
:101820000751836300F1200085EA030581EA050181
:10183000C56184EA0104C0E90814A7D157E71C4A2E
:101840004FF0010E144602F1240C01E054F804EFAD
:101850004169A4450669C1F3072302EB11681344EB
:1018600098F8288093F82830D0E9025743EA0843D3
:1018700052FA81F800F1100083EA050398F8285025
:1018800083EA0563C1F30745154495F8285083EAB8
:10189000052383EA0E0387EA0307836086EA0706C7
:1018A000C76081EA0601C0E90461CFD11FE700BF2C
:1018B000602302602DE9F04FC9B0054616460C467C
:1018C0004FF48C72002102A820F0F2FC05F108030D
:1018D0003246214602A86B60FFF7D8FE80460028FA
:1018E00068D1029B05F1180A039A4FEA031B591E9F
:1018F00002EB03192B6052F80B300029A9F11009F3
:101900000E46AB60D9F814300191EB60D9F818306D
:101910002B61D9F81C306B613CDD28354F462A4AD3
:10192000A5F1100E3C1F54F8043F02EB136C52FA61
:1019300083F19CF828C091F8281002EB8C0C02EB84
:101940008101DCF82805C3F3072CC3F30743D1F862
:1019500028119444134441409CF828C093F828303F
:1019600002EB8C0C02EB8303DCF82809D3F8283D4A
:10197000414059404EF8041BAE45D4D1013EA7F179
:1019800010070EF11005CBD1019BCBF1100B0AEB28
:10199000031AD944D9F80030CAF80030D9F8043015
:1019A000CAF80430D9F80830CAF80830D9F80C3031
:1019B000CAF80C3002A84FF48C7110F06DFA404652
:1019C00049B0BDE8F08F00BF60230260D0E900039A
:1019D0002DE9F04F401087B04F68441E03921868FD
:1019E0000A68002CD1F8089082EA00025868C96899
:1019F00087EA00079868049489EA0009D86881EAB0
:101A0000000103F11000029040F32E8203F1300C2C
:101A1000A346EA4B4E46D0B25CF8204C0D0EBBF10B
:101A2000010B03EB80000CF1200C5FFA87FE006BCA
:101A300003EB850503EB8E0ED5F8305480EA0400E5
:101A4000DEF830905FFA81FE80EA0500C7F30725D3
:101A500003EB8E0E03EB8505DEF830404FEA126E85
:101A6000D5F8305803EB8E0E019480EA0500C6F3DA
:101A70000745DEF830A44FEA176E03EB85055CF8E6
:101A80003C4C03EB8E0EC7F30747D5F8305C89EA70
:101A90000404DEF830844FEA166E80EA0500F5B2E1
:101AA000C6F3072684EA0A0403EB850503EB8606E2
:101AB0002D6B03EB8E0ED6F8306803EB8707DEF84C
:101AC00030E484EA06095CF8386C019C85EA060576
:101AD0005CF8346CD7F8307C86EA040685EA0805A1
:101AE00086EA0E06C1F3072EC1F3074103EB8E0E03
:101AF00003EB8101DEF830E8D1F8301C85EA0E05F1
:101B000089EA0104C2F30721C2F3074203EB810112
:101B1000C4F3072E03EB8202D1F8301803EB8E0ECC
:101B2000D2F8302C81EA0601DEF8306885EA020539
:101B3000C2B281EA070103EB82024FEA1167126B1E
:101B40005FFA81F803EB870703EB8808D7F8307456
:101B500082EA07025CF8307C82EA0702C5F3074795
:101B600082EA0602E6B203EB870703EB8606D7F8A4
:101B700030EC376B4FEA106682EA0E0203EB860602
:101B8000D6F8306487EA06075CF82C6C87EA06070B
:101B9000C5F3072603EB8606D6F8306887EA060702
:101BA000C1F30746C1F3072103EB860603EB81016E
:101BB000D6F8306C87EA0607EEB24FEA156503EBFC
:101BC000860603EB850E4FEA1465366BD1F83018A4
:101BD000C4F3074403EB8505D8F8308003EB840495
:101BE000D5F83054D4F8304C86EA05065CF8285C09
:101BF00086EA0506DEF8305486EA0106C0F307419E
:101C0000C0F3072088EA050503EB810103EB8000A0
:101C1000D1F8301CD0F8300886EA01065CF8241CA4
:101C200081EA050181EA000181EA04017FF4F3AE53
:101C30000298B146049C00EB44100290F8B2140ED6
:101C400003EB800003EB8404006B4FEA1965D4F8C2
:101C500030444FEA116C03EB850560405FFA89F46C
:101C6000D5F8305403EB8C0C03EB8404266B3C0E4C
:101C700003EB8404D4F830446640CCB203EB840414
:101C8000246B6C40D5B203EB8505D5F830E0DCF869
:101C90003054C9F3072CC9F307498EEA0505C1F38F
:101CA000072EC1F3074103EB8C0C03EB890903EB0F
:101CB0008101DCF830A8D9F830CC03EB8E0ED1F8D6
:101CC000309CC2F30721C2F30742DEF8308803EBF1
:101CD000810103EB8202D1F83018D2F830EC029A7D
:101CE00052685040029A926880EA0A005640029A6E
:101CF00080EA0900D26886EA08065440C7F3072242
:101D0000C7F3074786EA0E0603EB82024C4003EB5B
:101D10008703D2F83028D3F8303C5C40029B1B6824
:101D20005D40274B5540C0F3072203EB166A1A4467
:101D300085EA0C0592F828C0C6F307421A4492F8C7
:101D40002890C6F307221A4492F82810C4F30742D9
:101D500004911A4403EB146192F8287053FA85F247
:101D600091F828E053FA80F1059703EB106792F899
:101D70002820C0F3074091F828B003EB1561184400
:101D800091F8281090F82800019153FA86F1029EEC
:101D900091F8288053FA84F13669C4F3072491F846
:101DA000281072401C4482EA0E6282EA0C2282EA07
:101DB0000946029A52698BEA020B03E0583402602A
:101DC00060230260019A8BEA026B049A8BEA022B71
:101DD000059A8BEA024B029A926988EA020897F800
:101DE000282088EA0268029AD26951409AF828208D
:101DF00081EA026194F82820039C88EA0228C5F34E
:101E00000722C5F3074526701A4484F804B02B4412
:101E100092F8282093F8283081EA0221320A88EAD1
:101E200003436270320C81EA00412372A2704FEAD0
:101E30001B22180C217362714FEA1B42360EA271ED
:101E40004FEA1B6B1A0AE6701B0E84F807B0627229
:101E50000A0AA0720020E3720B0C090E6273A373CE
:101E6000E17307B0BDE8F08F004BE7E6583402603D
:101E70002DE9F0470A9F984681461C68DDE9086510
:101E8000A1B172B105EB020A4CB3325D631C15F8C7
:101E9000011B4A40554507F8012B325503F00F044A
:101EA000F2D10020C8F80040BDE8F087002AF8D041
:101EB00005EB020A6CB1325D611C15F8013B5A401A
:101EC000554507F8012B335501F00F04E9D0002CDC
:101ED000F1D1324631464846FFF778FDEBE732460E
:101EE00031464846FFF772FDCFE700BF2DE9F043CA
:101EF00087B00E9DCAB31C460F9B05EB02088146B6
:101F00000F4601355E1C16E08DF8142006F8013CE2
:101F1000DDF805C06B1CDDF809004545DDF80D1046
:101F200006F10106DDF811201D46C4F800C060600E
:101F3000A160E26019D020680DF1040C6168A2680C
:101F4000E368ACE80F00224621464846FFF73EFD15
:101F500015F8012C23785340002FD5D0012F06F817
:101F6000013C08BF8DF81430D2E7002007B0BDE86F
:101F7000F08300BF2DE9F84F92460A9ADAF8005034
:101F80000F2DDDE90B6727D879B18346984606EB1C
:101F900001097DB1535D013516F8011B05F00F05F0
:101FA0004B40B14507F8013BF3D10020CAF800507F
:101FB000BDE8F88F414658460A92FFF707FD08F141
:101FC00010030A9A13F8014D0134E4B21C70002C7E
:101FD000E0D19845F6D1DDE76FF02000E8E700BFDB
:101FE0002DE9F04F85B08E68D1F80C800292D0E9CF
:101FF0000023086852105C68551E1A6850404A68F1
:102000009968002D82EA0402039586EA0106D968E0
:1020100088EA010803F11001019140F3348203F1D1
:10202000300EAB46ED4B0092009AC4B25EF8201C15
:10203000BBF1010B4FEA12650EF1200E03EB840495
:1020400003EB8505D4F82841D7B2D5F8285584EAA2
:10205000010403EB870784EA0504C8F30725D7F8D2
:1020600028115FFA88F703EB850503EB8707D5F89E
:102070002859D7F8287184EA0504C6F307453A467B
:102080004FEA166703EB850503EB8707D5F8285D54
:10209000D7F828A584EA0504F5B2C6F3072603EBB2
:1020A000850503EB8606D5F82851D6F828C94FEAEE
:1020B0001866C8F3074803EB860603EB8808D6F8D2
:1020C00028954FEA1066D8F8287D03EB8606D6F8E7
:1020D00028855EF83C6C81EA06015EF8386C85EA7A
:1020E00006055EF8346C81EA0A0186EA0206009A67
:1020F00085EA090586EA080686EA0C06C0F3072C7D
:10210000C0F3074003EB8C0C03EB8000DCF828C91C
:1021100081EA0C01D0F828CDC2F30720C2F30742B0
:1021200081EA070103EB800003EB8202D0F8280963
:10213000D2F8287D4FEA116285EA0005E0B287EA0D
:10214000060703EB820203EB800085EA0C05D2F858
:102150002825C7F3072CD0F82801C5F3074603EB61
:102160008C0C80EA02005EF8302C80EA020003EB5F
:102170008602DCF828694FEA176CD2F8282D80EA2D
:1021800006004FEA156603EB8C0C80EA0200CAB227
:1021900003EB860603EB8202D6F82865D2F82821E5
:1021A00082EA06025EF82C6C82EA0602C4F3072675
:1021B00003EB8606D6F8286982EA0602C7F30746CB
:1021C000FFB203EB860603EB8707D6F8286D82EA99
:1021D0000602EEB2C5F3072503EB86060092DCF893
:1021E00028C503EB8505D6F82861D7F8288186EA4B
:1021F0000C064FEA146CC4F307445EF8282C03EB7A
:102200008C0CD5F8285903EB840486EA0206DCF826
:10221000287588EA0708D4F8287DC1F30724C1F39C
:10222000074103EB840403EB8101D4F82849D1F87A
:10223000281D86EA04065EF8244C88EA040886EA2B
:10224000070688EA050888EA01087FF4EDAE039CDA
:10225000DDE9002101EB44110191C1B2C6F3072A67
:102260004FEA166C03EB810103EB8C0CD1F828517B
:10227000110E03EB8A0A03EB8101D1F828154D40BA
:10228000F1B2C6F3074603EB8101D1F828414FEACA
:10229000186103EB8101D1F828154C405FFA88F1F1
:1022A00003EB8101D1F82871010E03EB8101D1F814
:1022B00028154F40D1B203EB8101D1F828E1DCF8B9
:1022C0002815C8F3072CC8F307488EEA010B0199BB
:1022D000C2F3072EC2F3074203EB8C0C096803EB31
:1022E000880803EB8E0EDCF8289903EB8202D8F8FD
:1022F00028CD4D40DEF82889D2F828ED03EB860280
:10230000019985EA0905D2F8282DDAF8286955409F
:102310008A685440CA685740C0F30722C0F3074098
:1023200084EA080403EB8202774003EB800387EA28
:102330000E07D2F82829D3F8280D4B6860408BEAA5
:102340000301274B5140C7F307221A4481EA0C01CD
:1023500003EB176C12F8C8ECC0F3074203EB1164EF
:102360001A4414F8C88C53FA81F412F8C89CC5F3C7
:10237000072214F8C8BC03EB10641A4414F8C8AC64
:1023800053FA80F412F8C82CC0F307200092C7F368
:10239000074253FA87F718441A4412F8C86C53FAE4
:1023A00085F2039612F8C82C14F8C86C019C17F833
:1023B000C87C246910F8C80C624082EA086282EA8C
:1023C0000E2282EA0944019A52698BEA020E009AAF
:1023D0008EEA0A6E8EEA022E039A03E06023026000
:1023E000504502608EEA024E019A926956401CF8EE
:1023F000C82C86EA0266019AD2695740029A147084
:1024000082F804E0C1F30722C1F307411A441944DA
:1024100012F8C82C86EA022211F8C86C03EB156189
:10242000C5F3074511F8C81C2B4487EA016113F86E
:10243000C83C81EA0021029882EA0343220A81EA29
:10244000064103724270220C240E017382704FEA1F
:102450001E22C470044642714FEA1E424FEA1E6EAD
:1024600082711A0A80F807E04272180C1B0E0A0AE1
:10247000A072E37200200B0C6273090EA373E17368
:1024800005B0BDE8F08F014BE7E600BF60230260B6
:102490008C4611461A46BCF1010F01D0FFF7A0BDD2
:1024A000FFF794BA2DE9F047140784B0DDE90C8AF0
:1024B0006AD106460C461D4699BB72B30AF10F0A53
:1024C0005F1E02EB0A09D8F80000EC46D8F80410A9
:1024D000D8F80820D8F80C30ACE80F00AAF10F02A9
:1024E00041463046FFF77CFDAAF110023B4612F848
:1024F000011F13F8010F924581EA00011170F6D116
:10250000EC460AF1100A08F11008D145BCE80F00AA
:1025100028606960AA60EB60D5D1002004B0BDE8F6
:10252000F087002AF9D008F10F085F1E02EB0809B6
:10253000A8F1100339460AF1FF3213F801CF11F860
:10254000010F43458CEA000C02F801CFF5D1012CB4
:1025500052465146304614D0FFF742FD08F11008AC
:10256000DAF80000DAF804100AF1100A5AF8082C18
:10257000C1455AF8043C28606960AA60EB60D7D175
:10258000CBE7FFF723FAE9E76FF02100C6E700BFCA
:10259000FFF71CBAFFF724BD2DE9F04FF7B020225A
:1025A000002183460DF1600A20ACDFF848935046C5
:1025B0001FF07EFE00214FF48C7230A888461FF079
:1025C00077FE4FEA680708F00106BD1CAD01BBF1BC
:1025D000000F08D0B84A2946B84B4846002E18BF0D
:1025E0001A461FF09DFE00232A46514630A8C4E932
:1025F0000033C4E90233002E40F05881FFF75AF946
:10260000AF4B03EB071710F1230F40F02E81C02DC5
:1026100040F02B81AB481FF08FFE08F10108B8F1A4
:10262000060FCED1BBF1000F40F096810023CDF80C
:1026300010B00DF120090CAD9B464FEA6B07049BCF
:102640000BF00108BE1CB6014BB19B4A31469B4BB7
:102650009D48B8F1000F18BF1A461FF061FE002315
:102660003246514630A8C9E90033C9E90233C5E909
:102670000033C5E90233C4E90033C4E90233B8F1D9
:10268000000F00F03981FFF701F8904B10F1230F94
:1026900003EB0713059340F03981C02E40F03681DB
:1026A00088481FF049FE0BF1010BBBF1060FC4D1A6
:1026B000DDF810B0BBF1000F40F07481844B0027AF
:1026C000A3F5807304937D1007F00108AE1CB601DA
:1026D000BBF1000F09D0794A3146774B7D48B8F1FC
:1026E000000F08BF1A461FF01BFE7B4B0FCB89E87B
:1026F0000F00774BF208504603EB45111FF020FE08
:1027000000233246514630A80793FEF7BFFF10F171
:10271000230F02D1C02E00F02381002840F0C48096
:10272000B8F1000F40F024816C4BA44603EB8515F3
:1027300005F5CC76049D0FCEACE80F000FCEACE8CB
:102740000F000FCEACE80F0096E80F008CE80F00EA
:10275000414607AB402230A8CDF80090CDE90144B6
:10276000FFF786FB002840F09F8029464022204644
:102770001FF0BEFD002840F08980BBF1000F40F043
:102780000D810137062F9ED1BBF1000F40F035813E
:10279000524B002710AE03F5317304937D1007F000
:1027A0000109BBF1000F08D04349444B4C48B9F133
:1027B000000F18BF19461FF0B3FD484B494A03EB01
:1027C000051302EB051C002203F5167307920FCBCD
:1027D00086E80F009CE80F008AE80F00802251462F
:1027E00030A8FEF753FF0346002850D13B4B05EBC2
:1027F0004501204603EB85030D01D3F8B88242461C
:10280000B9F1000F40F0D280049B03EB01111FF0DF
:1028100097FD354B1D4414AB07AA414630A80093E1
:102820003346CDE90144FFF7A5FB034678BB42469A
:10283000294620461FF05CFD034638BBBBF1000F64
:1028400040F0BC800137062FA8D1BBF1000F40F04B
:10285000EF805B4630A84FF48C7104930FF01CFBA3
:10286000049B184677B0BDE8F08FE8B942F21075C6
:102870002246214630A89EB9FFF7B2FBA0B9013D20
:10288000F6D122683B689A4200F09E800123BBF19A
:10289000000FDFD0154804931FF04EFD049BD9E7CD
:1028A000FFF794F80028EAD00346F0E7FEF7EEFEC3
:1028B0000F4B03EB0717A6E6D0310020D4310020E0
:1028C000C8450260F0310020003200205846026006
:1028D00088460260183200208C1C0020504502609F
:1028E00030320020D8470260A448026048320020FD
:1028F000F8450260D8310020FEF7DCFF4F4B10F1A5
:10290000230F03EB071305933FF4C7AE60BB42F2FE
:10291000107714AEB8F1000F0BD095E80F0086E8E1
:102920000F0094E80F0085E80F0096E80F0084E898
:102930000F004B461022414630A8CDE90044FFF776
:10294000B1FD88B9013FE5D1059B22681B689A4219
:1029500057D0DDF810B099E70A201FF0ADFC65E60E
:1029600037481FF0E9FC0CE70346DDF810B08EE7AE
:10297000DFF8DCE0A446334DBEE80F00ACE80F0002
:10298000BEE80F00ACE80F00BEE80F00ACE80F0097
:102990009EE80F0035448CE80F00D9E62A481FF066
:1029A000CBFCEEE60A201FF087FC87E6274B03EB03
:1029B00001111FF0C5FC049B1D442CE70590224823
:1029C0001FF0BAFC059B3DE77B680437219A9A42C9
:1029D0007FF45CAF229A57F8043F9A427FF456AFD7
:1029E0007A68239B93427FF451AFBBF1000F3FF411
:1029F00014AE15481FF0A0FC0FE60A201FF05CFC87
:102A0000C6E6059B21995A6804339142A1D12299C7
:102A100053F8042F91429CD15B68239A9A4298D133
:102A2000049B002B3FF43FAE07481FF085FC3AE6BD
:102A30000A2004931FF040FC049B0BE72846026029
:102A4000F031002068460260F8310020A44802609E
:102A500050320020036830B4CD1A002D3FDD93F9C9
:102A600000C01C78BCF1000F09DB5D1C05601C7800
:102A70001460491BA14232D3002030BC704704F0DF
:102A80007F04013C032C2DD8DFE804F022180B0250
:102A9000042D24DDD3F801405D1D24BA14600560C7
:102AA000E7E7032D1BDD9C785D78240244EA0544AA
:102AB000DD782C431D1D14600560DAE7022D0EDD64
:102AC000B3F80140DD1C64BAA4B214600560D0E71D
:102AD000012D04D05C789D1C14600560C9E76FF07F
:102AE0005F00CAE76FF06300C7E700BF10B5046876
:102AF000A1EB040EBEF1000F0CDD94F800E09E4542
:102B000005D101340460BDE81040FFF7A3BF6FF0AA
:102B1000610010BD6FF05F0010BD00BF0368A1EB46
:102B2000030CBCF1000F1FDD30B515461A7883B0D9
:102B3000012A13D1013301AA04460360FFF78AFF7B
:102B400050B9019B012B0CD1236813F8012B003ADB
:102B500018BF01222A60236003B030BD6FF061000E
:102B6000FAE76FF06300F7E76FF05F00704700BFB0
:102B7000036830B51546CA1A83B0002A25DD1A78D5
:102B8000022A1CD1013301AA04460360FFF762FF49
:102B900098B9019A531E032B14D8236893F9001097
:102BA00000290FDB1A440146286013F801CB4CEAD8
:102BB0000121934229602360F7D103B030BD6FF04B
:102BC0006100FAE76FF06300F7E76FF05F00F4E78A
:102BD0000368A1EB030CBCF1000F28DD93F800C0E3
:102BE000BCF1030F1AD1013370B5036004460E46E1
:102BF000FFF730FF88B91368154693B12268591E54
:102C000029601178072929710ED813440132B34283
:102C1000AA60236018BF6FF0650070BD6FF061009F
:102C200070476FF05F0070BD6FF0630070BD6FF0B4
:102C30005F00704738B50368A1EB030CBCF1000FCF
:102C40001DDD93F800C0BCF1030F15D1013304461C
:102C50000360FFF7FFFE58B913681546012B03F117
:102C6000FF322A6005D923685A1C22601B7803B9F9
:102C700038BD6FF0670038BD6FF0610038BD6FF090
:102C80005F0038BD2DE9F04798460368174682B0CB
:102C9000CA1A002A46DD1A78302A2ED1013301AA39
:102CA00006460D460360FFF7D5FE814638BB346803
:102CB000019B23449D422AD107F1040A0BE0C6F888
:102CC00000E0FFF7C7FE80BB33687C68BB601C4434
:102CD000AC4234601ED3A54204F1010EA5EB0403FF
:102CE0005246294630460ED994F800C0002BC7F84A
:102CF00000C017DD23789845E1D06FF061094846A0
:102D000002B0BDE8F0874FF00003FB60F7D06FF032
:102D10006509F4E7102101201FF0E6FAF86030B1F0
:102D20000746C9E76FF05F09E9E78146E7E76FF01B
:102D30006909E4E70368A1EB030CBCF1000F1ADD9D
:102D400070B515461A7882B0022A11D1013301AA52
:102D500004460360FFF77EFE40B9019E28462168C5
:102D6000324601F00DF923683344236002B070BD90
:102D70006FF06100FAE76FF05F0070472DE9F041F6
:102D80000468984682B00B1B002B50DD2378302B53
:102D90004AD10134174601AA054604600E46FFF7E2
:102DA00059FE0446002836D12C68361B002E3EDD25
:102DB00023783A4642F8043B019B002B04EB0306C0
:102DC00035DD2378062B2FD10134314628462C607F
:102DD000FFF740FE0446F0B92A687968BA605318D4
:102DE000B3422B601BD0515C01334246284642F867
:102DF000041B31462B60FFF72DFE044658B92B68A3
:102E0000D8F80420C8F808301344B3422B600CBF34
:102E100004466FF06504204602B0BDE8F0810C2145
:102E200040460FF039F8F6E76FF06104F3E76FF012
:102E30005F04F0E700B5002385B0CDE901330393CB
:102E400001ABFFF79BFF40B9019B052B00D03BB9BD
:102E5000029B002B18BF6FF0670005B05DF804FB04
:102E60006FF06700F9E700BF70B5044670B10E4619
:102E7000154601E0A4694CB16368AB42FAD1A06881
:102E80002A4631461FF034FA0028F3D1204670BD9F
:102E900068B110B5044680681FF03AFA60691FF007
:102EA00037FA20462021BDE810400EF0F5BF7047EC
:102EB00038B5046894B10546A369A0682B601FF07B
:102EC00027FA60691FF024FA204620210EF0E4FF63
:102ED00020461FF01DFA2C68002CEDD138BD00BF34
:102EE0007F2A034630B40AD80468611A002967DDD6
:102EF000611E0120196004F8012C30BC7047006885
:102F0000FF2AA0EB01010ED8012959DD441E8121C1
:102F10001C6000F8012C1A68501E1860022002F88C
:102F2000011C30BC7047B2F5803F1DD3B2F1807FE9
:102F30002FD2032944DD411E196000F8012C100A2C
:102F40001968120C4C1E1C60832401F8010C04202B
:102F500019684D1E1D6001F8012C1A68511E196078
:102F600002F8014C30BC7047022929DD411E19606E
:102F700000F8012C120A1968481E1860032001F895
:102F8000012C82211A68541E1C6002F8011C30BCFE
:102F90007047042914DD411E196000F8012C100A45
:102FA00019684C1E1C6001F8010C100C1968120EF7
:102FB0004C1E1C60842401F8010C05201968C8E728
:102FC0006FF06B0099E700BF10B40468611A002924
:102FD00008DD0346611E0120196004F8012C5DF82C
:102FE000044B70476FF06B00F9E700BF10B51C464B
:102FF00003688B420CD3A3EB010CA44508D31B1B25
:1030000011462246036018461FF09AF9204610BD6B
:103010006FF06B0010BD00BFF8B5054610460C46BA
:10302000164600F0A7FF2B68A34237D3191B0746AB
:10303000814233D3191A02463046296001F008F85C
:103040000346C8B93268012A04D12A6892F90010EF
:10305000002913DB3A4621462846FFF741FF031EAD
:103060000ADB28687A1C011B002917DD411E134466
:103070000222296000F8012C1846F8BD111B002916
:103080000CDD511E01372960214602F8010C3A4639
:103090002846FFF725FF031EE3DAEDE76FF06B0329
:1030A000EAE700BF02680346501A002815DD002039
:1030B00010B4541E1C6002F8010C1A68511A8142A7
:1030C00008DD541E052102201C6002F8011C5DF879
:1030D000044B70476FF06B00F9E76FF06B007047BF
:1030E00070B5064600680D4681421ED81146421B47
:1030F0001C46934219D8C01A1A4630601FF020F9B6
:10310000201E11DB024629463046FFF7E9FE002863
:103110000ADB336801345D1B002D06DD591E204497
:103120003160062103F8011C70BD6FF06B0070BDAB
:1031300070B5049E04460D468EB90168481B0028F0
:1031400027DD481E206001F8016C2168481B00281B
:103150001FDD481E02262060052001F8010C2946CB
:103160002046FFF7BDFF002812DB06442946204613
:103170003246FFF7B5FE00280ADB236801365D1BE7
:10318000002D06DD5A1E30442260302203F8012C47
:1031900070BD6FF06B0070BD03460068A0EB010CC2
:1031A000BCF1000F21DD003A18BF012210B45242D9
:1031B000441E1C6000F8012C1A68501A002811DD0A
:1031C000501E4FF0010C186002F801CC1A68511A19
:1031D000002907DD511E0320196002F801CC5DF8BB
:1031E000044B70476FF06B00F9E76FF06B007047AE
:1031F000036870B50D46591A002929DD591E002AA9
:103200000446016003F8012C04DD036893F90020F3
:10321000002A13DB0126324629462046FFF760FECE
:1032200000280ADB236801365D1B002D10DD5A1EC5
:1032300030442260022203F8012C70BD5A1B002A80
:1032400006DD591E00220226016003F8012CE2E788
:103250006FF06B0070BD00BF70B5064600680D468C
:1032600081421ED81146421B1C46934219D8C01AEF
:103270001A4630601FF064F8201E11DB0246294612
:103280003046FFF72DFE00280ADB336801345D1B52
:10329000002D06DD591E20443160132103F8011C66
:1032A00070BD6FF06B0070BD70B5064600680D46CE
:1032B00081421ED81146421B1C46934219D8C01A9F
:1032C0001A4630601FF03CF8201E11DB02462946EA
:1032D0003046FFF705FE00280ADB336801345D1B2A
:1032E000002D06DD591E20443160162103F8011C13
:1032F00070BD6FF06B0070BD2DE9F04113F0070455
:10330000064600680F4618BF0124884204EBD30428
:1033100028D31D4604F10108431A434522D3001B5C
:1033200011462246C5EBC40530601FF009F833682A
:103330004246394603F1FF3C3046C6F800C003F868
:10334000015CFFF7CDFD00280ADB33680234DF1B88
:10335000002F07DD5A1E20443260032203F8012C9F
:10336000BDE8F0816FF06B00FAE700BF70B506466C
:1033700000680D4681421ED81146421B1C469342EE
:1033800019D8C01A1A4630601EF0DAFF201E11DB71
:10339000024629463046FFF7A3FD00280ADB3368C2
:1033A00001345D1B002D06DD591E204431600421CF
:1033B00003F8011C70BD6FF06B0070BD2DE9F04784
:1033C0000646006889461D461746DDF82080FFF74F
:1033D0004BFDC0B103690446434508D325B14246BD
:1033E000294660691EF0ACFF2046BDE8F0874146E3
:1033F00001201EF079FF064620B360691EF088FFA9
:10340000C4E90486EAE7202101201EF06DFF04468E
:10341000C0B14760394601201EF066FF8246A060B9
:10342000D0B13A4649461EF08BFF41460120C4F810
:1034300010801EF059FF0746606128B13368346080
:10344000A361CBE70024CFE750461EF061FF204682
:103450001EF05EFF3C46C7E7204654461EF058FF6C
:10346000C2E700BF2DE9F047DDF82090B9F1000F69
:1034700070D04C4DA5FB094525F0010808EB550817
:10348000B9EB080418BF012404EB5504B4F1804FD4
:1034900080F08180A4000134002878D08C4294BF51
:1034A00000210121002972D1B9F1020F6BD903F17A
:1034B000030E00F1040A3C4F1EF8036C73461EF81D
:1034C000025CD4461EF8014C4FEA061EB6100AF103
:1034D000040A0EF0300EBE5D0AF8086CAE0007EB71
:1034E000151515F80EE006F03C0507EB941604F0F0
:1034F0003F040AF807EC03F1030E755D0E46033135
:103500003C5D0AF8065C88450AF8054CD4D8894524
:1035100008D80023ACEB0001184611608CF800308D
:10352000BDE8F0870436B145197818D80B01891029
:1035300003F03003795CFB5C8CF800100CF10301A4
:103540008CF801303D238CF802303D238C460CF87A
:10355000013BDEE74846C2F80090BDE8F0870C0169
:103560005B78891004F03004795C8CF800109900C5
:1035700007EB13131B5D8CF8013001F03C030CF1D9
:103580000301FB5CDFE784460126074FCBE76FF0C2
:1035900029001460C4E74FF0FF336FF02900136077
:1035A000BEE700BFABAAAAAA344902602DE9F047E2
:1035B000089E9146002E00F09B800027554AB84691
:1035C000BC460CF1FF3E00249E441EF8015F202DF6
:1035D00004D10CF1010C01346645F6D8B4451ED077
:1035E000A6EB0C05012D13F80C5001D00D2D5FD06A
:1035F0000A2D0FD0002C64D13D2D66D02C0660D44E
:10360000154495F840407F2C5BD00FB13F2C58D922
:1036100008F101080CF1010C6645D2D86646B8F1F4
:10362000000F65D008F007024FEAD80802EB420409
:1036300008EB48086400C7EB4802073402EBD402E9
:1036400000285ED08A4294BF00210121002958D170
:103650004EB3013B03270D46DFF8B8E003EB060C41
:10366000DFF8B480064605E048FA02F2D20708D433
:103670009C4517D013F8014FA4F10A02D2B2162AC2
:10368000F2D97444013594F84020402A08BF013F24
:1036900002F03F02042D42EA8111E9D1E7B99C45CD
:1036A0003D46E7D1361A0020C9F80060BDE8F08732
:1036B0000CF1010E13F80EA0BAF10A0F0AD0002C7B
:1036C0009ED06FF02B00BDE8F0870137022FF8D8AD
:1036D00040249AE7F4469FE70A0C012F327015D078
:1036E0000A0A022F727009D0B17000250336BFE7B5
:1036F00000231846C9F80030BDE8F08702360025DF
:10370000B6E76FF02900C9F80020DCE70136002594
:10371000AEE700BF34490260F6FFBFFF10B540249A
:10372000A4B008BB284B03AA802104A80094FFF78B
:1037300099FEA8B9582204A924481EF0D9FD78B9E9
:103740005821224B03AA04A800918021FFF72EFFE5
:1037500030B9224604A91C481EF0CAFD044600B137
:103760000124204624B010BD19481EF0D9FD164B87
:1037700003AA802104A80094FFF774FEE0B9582240
:1037800004A912481EF0B4FDB0B912481EF0C8FDDD
:1037900058210E4B03AA009104A88021FFF706FFD1
:1037A00050B9224604A908481EF0A2FD044618B9E3
:1037B00009481EF0C1FDD4E7012408481EF0BCFDF5
:1037C000204624B010BD00BFF4490260344A0260B4
:1037D00094320020B8320020B0320020483200205D
:1037E00038B30023A2F1040CF0B59E465CF8045FE8
:1037F0000EF1010EEC1ACCF8004051F8046BB44203
:10380000A4EB06042CBF00270127CCF800409D4202
:103810002CBF3B467B1C7045E8D102EB80023BB1DC
:103820001168C81A99424FF0010342F8040BF7D30C
:10383000F0BD7047F0B50F2887B04FF00004844604
:1038400001930594CDE9022140F2D0808646AEF185
:10385000100E03980299059A019B50F8044B4FF003
:1038600000050E68E3FB0425B71845F1000241F896
:10387000047B50F8044B4FF000050E68E3FB042571
:10388000B71845F1000241F8047B50F8044B4FF0A3
:1038900000050E68E3FB0425B71845F1000241F866
:1038A000047B50F8044B4FF000050E68E3FB042541
:1038B000B71845F1000241F8047B50F8044B4FF073
:1038C00000050E68E3FB0425B71845F1000241F836
:1038D000047B50F8044B4FF000050E68E3FB042511
:1038E000B71845F1000241F8047B50F8044B4FF043
:1038F00000050E68E3FB0425B71845F1000241F806
:10390000047B50F8044B4FF000050E68E3FB0425E0
:10391000B71845F1000241F8047B50F8044B4FF012
:1039200000050E68E3FB0425B71845F1000241F8D5
:10393000047B50F8044B4FF000050E68E3FB0425B0
:10394000B71845F1000241F8047B50F8044B4FF0E2
:1039500000050E68E3FB0425B71845F1000241F8A5
:10396000047B50F8044B4FF000050E68E3FB042580
:10397000B71845F1000241F8047B50F8044B4FF0B2
:1039800000050E68E3FB0425B71845F1000241F875
:10399000047B50F8044B4FF000050E68E3FB042550
:1039A000B71845F1000241F8047B50F8044B4FF082
:1039B00000050E68E3FB0425B71845F1000241F845
:1039C000047B50F8044B4FF000050E68E3FB042520
:1039D000B71845F1000241F8047B0592029103906B
:1039E000BEF10F0F3FF633AF0CF00F0CBCF1070F19
:1039F00068D9ACF1080C03980299059A019B50F81C
:103A0000044B4FF000050E68E3FB0425B71845F1A1
:103A1000000241F8047B50F8044B4FF000050E689B
:103A2000E3FB0425B71845F1000241F8047B50F888
:103A3000044B4FF000050E68E3FB0425B71845F171
:103A4000000241F8047B50F8044B4FF000050E686B
:103A5000E3FB0425B71845F1000241F8047B50F858
:103A6000044B4FF000050E68E3FB0425B71845F141
:103A7000000241F8047B50F8044B4FF000050E683B
:103A8000E3FB0425B71845F1000241F8047B50F828
:103A9000044B4FF000050E68E3FB0425B71845F111
:103AA000000241F8047B50F8044B4FF000050E680B
:103AB000E3FB0425B71845F1000241F8047B0592A9
:103AC00002910390BCF1000F15D003980299059A5A
:103AD000019B50F8044B4FF000050E68E3FB0425F2
:103AE000B71845F1000241F8047B0592029103905A
:103AF000BCF1010CE9D1029A059913680B4401212C
:103B000042F8043B0598834234BF0B4600230593DB
:103B1000F3D307B0F0BD00BF20B1002301228360C2
:103B2000C0E90023704700BF80B110B5044680682B
:103B300030B1616889000EF0AFF9A0681EF0E8FBB3
:103B400000230122A360C4E9002310BD704700BF19
:103B500042F21073994228D82DE9F04146680C468C
:103B600005468E4202D30020BDE8F08104212046A4
:103B70001EF0BAFB0746A8B1D5F80880B8F1000FCF
:103B80000BD0B600414632461EF0DAFB40463146C5
:103B90000EF082F9A8681EF0BBFB0020C5E90147C2
:103BA000BDE8F0816FF00F00DEE76FF00F007047A7
:103BB0002DE9F04146688E4230D9731E05468C4689
:103BC0002AD0826802EB860201E0013B24D052F841
:103BD000044D002CF9D001339C4564464FF004019C
:103BE00038BF1C4620461EF07FFB0746D0B1D5F8F3
:103BF0000880B8F1000F0AD0A20041461EF0A0FBD9
:103C00004046B1000EF048F9A8681EF081FB002084
:103C1000C5E90147BDE8F0810123DDE7BDE8F041DA
:103C2000FFF796BF6FF00F00F4E700BF884233D074
:103C30008A68F8B505460E4682B349684B1E1BD00C
:103C400002EB810201E0013B16D052F8044D002C3A
:103C5000F9D05C1C6A683368A2422B6012D22146FC
:103C60002846FFF775FF30B9A7003A46B168A86843
:103C70001EF066FB0020F8BD01246A683368A2428A
:103C80002B60ECD3121BA8680021A700920000EB68
:103C900084001EF00DFBE8E7002070470028EAD002
:103CA000806830B1696889000EF0F6F8A8681EF0E7
:103CB0002FFB002301221846AB60C5E90023F8BDA5
:103CC00010B5844684B000680B46DCF808200DF17E
:103CD000040EDCF804107446AEE807001868596852
:103CE0009A68CCF80000CCF80410CCF8082007CC77
:103CF000186059609A6004B010BD00BFF8B50D4659
:103D0000496804461646FFF723FF98BB73422268B2
:103D100046EA030C2B686E68CCF3C01CCCF1010E94
:103D200003FB0CF302FB0E33236086B1A268A96883
:103D3000043A043902EB860751F8043F52F8045F55
:103D400003FB0CF3BA4205FB0E331360F4D1616838
:103D5000B1420FD9A3686FF0404203EB81013244B6
:103D6000043903EB820353F8042F0EFB02F299424D
:103D70001A60F8D1F8BD00BF88423DD070B50E463C
:103D8000496804461546FFF7E3FE00B170BD61685F
:103D90003046FFF7DDFE0028F8D16A42236830681C
:103DA0002A436168C2F3C012C2F1010C03FB02F5A1
:103DB00003FB0CF300FB02332360336803FB0C535B
:103DC0003360B9B1A368B06803EB8106191F0438EA
:103DD000043E51F8043F50F8045F0CFB03F4B14279
:103DE00002FB03F305FB02440C60046804FB0C3384
:103DF0000360EED1002070BD00207047F8B5456823
:103E000004460F469DB18668AA00002130461EF088
:103E10004FFA002F87EAE771A268B4BF4FF0FF3373
:103E20000123A1EBE771002011602360F8BD04219C
:103E300001201EF059FA064660B1A06828B1294653
:103E40000EF02AF8A0681EF063FA01230422C4E9E8
:103E50000136DAE76FF00F00F8BD00BF4368B1EB41
:103E6000431F09D24A09836801F01F0153F8220059
:103E7000C84000F00100704700207047012A1FD899
:103E8000F8B543680C4615460646B1EB431F4FEAAA
:103E9000511704D392B1791CFFF75AFE68B904F0A8
:103EA0001F04B1680122002051F82730A540A2402C
:103EB00023EA02032B4341F82730F8BD1046F8BD32
:103EC0006FF00300704700BF10B54468CCB1836841
:103ED0000020A3F1040C86465CF8041F002203E0D6
:103EE000202A00F1010006D021FA02F3013213F07A
:103EF0000103F5D010BD0EF1010E7445ECD118464A
:103F000010BD204610BD00BF436883B35A1E1FD0AA
:103F100010B4846804EB830001E0013A15D050F836
:103F2000041D0029F9D00132500100224FF0004356
:103F300002E00132202A03D00B424FEA5303F8D0AB
:103F4000831A5DF8044B1846704721682020ECE77F
:103F500083680022202019684FF0004302E00132FC
:103F6000202A03D00B424FEA5303F8D0831A184695
:103F7000704700BF08B5FFF7C7FF0730C00808BD8E
:103F800012F0030318BF01232DE9F0410F4603EBA4
:103F90009204416815468046A14213D0806830B132
:103FA00089000DF079FFD8F808001EF0B1F9002360
:103FB0000122C8F80830C8E9002342F210739C427D
:103FC00042D894BB01214046FFF7C2FD064610B11E
:103FD0003046BDE8F081D8F804200146D8F8080042
:103FE00092001EF065F9D8F8082001231660C8F881
:103FF0000030002DECD079193046B446344600E04C
:1040000010594FEACC0E11F8013D0CF1010C0EF0E5
:10401000180E654503FA0EF343EA000313512CF022
:104020000304EDD13046BDE8F081042120461EF0A6
:104030005BF948B10121C8E901404046FFF788FD1E
:1040400006460028C4D1C6E76FF00F06C0E700BFE0
:10405000F8B5174605460C46FFF756FF0730B7EB95
:10406000D00F19D3C6083A46002120461EF020F989
:1040700086B1E219002323F00301A8684FEAC30CBC
:10408000013344580CF0180CB34224FA0CFC02F82B
:1040900001CDF0D10020F8BD6FF00700F8BD00BFE2
:1040A000F8B50F460646FFF72FFF736838447D09C1
:1040B00007F01F04B0EB431F39D81F2F19D97268BE
:1040C000954210D2511B6FF04043B7680B4407EB89
:1040D000820207EB830318689F42A3F1040342F8AE
:1040E000040DF8D12A4622B192000021B0681EF0DA
:1040F000DFF8D4B17268954217D2B368C4F12007D3
:10410000002003EB82066FF040422A44043E03EB9A
:10411000820353F8041F844601FA04F2B34221FAE1
:1041200007F042EA0C021A60F3D10020F8BD10F04B
:104130001F0118BF012101EB50113046FFF708FDA8
:104140000028BAD0F8BD00BFF8B544684B0907464F
:104150009C4238D301F01F0534D01F291CD96FF0C1
:104160004042B968E01A1A44002301EB8202043984
:10417000013352F8046F834241F8046FF8D30028EA
:1041800008BF0120844207D9221ABB68002192008F
:1041900003EB80001EF08CF895B18CB1BE68002056
:1041A000C5F1200706EB840353F8041D044621FAE9
:1041B00005F29E4201FA07F042EA04021A60F3D1C6
:1041C0000020F8BD2DB138460021BDE8F840FFF7CA
:1041D00015BE1F29F4D92846D4E700BF436830B480
:1041E00073B1826802EB830201E0013B08D052F810
:1041F000044D002CF9D04A682AB9012030BC704720
:104200004A683AB300238D6805EB820101E0013A68
:1042100017D051F8044D002CF9D09342EDD815D3A6
:104220008BB1816805EB830201EB830102E00DD3C2
:10423000013B08D051F8044D52F8040D8442F6D9E0
:10424000DBE7002BE9D1184630BC70474FF0FF3058
:1042500030BC70471046D1E72DE9F04F87B01546C6
:10426000009201935368109A0133049052689A4265
:1042700072D3109B0646986800286DD00C469200B9
:1042800000211EF015F86368D5F80480434528BF67
:10429000434607EE903A109B9B680293B8F1000FDB
:1042A00054D0B26808F10107D4F808A00026B9007C
:1042B000A2F1040903EB87079B460592039159F885
:1042C000045F5A46DBF800405146DAF8003017EE3A
:1042D000900A013603FB0544019B03FB04F42B46C3
:1042E000FFF7A8FA009923465A4689684046FFF727
:1042F000A1FA0023B0454BF8045B47F8043FDED138
:10430000039B029A043B1A4402920598DDE90212CB
:104310001EF016F8009D049C29462046FFF75EFF1C
:10432000002808DB4046A268A968FFF759FA002078
:1043300007B0BDE8F08F109B40469A68049B9968CF
:10434000FFF74EFA002007B0BDE8F08F049B9B6892
:10435000059304230393D8E76FF00300E8E700BF59
:10436000436830B47BB1826802EB830201E0013B19
:1043700009D052F8044D002CF9D04A683AB90268C5
:10438000104630BC70474A68002AF9D000238D6877
:1043900005EB820C01E0013A1DD05CF8044D002CC5
:1043A000F9D09342EBD823D302680968002A18DDBC
:1043B000002924DB8BB1806805EB830100EB8300CF
:1043C00002E01AD3013B08D050F8045D51F8044DC7
:1043D000A542F6D9D4E7002BE3D11A4630BC1046EB
:1043E00070470029E6DD002AE4DA4FF0FF32C7E724
:1043F0000A68524230BC104670475242C0E7012260
:10440000BEE700BF0B46012200B585B0002B02922B
:1044100083EAE37201A9CDF80CD0A2EBE372B4BF3A
:104420004FF0FF330123CDE90023FFF799FF05B0DB
:104430005DF804FB9042F8B506460D4607D0884269
:10444000144603D0FFF7F2FB00284CD12546012388
:104450006C683360002C47D0AB6803EB840301E049
:10446000013C41D053F8042D002AF9D021463046B2
:10447000FFF76EFB002836D1AB680546B268A3F1A2
:10448000040C29461046036801315CF8047F5B196F
:104490002CBF01250025DB1945F10005A14240F89C
:1044A000043BF0D102EB840245B91BE013680134F0
:1044B0005B194FF0010542F8043B13D37368A34224
:1044C000F4D8671C30463946FFF742FB58B9B2684A
:1044D00002EB84023C4613685B194FF0010542F879
:1044E000043BEBD20020F8BD00213046FFF730FB43
:1044F0000028F7D0F8BD00BF2DE9F041884684B010
:104500000546114640461446FFF768FE002839DB91
:1045100000270123AC420397CDE9013726D0A845F7
:1045200005D041462846FFF781FB064688B901229F
:1045300060682A6020B3A16801EB800201E00138C5
:1045400003D052F8044D002CF9D0AA680026FFF7DA
:1045500047F93FB10299384689000DF09DFC384675
:104560001DF0D6FE304604B0BDE8F081214601A81A
:10457000FFF75CFB039F06460028EAD101ACCEE7BB
:10458000A168E2E76FF00906ECE700BFF8B50F6835
:104590000646136807FB03F3002B19DA0D46114694
:1045A00014462846FFF71AFE002807DB2246294654
:1045B0003046FFF7A1FF00B93760F8BD2A46214613
:1045C0003046FFF799FF0028F7D17F423760F8BDEA
:1045D000FFF730FF0028EFD0F8BD00BFF8B50F6837
:1045E0000646136807FB03F3002B19DD0D46114641
:1045F00014462846FFF7F2FD002807DB224629462D
:104600003046FFF779FF00B93760F8BD2A462146EA
:104610003046FFF771FF0028F7D17F423760F8BDC1
:10462000FFF708FF0028EFD0F8BD00BF70B50123E9
:1046300084B0002A0E68029382EAE2730546CDF840
:104640000CD0A3EBE2730093B4BF4FF0FF33012310
:10465000019306FB03F3002B1ADA0C4601A920464E
:10466000FFF7BCFD002808DB01AA21462846FFF71A
:1046700043FF00B92E6004B070BD224601A9284650
:10468000FFF73AFF0028F6D176422E6004B070BDE5
:1046900001AAFFF7CFFE0028ECD004B070BD00BF28
:1046A00070B5012384B0002A0E68029382EAE27397
:1046B0000546CDF80CD0A3EBE2730093B4BF4FF0E6
:1046C000FF330123019306FB03F3002B1ADD0C4695
:1046D00001A92046FFF782FD002808DB01AA214638
:1046E0002846FFF709FF00B92E6004B070BD2246CE
:1046F00001A92846FFF700FF0028F6D176422E6078
:1047000004B070BD01AAFFF795FE0028ECD0ECE7DD
:104710002DE9F04F012389B0884206460293904666
:1047200005934FF00003CDE90333CDE9063367D09D
:1047300046450F466DD07D684DB1BB6803EB8503E0
:1047400001E0013D03D053F8042D002AF9D0D8F838
:104750000440002C52D0D8F8083003EB840301E069
:10476000013C4BD053F8042D002AF9D029193046CA
:10477000FFF7EEF9814620BB01463046FFF73EFBCE
:104780008146F0B9BCB1D8F80820A300B968043B51
:1047900002EB840BB26801960E4602EB030A524606
:1047A0005BF8043D31462846FFF744F8013CAAF186
:1047B000040AF4D1019E3B68D8F8002002FB03F301
:1047C0003360079C3CB10699204689000DF064FBDC
:1047D00020461DF09DFD00230122049C0793CDE996
:1047E00005233CB10399204689000DF055FB204676
:1047F0001DF08EFD484609B0BDE8F08F2946B6E7AA
:1048000002A8FFF713FA81460028E4D1464502AF1B
:1048100091D1314605A8FFF709FA81460028D0D189
:104820000DF1140887E700BF8B1E0E2B2DE9F04F0A
:104830008BB000F2C8800F46002401268346104644
:1048400090460694CDE904641DF02EFD102F054618
:104850003BD1B0F1804F80F0B6808300584613F012
:104860001C0F14BF3146214601EB5311FFF770F9BD
:10487000009030BB01465846FFF7C0FA009000BBDD
:10488000002D00F0938008EB05040098012D05F140
:10489000FF3500F08E8014F8013DA3F13002A3F142
:1048A0004106D1B2092970D9052EA3F16101A3F106
:1048B00037026AD90529A3F1570266D96FF00503BB
:1048C000009300980BB0BDE8F08F21465846FFF7E3
:1048D00095FA044600900028F3D1002D66D00DF122
:1048E0000C091CB998F800302D2B49D018F8043069
:1048F000A3F13002D1B209292FD89246574566D983
:1049000007AA594604A8CDF824900397CDE9076675
:10491000FFF7FEFE90BBDBF8002004A9CDF80CA049
:10492000012A21D007AA5846CDF82490CDE9076680
:10493000FFF754FE10BB0134A542D2D106980028DF
:10494000BFD00599019089000DF0A6FA01981DF0DD
:10495000DFFC00980BB0BDE8F08FA3F14102052AFF
:1049600039D8A3F1370AC9E7CDE90722584607AA83
:10497000CDF82490FFF70AFE0028DCD00090DDE798
:104980004FF0FF33CBF80030D5E78300DBF8086049
:10499000C708013003F01C0356F8271002FA03F38E
:1049A000194346F82710002D7FF470AF00230093C1
:1049B00087E798F800302D2B7FF46DAF4FF0FF3371
:1049C000CBF800307DE76FF00303009379E76FF0D9
:1049D00005030093B2E7A3F16102052AF7D8A3F11A
:1049E000570A8BE710B584B01446012301AACDF80D
:1049F0000CD00094CDE90133FFF78AFE04B010BD5E
:104A00002DE9F04F2DED048B9BB000240127824649
:104A10000DF150088946184617A91D4616461494EC
:104A2000CDF86480CDE91777FFF79AFC002800F0F5
:104A30007D81294630461694CDE90874CDE90A47B0
:104A4000CDE90C44CDE90E74CDE91047CDE912440F
:104A5000CDE91474FFF7C2FBA0421ADABAF1000FD5
:104A600005D021465046FFF7C9F98346F0B9B9F1A0
:104A7000000F06D031464846FFF7D8F88346002895
:104A80005DD14FF0000B58461BB0BDEC048BBDE868
:104A9000F08F314608A8FFF7C9F8834630B9294698
:104AA0000BA8FFF7C3F8834600284BD000270A98CD
:104AB00030B1099989000DF0EFF90A981DF028FC32
:104AC000002201210D980A92CDE9081230B10C990B
:104AD00089000DF0E1F90D981DF01AFC002201216A
:104AE0000D92CDE90B123CB10F99204689000DF0D3
:104AF000D3F920461DF00CFC0022012113981092DE
:104B0000CDE90E1230B1129989000DF0C5F9139854
:104B10001DF0FEFB002201211392CDE91112002F9E
:104B2000B1D01599384689000DF0B6F938461DF018
:104B3000EFFB58461BB0BDEC048BBDE8F08F0024A2
:104B40002746B4E7746842F210730B970234089753
:104B50009C4200F2F880002C40F0E08000210EA87A
:104B6000FFF74CF9834608B1109C9FE7022111A87A
:104B7000FEF7EEFF83460028F6D1042103201DF046
:104B8000B3FB0746002800F06F81032216900BA8A4
:104B90001592FFF7B9F900F01F001F2800F0CC8034
:104BA000C0F11F0308A8194609EE103AFFF778FA7A
:104BB0008346002840F0BE8019EE101A0BA8FFF7BC
:104BC0006FFA8346002840F0B580099B0BA80C9A29
:104BD00000939C1A01926301194608EE103AFFF700
:104BE0005FFA8346002840F0A580A3009B460BE0B7
:104BF000109C08A854F80B30013344F80B30FFF731
:104C0000EDFC002840F09D800BA908A8FFF7A8FB49
:104C100000280BAA08A9EBDA18EE101A1046FFF7C5
:104C200093FA002840F0A680009B019A013B013ACC
:104C300018469342144640F2E48000996FF04043D6
:104C4000019A27460B44CDF810A0CDF8149008EE39
:104C5000106A9B1A814608EE905A9B000293864B7D
:104C60001A4401EB030B9300A20003934FEA8B035A
:104C700093469A460A9B4FEA89060D9A53F82910E3
:104C800052F80B20914267D3109B4FF0FF320299EC
:104C90005A501A460299009354185B58AAF104021C
:104CA000013301922DE039460123CDE9173307ABDB
:104CB0001993139B196011A952F80B2008465A60EA
:104CC00017AA23680793FFF723FD002840D1014668
:104CD0004046FFF793F800283AD1B9F1010F0A9A3C
:104CE000169D1CBF019BD058286011A852F80A10CD
:104CF000696041469259AA60FFF732FB00283CDD0B
:104D00002368013B002111A82360FFF777F8F8B969
:104D10000D9A002FC7D0039BD158C5E70421204628
:104D20001DF0E2FA78B1CDE90F4017E76FF00B0BF9
:104D3000A9E6169F109CBAE609EE10BA45E7009C5A
:104D40002F468346B3E600246FF00F0B2746AEE6EE
:104D5000009C8346169FAAE653F80A0000231DF024
:104D6000E7FA00294FF0FF32109B08BF0246029974
:104D70005A508EE7109C834699E622680BA911A829
:104D8000FFF730FE0028DAD1029B11A84FEAC30AD0
:104D90005146FFF785F90028D1D108A911AA084684
:104DA000FFF71CFC0028CAD1014608A8FFF72AFB20
:104DB000002809DB029B09F1FF39043B4F450293B0
:104DC00019D2DDF804A055E70BA911A8FEF72EFFB4
:104DD0000028B4D1514611A8FFF762F90028AED1DE
:104DE00008A911AA0846FFF7D1FB0028A7D123681C
:104DF000013B2360DEE7DDE904A918EE106A18EE36
:104E0000905ABAF1000F0CD00EA95046FEF70EFFD3
:104E1000834600288DD12A68336802FB03F3CAF861
:104E20000030B9F1000F23D019EE101A08A8FFF7CF
:104E30008BF9834600287FF47CAF336808A9484685
:104E40000893FEF7F3FE834600287FF472AF014615
:104E50004846FFF7D7FA00287FF46BAF0122169F70
:104E6000109CC9F8002022E6109C6FF00F0B1EE684
:104E7000169FCB46109C1AE6FEFFFF3F10B5002B95
:104E800083EAE37484B0A4EBE374B4BF4FF0FF3360
:104E90000123CDF80CD0CDE900430123029301ABEF
:104EA000FFF7AEFD04B010BD2DE9F04184B001263E
:104EB0004FF0000804460F46104601A91546029619
:104EC000CDF80CD0CDE90086FFF74AFA404532DB39
:104ED0003A4640462B462146FFF792FD074608BB5F
:104EE000804602E0FFF752FB00BB01A92046029674
:104EF000CDF80CD0CDE90086FFF732FA03462A46FA
:104F00002146002B2046EDDB02E0FFF767FB68B986
:104F100029462046FFF724FA03462A462146002B5D
:104F20002046F2DA384604B0BDE8F081074638463C
:104F300004B0BDE8F0816FF00907F3E7002A36D02E
:104F400038DB012A70B5064626D0022A28D04C68E4
:104F5000CCB18D6805EB840E00245EF8043D4FEA69
:104F6000134C75459BB24CEA044CBCFBF2F402FBBB
:104F700014CC43EA0C43B3FBF2F402FB1434ECD13F
:104F80000B68002B02DB0020346070BD002CFAD0CF
:104F9000141B00203460F8E700231846336070BD0E
:104FA0008B6800201B6803F00103336070BD6FF055
:104FB0000B0070476FF00900704700BF8B1E0E2B6F
:104FC0002DE9F04387B047D80E46804691460A4601
:104FD000014601A8FFF7B2FF044618B1204607B00A
:104FE000BDE8F083012502AF014603AB42464046CF
:104FF00004950597CDE90265FFF702FD04460028F8
:10500000ECD103A905970495CDE902054046FFF7C9
:10501000A7F9C0B9019B092B0AD8D9F80020303371
:105020002046511CC9F80010137007B0BDE8F0838A
:10503000D9F8002037332046511CC9F800101370EE
:1050400007B0BDE8F0834A4631464046FFF7B6FF59
:105050000028DFD00446C1E76FF00304BEE700BFBD
:105060002DE9F0431F468B1E85B00E2B00F28C807D
:105070000C4615460646FEF747FF032CC8BF4008FE
:10508000102C08BF4008421C033002F00102024409
:10509000BA4274D801220023CDE9005232680132AD
:1050A000CDE9023303D16A1C2D2300922B70102C02
:1050B00050D1776827B36FF0404100243448394419
:1050C00089003A1D4FF0180EB3685B5823FA0EF3AF
:1050D0005FFA83FC03F00F034FEA2C1854EA0C0C20
:1050E0004FF0010423D1022A21D06446AEF1080E0C
:1050F000013A1EF1080FE7D1013FA1F10401E0D10F
:10510000009B0022591C164600911A70009B0C9AB5
:105110005B1B1360039830B1029989000CF0BCFE50
:1051200003981DF0F5F8304605B0BDE8F083DDF8D2
:1051300000C010F8089010F803800CF101030093F0
:105140008CF80090009B03F1010CCDF800C083F8AF
:105150000080CBE7314601A8FEF768FD064600282F
:10516000D8D1019B013301D1012301936A46214625
:1051700001A8FFF723FF06460028C1D0CAE70C9B11
:105180006FF007061A60CEE76FF00306CBE700BFAB
:10519000BC31002083681B68DB0729D52DE9F0416D
:1051A00086B00546144F03240DF10808012608E0D7
:1051B000FFF7C4FEA0B9019BABB157F8044F002C18
:1051C0000EDD03A92846CDE90246CDE90468FFF7C4
:1051D000C7F8034622462946002B01A8E8DC012037
:1051E00006B0BDE8F0816FF00D0006B0BDE8F081BB
:1051F0006FF00D00704700BF904A02602DE9F04F3C
:105200001D469FB0012306460DF13C0A0391284636
:1052100012A91746CDF850A0CDE9123300230F9301
:10522000FFF79EF8002840F36B81AB68D3F800B01D
:105230001BF0010F00F0648112A93846FFF790F8C7
:105240000028C0F25D810BF1020303245B0003F030
:10525000080303EB0B0808FB0BF3013CC3F102034B
:1052600003FB08F8F7D14FF0010B3022214612A8BA
:10527000CDF818B0CDF824B0CDF830B0CDE9074462
:10528000CDE90A44CDE90D441DF012F869683046B5
:1052900059440291FEF75CFC02998146A0B1179433
:1052A0000B94CDE915B4CDE909B4002301210E9387
:1052B000CDE90C13289B002B3AD09B68002B37D0EC
:1052C00048461FB0BDE8F08F15A80291FEF740FCDC
:1052D00002998146002839D01798002800F03A81B9
:1052E000002425461699029089000CF0D5FD0298FD
:1052F0001DF00EF8002301221793CDE915233CB1D0
:105300000A99204689000CF0C7FD20461DF000F8E0
:10531000002301210B93CDE90913002DC5D00D9970
:10532000284689000CF0B8FD28461CF0F1FFBCE7C8
:1053300008980028C4D0079989000CF0ADFD0898A2
:105340001CF0E6FF48461FB0BDE8F08F42F2107235
:105350004FEA410BB2EB410FC0F0F880BBF1000FF8
:1053600070D1039B1B680293013300F0CC80289B13
:105370000DF1180B002B6ED09A68002A6BD0289B79
:10538000DC46186859689A68ACE80700DDF80C90AC
:1053900029464846FEF7E4FF0028C0F284804946CB
:1053A0002A4615A8FFF780FD8146002859D109AA91
:1053B000C8F1000315A8594600922A460393FEF748
:1053C0004BFF039B814600284BD15946304603933F
:1053D000FEF72CFC039B8146002842D109AA5146C6
:1053E00030460393009201220592CDE90F2205AACF
:1053F00011922A46FEF730FF039B814688BB024686
:10540000D7F804B0A946002C00F08980013CB968A7
:1054100051F82B1021FA04F808F0010852EA0805A7
:1054200088F001010CD0114209AA314630460092A1
:105430004A4603937AD0FEF70FFF039B00285DD105
:105440002A46E0E7042158461CF04EFF00287DD094
:10545000CDE90AB085E701215846FEF7CFFC814629
:1054600030B117980E9D0B9C00287FF43BAF41E7AD
:10547000696858468901FEF713FE81460028F0D17D
:105480002A4659465846FFF70FFD81460028E8D1C5
:10549000289B002B3FF47AAFDC46BCE8070018607D
:1054A00059609A6072E7039915A8FEF7BFFB814621
:1054B00000283FF47CAFD4E709AA514630464D4658
:1054C000009205AA119201220592CDE90F224A46C7
:1054D000FEF7C2FE81460028C3D1029B0133C0D132
:1054E0007B68002BBDD0BB681B68D907B9D5029B70
:1054F0003246294630463360FFF748F88146B0E728
:105500006FF00309DCE603990CA8FEF78FFB8146D8
:105510000028A6D10CAB012203930C9227E71F248D
:10552000BBF1000FC8D00BF1FF3B70E7FEF794FE14
:10553000039B0028E2D109AA08EB480830460393F0
:10554000009212AA02EB88014A4674E717986FF09E
:105550000F09C2E601230A900B9015930993CDE938
:105560001600A2E6B1F5007F70B5ADF5007D17D845
:1055700014460D460A46064669461846A0470446A4
:1055800028B92A4669463046FEF7FAFC04464FF42D
:10559000007168460CF080FC20460DF5007D70BD62
:1055A0006FF00304F8E700BF2DE9F04F99B0002435
:1055B0000126054605AF88469146014615AA06A86C
:1055C000069605961797CDE90744CDE90964CDE91C
:1055D0000B46CDE90D44CDE90F64CDE91146CDE987
:1055E0001344CDE91566FEF7F9FF834600284CD039
:1055F0000898002843D02546079989000CF04CFCF8
:1056000008981CF085FE002201210892CDE90612BF
:105610003CB10A99204689000CF03EFC20461CF063
:1056200077FE002201210B92CDE909123DB10D99BF
:10563000284689000CF030FC28461CF069FE002248
:10564000012111980E92CDE90C1230B11099890008
:105650000CF022FC11981CF05BFE00220121149832
:105660001192CDE90F1230B1139989000CF014FC9E
:1056700014981CF04DFE584619B0BDE8F08FCDE9E6
:105680000660CDE909600B90D9E7079E002E00F077
:10569000CD8004460898DC46043850F8041F0022E8
:1056A00003E0202A04F1010436D021FA02F301328A
:1056B00013F00103F5D006A909A8FEF7B7FA83464F
:1056C00018BB214609A8FEF73FFD8346E8B92846E6
:1056D000FEF71AFC40F21353984223D840F251339C
:1056E000984200F2A08040F28923984200F2A08004
:1056F000B0F5AF7F80F09F80F92800F2D680952822
:105700008CBF12231B2303930EE00B9C00250898EB
:1057100000287FF471AF76E70CF1010CB445BCD1E1
:105720001C46C8E70223039300234FF0010A0293AB
:1057300069684B4642460FA88900FFF713FF83466E
:10574000002851D106A90FA8FEF70AFE002857DA53
:10575000119A2026136843F00303136069684B46CF
:1057600042460FA88900FFF7FDFE83460FA8BBF154
:10577000000F39D1FEF7C8FB834606A8FEF7C4FB2D
:10578000834534D8013E06A94AD00FA8FEF7E8FDAC
:10579000002815A9E2DA0FA8CDF814A01797CDE9D3
:1057A00015AAFEF7DDFD0028D8DD12AB0FA909AA66
:1057B000009308462B46FFF721FD8346A0B906A9B2
:1057C0000FA8FEF7CDFD48B115A90FA8CDF814A07C
:1057D0001797CDE915AAFEF7C3FD78BB029B039A84
:1057E00001339A420293A3D10E9D0B9C8FE7ABEB42
:1057F00000010FA8FEF7A8FC83460028C2D0F3E7FB
:105800000FA8FEF781FB064606A80136FEF77CFBD3
:10581000311A0FA8FEF798FC8346002898D0E3E7DA
:105820006FF00D0B27E7032303937DE7344642E730
:105830000423039378E70823039375E7012C37D9F2
:1058400001261BE00FAA0CA81146FEF761FF844653
:105850002A460CA90FA8BCF1000F34D1FFF724FB96
:10586000024615A90FA852BBCDF814A01797CDE991
:1058700015AAFEF775FDD8B1A64219D006A90FA842
:105880000136FEF76DFD0028DCD115A90FA8CDF873
:1058900014A01797CDE915AAFEF762FD00289DD147
:1058A0000E9D6FF00D0B0B9C31E70C2303933BE730
:1058B00006A90FA8FEF754FD0028E6D0F0E70E9DDC
:1058C00093460B9C23E70E9DE3460B9C1FE700BF0E
:1058D0002DE9F0418AB000230126044601A81546AF
:1058E00002930196CDE90336CDE90533FEF79EF923
:1058F0008046D8B1039C3CB10299204689000CF047
:10590000CBFA20461CF004FD0023012206980393E5
:10591000CDE9012330B1059989000CF0BDFA069854
:105920001CF0F6FC40460AB0BDE8F081294604A808
:10593000FEF77CF980460028DCD1029E002E00F0A4
:10594000FA80039D0746043D55F8041F002204E039
:10595000202A00F1010000F0D68021FA02F3013282
:1059600013F00103F4D0059EB6B1069F0021043F59
:105970008C4657F8045F002204E0202A01F101015F
:1059800000F0BA8025FA02F3013213F00103F4D0DB
:10599000884228BF08460646314601A8FEF7D4FBD8
:1059A00080460028A6D1314604A8FEF7CDFB8046EC
:1059B00000289FD1012507460495019507A901A854
:1059C0000097CDF824D0CDE90755FEF7C9FC002893
:1059D00000F0A380DDF808E0BEF1000F00F0998030
:1059E000039B0021A3F1040C88465CF8040F0022FD
:1059F00003E0202A01F1010148D020FA02F301322C
:105A000013F00103F5D001A8FEF79EFB80460028A5
:105A10007FF470AFDDF814E0BEF1000F7BD0069B81
:105A2000A3F1040C5CF8041F002203E0202A00F11B
:105A3000010031D021FA02F3013213F00103F5D055
:105A4000014604A8FEF780FB804600287FF452AF91
:105A500004A901A8FEF784FC002823DB01A904AAFD
:105A60000846FEF749FD804600287FF443AF029BBD
:105A700083B3039901EB830353F8042D40EA5200EA
:105A8000994218604FEAC270F6D197E708F1010811
:105A9000F045AAD11946B6E708F10108F045C1D191
:105AA0001846CDE704A901AA0846FEF725FD804661
:105AB00000287FF41FAF059BABB1069901EB830370
:105AC00053F8042D40EA5200994218604FEAC27020
:105AD000F6D173E7014601A8FEF790F98046002849
:105AE0003FF46CAF06E7014604A8FEF787F980464D
:105AF00000283FF463AFFDE60CF1010CB4457FF4E0
:105B000038AF1E4648E70137B7427FF41DAF18464D
:105B100029E7714677E7704692E7314604A8FEF719
:105B2000BFFA804600287FF4E5AE04A92046FEF7C0
:105B30007DF88046DEE6304615E700BF2DE9F04FE0
:105B4000A3B0012480460F460DF1700910461FA92D
:105B500016461C94CDF88490CDE91F44FEF700FC56
:105B6000002840F3BC8100233246394604A807943C
:105B70000A940D9410940494139416941994CDE9F6
:105B80000833CDE90B33CDE90E33CDE91133CDE93F
:105B90000533CDE91433CDE91733CDE91A33CDE917
:105BA0001D33FFF795FE054660B903AB1FA904A896
:105BB00003942193CDE91F44FEF7D2FB00286ED059
:105BC0006FF00D05002301221C469B4698461F4698
:105BD0001E4609930C93CDE90723CDE90A23002340
:105BE000CDE90E3301230D93BBF1000F07D01199BE
:105BF000584689000CF050F958461CF089FB0023E8
:105C0000DDF81890CDE9113301231093B9F1000F9D
:105C100007D00599484689000CF03EF948461CF02B
:105C200077FB0023CDE9053301230493B8F1000F7E
:105C300007D01499404689000CF02EF940461CF01C
:105C400067FB002301221593CDE913233EB1179979
:105C5000304689000CF020F930461CF059FB002337
:105C600001221893CDE916233CB11A9920468900E8
:105C70000CF012F920461CF04BFB002301221B9371
:105C8000CDE919233FB11D99384689000CF004F97C
:105C900038461CF03DFB284623B0BDE8F08F39465E
:105CA000324607A8FFF700F90546002836D00998C4
:105CB00038B10899019089000CF0EEF801981CF0B9
:105CC00027FB0023DDF830A01E9F1B9C189EDDF8EB
:105CD0005480DDF848B0DDF83C90CDE9083301236D
:105CE0000793BAF1000F07D00B99504689000CF0CA
:105CF000D3F850461CF00CFB0023CDE90B330123F5
:105D00000A93B9F1000F3FF46AAF0E994846890033
:105D10000CF0C2F848461CF0FBFA60E707A90AA895
:105D2000FDF784FF05460028C1D1314613A8FDF7D1
:105D30007DFF05460028BAD1314616A8FDF776FF4B
:105D400005460028B3D1042120461CF0CDFA0028D6
:105D500000F0468104600421CDE90E4020461CF08D
:105D6000C3FA002800F03C810421CDE9114020460F
:105D70001CF0BAFA002800F0338101241B900421A2
:105D800020461A941CF0B0FA002800F029811D94D6
:105D900004601E900C98046814F0010452D10B9A10
:105DA000002A00F0AD8000EB8202234652F8041D69
:105DB00043EA5103904213604FEAC173F6D10F9B3F
:105DC0001B68DF0703D4129B1B68DD0711D50DA9E3
:105DD00013AA0846FEF7DAFB054600287FF467AFF2
:105DE00010A907AA0846FEF7F9FB054600287FF42C
:105DF0005EAF0E99002900F08C800F98002300EB15
:105E0000810252F8041D43EA5103904213604FEAA5
:105E1000C173F6D11199002900F08380129800EB2C
:105E2000810353F8041D44EA510498421C604FEA70
:105E3000C174F6D1AEE74846FDF7E0FF05460028FD
:105E40007FF435AF18980368DC0772D417990029DE
:105E500048D000EB8102002352F8041D43EA5103AD
:105E6000904213604FEAC173F6D11B9B1B68D807A1
:105E700003D41E9B1B68D90711D519A913AA08467C
:105E8000FEF784FB054600287FF411AF07AA4946B8
:105E90004846FEF7A3FB054600287FF408AF1A9991
:105EA00039B31B98002300EB810252F8041D43EA2A
:105EB0005103904213604FEAC173F6D11D99002936
:105EC000B9D01E98002300EB810252F8041D43EA6A
:105ED0005103904213604FEAC173F6D1B2E76FF0FD
:105EE0000305D8E616A8FDF789FF05460028BCD0B3
:105EF000DDE619A8FDF782FF05460028DED0D6E6CC
:105F000021460AA8FDF77AFF054600283FF457AF5F
:105F1000CDE60DA8FDF772FF054600283FF47AAFE5
:105F2000C5E610A8FDF76AFF054600283FF432AF2A
:105F3000BDE616A90AA8FEF713FA002834DB0AA961
:105F400016AA0846FEF74AFB054600287FF4AFAEC6
:105F50000DA919AC08462246FEF740FB054600286D
:105F60007FF4A5AE10A94A460846FEF737FB054662
:105F700000287FF49CAE00210AA8FEF743FA00280F
:105F80007FF408AF05E0FEF701FB054600287FF42B
:105F90008EAE00212046FEF735FA034632462146F2
:105FA000002B2046EFDB24E016A90AAA0846FEF7DC
:105FB00015FB054600287FF47AAE19AC0DAA2146E0
:105FC0002046FEF70BFB054600287FF470AE10AAB2
:105FD00049464846FEF702FB05460028CBD066E658
:105FE0006FF00F0563E6FEF7F9FA054600287FF427
:105FF0005EAE31462046FEF7B3F9034632462146EF
:10600000002B2046EFDA4046FDF710FE05464EE62F
:1060100070B5164688B001240D4605A90294D0E952
:10602000012302A803920022049301AB019207937B
:10603000CDE90544FEF794F9F0B105A902A8019451
:10604000FEF78EF9C0B1022305A902A80193FEF75D
:1060500087F910B9002008B070BD02A8FFF79AF8C0
:1060600018B10128F6D008B070BD3246294602A802
:10607000FFF79AFA08B070BD6FF00D00EBE700BFB4
:106080002DE9F04F2DED028B8DB00F4603390392B1
:1060900040F6FD72DDF860B0914200F2E68017F044
:1060A0001F021E464FF00001054618BF0122DFF80F
:1060B000C091029702EB571253014FEA82080193F5
:1060C000C7EB4213A8F1040A08EE103ACDE9071114
:1060D000012106915B46324641462846FFF742FAC7
:1060E000B8B9AC6854F80A304B45F3D9DDE9013250
:1060F0009A4215D323685A46039F314643F0010C58
:106100002846C4F800C0A7B9FFF782FF10F10E0FB0
:10611000E0D0044620460DB0BDEC028BBDE8F08F08
:1061200018EE101A2846FEF70FF80028F1D1AC68D7
:10613000E0E743F00302294604A822600322FEF7A9
:10614000FDFE04460028E5D1049A002A67D0012A02
:106150007CD0294606A8FDF769FD044600284DD1EC
:10616000079900296AD0089F07EB810151F8042D97
:1061700044EA5204B9420C604FEAC274F6D14FF0BF
:106180000C0901270DF114081CE014F10E0F35D194
:1061900009AA29462846CDF81490CDF82C80CDE9DF
:1061A0000977FEF7F3F906A9044609AA062308466B
:1061B00024BB0593CDF82C80CDE90977FEF7E6F9ED
:1061C0000446D8B92846FEF7E5FF04460028DCD18E
:1061D00006A8FEF7DFFF04460028D6D15A4631460E
:1061E0002846FFF7E1F904460028CED15A46314649
:1061F00006A8FFF7D9F904460028C6D10898002858
:1062000088D00799019089000BF046FE01981CF098
:106210007FF820460DB0BDEC028BBDE8F08F082260
:10622000284605920122CDE9092205AA0B9209AA66
:10623000FEF7ACF9044600288BD06BE7014606A8B0
:10624000FDF7DCFD04460028D8D198E70420CDE90D
:10625000092205AA059028460B9209AAFEF796F98D
:10626000044600283FF475AF54E76FF0030451E78C
:1062700033F304B52DE9F041002398B00121A54A7C
:10628000054603A8039104931793CDE90531CDE9A1
:106290000913CDE90B31CDE90F13CDE91131CDE96A
:1062A00015131021CDE90733CDE90D33CDE91333B3
:1062B000FEF7BAFA044600286BD0002D40F0238187
:1062C000059830B1049989000BF0E6FD05981CF0A3
:1062D0001FF80023012208980593CDE9032330B16C
:1062E000079989000BF0D8FD08981CF011F80023DD
:1062F00001220B980893CDE9062330B10A99890051
:106300000BF0CAFD0B981CF003F8002301220E9835
:106310000B93CDE9092330B10D9989000BF0BCFD39
:106320000E981BF0F5FF0023012211980E93CDE982
:106330000C2330B1109989000BF0AEFD11981BF0C1
:10634000E7FF0023012214981193CDE90F2330B108
:10635000139989000BF0A0FD14981BF0D9FF0023BE
:10636000012217981493CDE9122330B116998900B0
:106370000BF092FD17981BF0CBFF0023012217931F
:10638000CDE91523002D40F0B680204618B0BDE8B9
:10639000F081614A102106A8FEF746FA044600285B
:1063A0008BD15E4A102109A8FEF73EFA0446002868
:1063B00083D109AA03A90CA8FEF7AAF9044600286C
:1063C0007FF47BAF564A102112A8FEF72DFA04463F
:1063D00000287FF472AF002D40F0B28012A90CA803
:1063E000FDF7BEFF002840F01A810FAE09AB03AAEB
:1063F0000CA83146FEF704FB002840F08980494A8A
:10640000102112A8FEF710FA002840F0818015AC88
:10641000454A10212046FEF707FA002840F0068181
:1064200012A90CA8FDF79CFF002840F0F880214637
:106430003046FDF795FF002840F0F180009006AA55
:1064400009AB03A90CA8FEF7D9FE002860D1374A92
:10645000102112A8FEF7E8F9002859D112A90CA8BA
:10646000FDF77EFF002840F0DA8009AA03A90CA8F6
:10647000FFF764FB00284BD12D4A102112A8FEF72C
:10648000D3F9002844D112A90CA8FDF769FF002810
:1064900040F0C580274F4FF0000839680CA8FDF781
:1064A000ADFC04463046002C7FF407AF7968FDF759
:1064B000A5FC044632460CA903A8002C7FF4FDAECF
:1064C000FFF706FA044603A8002C7FF4F6AEB9687D
:1064D0000C37FDF797FF0446002840F0A98008F12B
:1064E0000108B8F1030FD8D1002D3FF4E9AE1248EE
:1064F0001BF022FFE4E60A201BF0DEFE204618B067
:10650000BDE8F081044621460C481BF009FFD7E6A0
:106510000446D5E6D83200205C330020E03300206A
:106520004434002094360020D43600203436002035
:10653000D0350020304D0260F83100208835002031
:106540003F481BF0EDFE12A90CA8FDF709FF00283B
:1065500067D10FAE3B481BF0EFFE09AB03AA3146F3
:106560000CA8FEF74DFA0028CCD1374A102112A80A
:10657000FEF75AF90028C5D115AC344A102120463F
:10658000FEF752F9002851D131481BF0C9FE12A97B
:106590000CA8FDF7E5FE002843D121463046FDF763
:1065A000DFFE044600283CD126481BF0C5FE06AAA3
:1065B00009AB03A90CA80094FEF720FE0028A1D186
:1065C000244A102112A8FEF72FF900289AD1224858
:1065D0001BF0A6FE12A90CA8FDF7C2FE08BB1948C5
:1065E0001BF0AAFE09AA03A90CA8FFF7A7FA002826
:1065F00088D11A4A102112A8FEF716F9002881D175
:1066000017481BF08DFE12A90CA8FDF7A9FE40B992
:106610000C481BF091FE13481BF082FE3AE7012460
:106620004EE6114801241BF087FE6CE7044644E661
:10663000002DF4D041460D4801241BF071FE62E7A5
:1066400024350020F831002094360020D436002074
:106650004035002034360020B8360020D0350020E8
:106660005C350020B035002048320020783500200D
:106670000368406830B50D684968204C6B4080EA7B
:10668000010C116804EB1C6090F8005304EB1360DC
:1066900090F800E154FA83F090F8000240EA0E60AE
:1066A000C3F3074EC3F30723A644E35C9EF800E35D
:1066B00040EA0E40CCF3072E40EA032054FA8CF354
:1066C000CCF3074CA64493F8003114F80C4043EA8D
:1066D000056343EA04439EF8004243EA042380EA48
:1066E000336083EA304380EA33204B40516883EAC9
:1066F00030234140C2E9003130BD00BF544D02603B
:106700004FF48A7200211BF0D3BD00BF18B14FF4C3
:106710008A710BF0C1BB70472DE9F04FCBB000F18F
:10672000040B1546064603900C46019200214022B8
:1067300016A81BF0BDFD4FF48872002158461BF0CF
:10674000B7FDC02D0AD0B5F5807F07D0802D00F0B1
:1067500011826FF023004BB0BDE8F08F019B214602
:10676000039C16A8DA084FF0040308BF0122236037
:106770001BF0E6FD019B9DF85840C02B9DF8596029
:106780009DF85A709DF85B5009D10DF167030DF12A
:106790006F0113F8012FD2438B421A72F9D10123F2
:1067A00002932C2309938B23CDF814B021494FF089
:1067B000900A04930AA84FF0CC093B224FF07F08BF
:1067C0004FF0660E9E234FF0A00C4FF08B0B0EE0A7
:1067D00091F808C008314B7891F802E091F80380F5
:1067E0000A7991F8059091F806A091F807B01B047A
:1067F00008304FEA094943EA0C6349EA026243EA76
:10680000080342EA0B0243EA0E2342EA0A2240E965
:106810000232094B9942DBD14022002126A8DDF843
:1068200014B00DF194081BF043FD394617AB2DAAA7
:1068300037460BE0545102607C51026013F8044C5F
:1068400013F8015C13F8037C13F8021C3F040433B3
:1068500047EA04673D4345EA012148F8041F904593
:10686000ECD12A9A0AA9269B2EA85340279A2E9348
:106870002B9B5340289A2F932C9B53402D9A309357
:10688000299B534030AA3193FFF7F2FE0CA92EAAA0
:1068900030A8FFF7EDFE31A958F8043F58F8202C36
:1068A000884583EA0203C8F80030F5D10EA92EA866
:1068B00030AAFFF7DDFE2EAA30A810A9FFF7D8FEF8
:1068C000019B802B2E9B00F06A811A4604932A9B21
:1068D00012A932A8534032932F9B1A4605932B9B43
:1068E00053403393309B1A4606932C9B534034936A
:1068F000319B1A4607932D9B534034AA3593FFF7DB
:10690000B7FE32AA34A814A9FFF7B2FE269B36AF11
:10691000DFF8A09236933A46279B3793289B38930B
:10692000299B3993029B4FEA031A09EB03160F23A5
:1069300003F01F0116F8010B0F33C1F12004B8B1A9
:10694000DDE93605E540884068401061DDE937053E
:10695000E540884068405061DDE93805E540884001
:10696000684090613998369D8840E5406840D06124
:106970004B2B02F11002DBD1029ADFF83C8202EBD2
:1069800082034FEA031E93003A460EF1FF3008934C
:1069900007F15003404410F9011F4D1C02D0146848
:1069A0004BF8214004329A42F5D1019A802A41D015
:1069B0000AF1030239461E4609EB020C2A9A369266
:1069C0002B9A37922C9A38922D9A39920F2202F0F4
:1069D0001F031CF8014F0F32C3F12000BCB1369CDD
:1069E000379D9C40C5406C400C61379C389D9C4055
:1069F000C5406C404C61389C399D9C40C5406C4002
:106A00008C61399C9C40369BC3405C40CC614B2AD6
:106A100001F11001DBD10EF1130033463A46404438
:106A200010F9011F4C1C02D014684BF821400432AD
:106A30009A42F5D1049A39461E463692059A379203
:106A4000069A3892079A39920AF1070209EB020C6A
:106A50000F2202F01F031CF8010F0F32C3F12004B4
:106A6000B8B1DDE93605E540984068400861DDE9E8
:106A70003705E540984068404861DDE93805E54064
:106A80009840684088613998369D9840E540684054
:106A9000C8614B2A01F11001DBD10EF1270033460A
:106AA0003A46404410F9011F4E1C02D014684BF8BE
:106AB000214004329A42F5D1019A802A3ED0329A7E
:106AC0000AF10B0A3946369209EB0A0C339A3792CF
:106AD000349A3892359A39920F2202F01F001CF82E
:106AE000015F0F32C0F12004BDB1369D379E854055
:106AF000E64075400D61379D389E8540E640754003
:106B00004D61389D399E8540E64075408D61399DC7
:106B100085403698E0404540CD614B2A01F1100197
:106B2000DBD10EF13B0EF04418F9012F551C02D0B9
:106B300039684BF8221004379F42F5D10998029B1F
:106B400001300399089A1A4401EB8003184918464A
:106B500001EB82015030013911F9012F541C02D090
:106B60005BF822201A6004339842F5D100204BB024
:106B7000BDE8F08F032316AD3360E36820686168D9
:106B8000A2680FC500239DF858409DF859600293F4
:106B900020239DF85A709DF85B50099303E60493F7
:106BA0002F9B0593309B0693319B0793AEE600BF66
:106BB0004452026084510260A451026070B5C6B0B4
:106BC00016460D464FF48A720021044601A81BF0B8
:106BD0006FFB3246294601A8FFF79EFD06460028B6
:106BE0003ED1019B02A804F1140E04F11C02A3F192
:106BF000040C2360BCFA8CFC4FEA5C1C4FEACC0C02
:106C00000CF118050CF1160100EBC50350F8350026
:106C100060605868A0609868E060D8682061A3F15F
:106C20000800103B08320139D3E90254A3F10803EC
:106C300042E90454F6D1CCF100030CF1150C00EB41
:106C4000C3030EEBCC0253F8B81CA83B916053F879
:106C50000C1CD16053F8081C53F8043CC2E904131F
:106C600001A84FF48A710BF017F9304646B070BD99
:106C70002DE9F04314681F46516885B0456824BA71
:106C8000936809BA6C408568D2681BBA6940C568C8
:106C900012BAD0F800906B40056900946A400191E7
:106CA00000F1140502930392B9F1000F4CD02C4669
:106CB000C8462146684602AA08F1FF38FFF7D8FC0B
:106CC0006A4604F1080102A8FFF7D2FC02AA04F107
:106CD00010016846FFF7CCFC6A4604F1180102A8CF
:106CE000FFF7C6FC02AA04F120016846FFF7C0FCCA
:106CF0006A4604F1280102A8FFF7BAFCB8F1000FB8
:106D00001AD0009B216BDDF80CC0019E1940E26B8C
:106D100086EAF171029E4CEA0202D4E90D0E72403D
:106D20004034084302EA0E0E4340CDE901128CEADA
:106D3000FE7200930392BCE705EB8916009C019953
:106D4000A6F11005DDE90232286843406868424038
:106D5000A8684440E868FB704140180EFA7138702A
:106D6000180C1B0AFC727870080EBB70130E387377
:106D700000203B71130C120AF9737B71230EBA7158
:106D8000220A3B72230CBA720A0C7B720B0A7A73CA
:106D9000BB7305B0BDE8F0832DE9F047140784B05C
:106DA000DDE90C8A67D106460C461D46A1BB7AB3C5
:106DB0000AF10F0A5F1E02EB0A09D8F80000EC4640
:106DC000D8F80410D8F80820D8F80C30ACE80F0038
:106DD000AAF10F03424600213046FFF749FFAAF10E
:106DE00010023B4612F8011F13F8010F924581EA89
:106DF00000011170F6D1EC460AF1100A08F11008F2
:106E0000D145BCE80F0028606960AA60EB60D4D16E
:106E1000002004B0BDE8F087002AF9D008F10F087F
:106E20005F1E02EB0809A8F1100339460AF1FF3290
:106E300013F801CF11F8010F43458CEA000C02F85A
:106E400001CFF5D108F1100853465246214630468D
:106E50000AF1100AFFF70CFF5AF8100C5AF80C1C34
:106E6000C1455AF8082C5AF8043C28606960AA60A9
:106E7000EB60D8D1CCE76FF02500CAE72DE9F047E9
:106E80000A9F9A4681461C68DDE90865A1B172B186
:106E900005EB020854B3325D631C15F8011B4A4030
:106EA000454507F8012B325503F00F04F2D10020BD
:106EB000CAF80040BDE8F087002AF8D005EB0208C8
:106EC0006CB1335D611C15F8012B5340454507F843
:106ED000013B325501F00F04E9D0002CF1D13346CB
:106EE000324601214846FFF7C3FEEAE73346324601
:106EF00001214846FFF7BCFECDE700BF2DE9F84F62
:106F00000C9E91461468DDE90AB581B182461F46A0
:106F100005EB010884B11BF80430013415F8012B8E
:106F200004F00F045340A84506F8013BF2D10020BD
:106F3000C9F80040BDE8F88F5B463A46012150464B
:106F4000FFF796FE07F1100313F8011D0131C9B2D6
:106F500019700029DFD19F42F6D1DCE72DE9F04F0F
:106F60002DED028BFBB00346202200210DF1740BA6
:106F700004930DF124080DAC584625AE1BF098F98A
:106F800000239A464FEA6A03049A0AF001079D1CFF
:106F9000002A40F046814FEA8519BA49EA0001EB20
:106FA0008315C03101EB4313059301F16003CDE973
:106FB000063A92465246294658461BF0C1F94A46BF
:106FC000594617BB35A8FFF7F9FD059B0FCB88E89D
:106FD0000F00069B0FCB84E80F003346424639462C
:106FE00035A8FFF745FE326823689A4219D0049B02
:106FF000002B40F02481012308EE103A18EE100A0D
:107000007BB0BDEC028BBDE8F08F35A8FFF784FBA9
:10701000069B0FCB88E80F00059B0FCB84E80F0081
:10702000DBE7269A0E9B9A42E1D1279A0F9B9A4260
:10703000DDD1289A109B9A42D9D1069A2035059B1A
:107040001032914910339142069205934FF000039C
:10705000B0D10593049BDDF81CA0002B40F00B8100
:107060000AF1010ABAF1060F8CD1049B002B40F003
:107070005E810DF14409059B5D1003F0010A049B3C
:10708000002B40F01D81AB1C9F0106937F4B0FCB63
:1070900088E80F007D4B0FCB84E80F00069B584615
:1070A000DA00794B03EB45111BF04AF93A46594691
:1070B00035A8BAF1000F40F0E280FFF77FFD744B76
:1070C00005EB4505002703EB05152B4655469A466B
:1070D000704B0AEB070C03EB070E002D40F0BC8051
:1070E00098E80F0089E80F009CE80F0088E80F007F
:1070F0009EE80F0084E80F004B461022294635A871
:10710000CDE90086FFF748FE326823689A427FF493
:107110006EAF269A0E9B9A427FF469AF279A0F9B17
:107120009A427FF464AF289A109B9A427FF45FAF33
:1071300010370023302FCBD108EE103A049B002BE0
:1071400040F0F180059B0133062B059393D1049BFE
:10715000002B40F0F0800023DFF85CA115ADDFF8D4
:107160005C811F46049B7C1007F0010940460137F3
:107170003BB14949494BB9F1000F18BF19461BF003
:10718000CFF80AEB0413464A03F5EF6302EB041C45
:10719000002208920FCB85E80F009CE80F008BE8D7
:1071A0000F005946802235A8FFF7B6FA0AEB840390
:1071B00004EB4401D3F8D847B9F1000F40F08E80BA
:1071C000384B4FEA01192246304603EB01111BF000
:1071D000B7F819AB214608AA009335A82B46CDE98C
:1071E0000166FFF78BFE304B2246304603EB090168
:1071F0001BF07EF800287FF4FAAE049B002B40F0D1
:107200008E80062FAED1049B002B40F09880049B0B
:1072100008EE103A18EE100A7BB0BDEC028BBDE808
:10722000F08F05934FEA85191C4B1B4A49461F48AE
:10723000002F18BF1A461BF073F8059BADE601231B
:107240001B4808EE103A1BF077F818EE100A7BB0D6
:10725000BDEC028BBDE8F08F94E80F000AEB070C41
:1072600089E80F009EE80F0088E80F009CE80F00F7
:1072700084E80F0040E70F481BF05EF8F0E6FFF7E8
:107280004BFA1CE76C520260AC5302609C1C00205D
:107290000C5402609C540260D0310020D431002094
:1072A000FC54026038550260C85502603437002033
:1072B00048320020F8310020544D02606C37002025
:1072C000AB1C2149214A9F012148BAF1000F18BF88
:1072D0000A46069339461BF023F8D7E61D4B4FEAC2
:1072E00001192246304603EB01111BF029F819ABB6
:1072F000214608AA009335A82B46CDE90166FFF781
:10730000FDFD154B2246304603EB09011AF0F0FF54
:1073100000287FF46CAE049B002B3FF472AF0F4843
:107320001BF00AF86DE70D481BF006F80AE70A2083
:107330001AF0C2FF9DE60A201AF0BEFF0BE70A20F2
:107340001AF0BAFF5AE600BFD4310020D031002035
:1073500050370020C855026038550260F8310020CF
:107360002DE9F04F2DED028B97B008EE103A289BD7
:10737000022BDDE9254500F09581102B00F292816A
:10738000289BDB0700F18E81229B073B062B00F236
:107390008981249BB3F57F4F00F28481229B8B4629
:1073A0009246289ADBB28046023A0DF12900C3F1D9
:1073B0000E01C3F10F0352080DF12809DBB2CFB261
:1073C00018EE101A0593249B03971E1E18BF012662
:1073D00047EA861646EAC206229AF6B28DF8286077
:1073E0001AF0AEFF0DF137030EAAD91B534602F86F
:1073F000013D8A424FEA1323F9D1002B40F052811C
:1074000012AF0AA90EAACDE90E33CDE9103302E07E
:10741000137811F8016F734002F8013BBA42F7D1BB
:1074200009AB1022404600930EAB194600F000FD58
:10743000034600287CD1249A002A7FD1039B18EEB2
:10744000101A229A0DF149008DF848301AF078FF91
:10745000229B0021059A581C38441AF029FF012369
:107460008DF85730BAF1000F3AD00DF14709564662
:10747000102E28BF1026BBF1000F00F0C78009AB0B
:1074800010223946404600930AAB00F0D1FC034677
:1074900000284DD103F1580201336A44DBB212F8DF
:1074A000301CB342225C82EA01022A541846F1D30E
:1074B000BBF1010F00F0D2800DF15702039B354460
:1074C0003444AAEB060AD11A13780133DBB21370E5
:1074D0001BB9914202F1FF32F6D1BAF1000FC6D1C9
:1074E000039B0021059AC3F10F0038441AF0E0FE17
:1074F00009AB39464046009310220AAB00F098FCD5
:107500000346A8B90DF137020DF127000DF147052B
:1075100012F8011F10F8014F954281EA0401117021
:10752000F6D1289A0EA9279803931AF009FF039B16
:10753000184617B0BDEC028BBDE8F08F249A0DF110
:107540004706249B0E2A23995BBA28BF0E22CDE959
:107550000A00CDE90C000DF12A00ADF828300492A4
:107560001AF0EEFE249B0DF13701C3F3072301E06F
:1075700019F8013F11F8012F5340B1420B70F7D1B8
:1075800009AB1022404600930EAB194600F050FCA8
:1075900003460028CCD12499049A891A3FF44EAFAF
:1075A0002398CDF818B00244CDF81CA08A46049365
:1075B0009346BAF1100FD146049B594628BF4FF0AD
:1075C00010090AA84A46CDE90A33CDE90C331AF06E
:1075D000B7FE0DF127010DF1370313F8012F11F854
:1075E000010FB34282EA00021A70F6D109AB1022F1
:1075F000404600930EAB194600F01AFC38BBBAEBBC
:10760000090ACB44D5D1DDE906BA17E7214632464F
:107610000AA8CDE90ABBCDE90CBB1AF091FE0DF129
:1076200037030DF1270113F8012F11F8010F9945C8
:1076300082EA00021A70F6D109AB1022404600938C
:107640000EAB194600F0F4FB00283FF418AF0346D8
:10765000184617B0BDEC028BBDE8F08F0023294619
:1076600032460AA8CDE90A33CDE90C331AF068FE98
:107670000DF137030DF1270113F8012F11F8010F58
:107680004B4582EA00021A70F6D109AB102240463F
:1076900000930EAB194600F0CBFB00283FF40CAF73
:1076A0000346D5E76FF00C0342E700BF40220021FC
:1076B0001AF0FEBD2DE9F0410546174608460122A5
:1076C00019461E4600F0A0FAA8B143690446102BE3
:1076D00011D1284600F0B8FA2146284600F0C4FA35
:1076E00008B1BDE8F0813246394628460123BDE89D
:1076F000F04100F0E5BA6FF00C00F2E710B5044677
:1077000000F0A2FA40212046BDE810400AF0C4BBB8
:1077100030B589B0119D9DB106951C46109D13464C
:107720000A46002105950F9D04950E9D03950D9D1C
:1077300002950C9DCDE90045FFF712FE09B030BD62
:107740006FF00C00FAE700BF10B588B000930A9BF9
:107750000F9C01930B9B069402930C9B03930D9B30
:10776000049313460A460E9905910021FFF7F8FD90
:1077700008B010BDF0B58DB00E460093129B159F5A
:107780000193139B179C0293149B04970393134636
:1077900008AA0694169D05920A460121FFF7E0FD0E
:1077A00098B994B10346024603F13001013315F84C
:1077B00002C06944DBB211F8102CA3428CEA020C1F
:1077C0001A4640EA0C00EFD308B90DB0F0BD3846B8
:1077D00031460AF061FB6FF00E00F6E7F0B50A9C47
:1077E000DDE908CE1CB1BDE8F040FFF7C3BF6FF084
:1077F0000C00F0BD2DE9F04FA9B0402200218046D9
:1078000018A81AF055FD8023544A022118A8FFF742
:1078100051FF002840F08280514C4FF0010910AE1A
:10782000C24604F1600304F19C0B0A940B9304F12B
:107830006C030C9304F178030D9304F184030E930D
:1078400004F1B4030F93BAF1000F5ED10E9C09F15D
:1078500001090B9B002154F8047B18A853F8045B22
:107860000E940C9C2A46099706EB050C54F8048BE1
:107870000B930C940D9C3B4B54F8047B0D94099C8A
:10788000002C5AD00297CDE905C40F9CCDE903B670
:10789000CDE90084FFF764FD00284ED13046DDE9D4
:1078A0000931EA181AF024FD002846D10A9918A8CF
:1078B0000F9A099B00924A19059343460492019737
:1078C000284ACDE9021620310A912946FFF752FFD6
:1078D00098BB2A46594630461AF00AFD054660BB59
:1078E000BAF1000F16D1B9F1040FACD118A800F00D
:1078F000ABF9402118A80AF0CFFABAF1000F15D160
:107900005546284629B0BDE8F08F494616481AF07A
:1079100007FD9BE715481AF00FFDE4E7B8F1000FEB
:1079200013D10125284629B0BDE8F08F0A201AF0AE
:10793000C3FC284629B0BDE8F08FBAF1000FF0D0A3
:107940000B4801251AF0F8FCDBE7012509481AF07D
:10795000E7FC284629B0BDE8F08F00BF585602600A
:1079600068560260F85602609C370020F83100200B
:107970004832002088370020891A0ED0002300B535
:107980009C465FFA81FE01338444DBB20CF802E0CE
:107990008B429C46F7D35DF804FB704748B342B373
:1079A00030B5451815F801ECBEFA8EFCA1EB0E04BB
:1079B0004FEA5C1C14608E4588BF4CF0010C91B1FD
:1079C000024612F8011B131A81EA0E01013B9C4288
:1079D0008CBF00230123954213FB01F34CEA030300
:1079E0005FFA83FCEDD1BCF1000F034808BF002013
:1079F00030BD0248704700BF009EFFFF009FFFFFA1
:107A0000891A8023012983540ED9012300B59C468D
:107A10004FF0000E01338444DBB20CF802E08B42DD
:107A20009C46F7D35DF804FB704700BF38B370B5D0
:107A3000B2FA82F4640902B31460E1B1084480250B
:107A4000A64610F8013D01392E46003B18BF012320
:107A500023EA0E0C43EA0E0E01FB0CF31C431460E8
:107A6000037813FB0CF3DBB25D400029E9D1B3428C
:107A700001D1084670BD034870BD034870BD02487F
:107A8000704700BF009EFFFF009FFFFF10B5A1EBF6
:107A9000020EBEF1010F0BD90123013A00249C46CE
:107AA00001338444DBB20CF8024073459C46F7D3A3
:107AB000084400F801EC10BD30B32AB310B54C1ED9
:107AC000035DB3FA83FC4FEA5C1C8B4288BF4CF029
:107AD000010CC91A11608CB10444024612F801EB82
:107AE000131A013B99428CBF00230123A24213FBCE
:107AF0000EF34CEA03035FFA83FCEFD1BCF1000FF5
:107B0000024808BF002010BD01487047009EFFFFDB
:107B1000009FFFFF8A42134604D28A1A18440021AC
:107B20001AF0C6BB704700BFF0B130B5B2FA82F4AC
:107B30006409BAB1146099B10844A64610F801CDA1
:107B4000BCF1000C18BF4FF0010C2CEA0E034CEAFC
:107B50000E0E01FB03F3013944EA03041460EDD176
:107B6000002030BD014830BD00487047009FFFFF36
:107B700028B1B2FA82F040090AB111607047014899
:107B8000704700BF009FFFFF094803686BB9094AAF
:107B9000094913782BB141F8043B12F8083F002B38
:107BA000F9D1002201230A6003600348704700BF37
:107BB00040130120C89F0260E00D012070B5064609
:107BC00060B1074C05E0A868314608341AF068FB3C
:107BD00010B16568002DF6D1284670BD0546FBE75B
:107BE000C89F0260074B5A684AB1083302E053F855
:107BF000042C22B113F8081C08338142F7D1104637
:107C0000704700BFC89F026010B50C4C636893B109
:107C1000A44602E0DCF804306BB19C690CF1080C5E
:107C200094F800E08645F5D15C688C42F2D193F877
:107C300001E09645EED1184610BD00BFC89F026016
:107C4000402200211AF034BB68B110B50446C06B65
:107C500018B123689B691B6A984720464021BDE8FC
:107C600010400AF019B97047F9B170B5B0FA80F652
:107C70000446760998B10D46402231461AF018FBA9
:107C8000AB69DB699847E06368B125606B78022BCC
:107C900007D1074A3046074BC4E9032370BD0648A5
:107CA00070BD304670BD054870BD0348704700BFC9
:107CB000797900609D790060009FFFFF809EFFFF43
:107CC00010B330B40468ACB12569AD070FD5012BF2
:107CD0004260037206D094F801C0ACF1030CBCF111
:107CE000020F0AD8A369C06B5B6930BC184765688E
:107CF0009542ECD0054830BC7047002BFAD1A369FF
:107D0000C06B9B6930BC184700487047009FFFFF5D
:107D1000034640B302685278022A24D1042924D8A9
:107D2000DFE801F0090F151B03000022104910467F
:107D3000C3E9032170470F4900200F4AC3E903122A
:107D400070470E4900200E4AC3E9031270470D49DF
:107D500000200D4AC3E9031270470C4900200C4A69
:107D6000C3E9031270470B4870470B48704700BFC8
:107D7000717B0060797900609D790060017A006014
:107D80002D7A00608D7A0060B97A0060157B006002
:107D9000297B0060009FFFFF809FFFFFD0B138B5B7
:107DA0000368044693B189B1102A11D81869C00735
:107DB0000AD4DD68AA4209D32A4604F128001AF041
:107DC000BFFA0020A56338BD1546F5E7024838BD67
:107DD000024838BD00487047009FFFFF809FFFFFAB
:107DE000034628B102681AB1002210465A62704751
:107DF00000487047009FFFFFA8B103689BB15B7804
:107E0000062B01D00020704710B5144682B0836B5A
:107E100000F12802CDE9001490F90810C06B05F0BC
:107E200085FC02B010BD0148704700BF009FFFFFF6
:107E30002DE9F04F87B0DDF840800593002800F071
:107E40008C80154604460268B8F1000F00F085806A
:107E50000E46B2FA82F14909002A7ED0C8F8001015
:107E60005178D2F81490012924D0062900F0A2807C
:107E7000B9F1000F00F0E380059B9E4265D0022916
:107E800028D003296BD0052940F0D580059B2946D1
:107E90009269CDE9016304F11403009304F128030E
:107EA000166904F12402E06BB047002868D007B0DF
:107EB000BDE8F08F4D4540F0C08090693246C8F86B
:107EC0000050456894F90810E06BAC4607B0BDE877
:107ED000F04F604794F90830002B56D0012BD4F8AE
:107EE00024A003D1A9EB0A03AB4257D8BAF1000F83
:107EF0006CD1002D68D0B5FBF9FA09FB1A5ABAF11A
:107F0000000F00F08D80A5EB0A05524604F1140025
:107F100071191AF015FA636A53446362002D53D045
:107F200094F908102368059A9B69CDE900622A46F6
:107F30009E68E06B04F12803B0470028B7D1D8F859
:107F400000302B44C8F80030B1E7436A2BB9B5FBC9
:107F5000F9F309FB1353002B91D03A48A7E7059B8F
:107F60009269CDE9016304F12803009304F124032D
:107F7000D6682A4694F90810E06BB047002896D1DD
:107F8000C8F8005007B0BDE8F08FE368D4F824A02B
:107F9000002BA7D0A9EB0A03AB42A7D30AF1140028
:107FA0002A46314620441AF0CBF9636A00202B445C
:107FB00063627CE7C06B32462946C8F8005007B0C0
:107FC000BDE8F04F05F068BC002070E7A9EB0A0B94
:107FD0000AF1140031465A4620441AF0B1F92146FC
:107FE00004F128034A4651F8140B80690091059961
:107FF00001918168E06B0F4694F90810B84700289A
:108000007FF455AF059BA5EB09055E444B445544F1
:108010000593D8F800304B44C8F80030606268E738
:1080200094F9081000297FF47DAFE368002B3FF43A
:1080300079AFCA4667E7044839E7044837E7044898
:1080400035E700BF009FFFFF809FFFFF809DFFFF80
:10805000809CFFFF00286FD02DE9F041066882B0B8
:108060000446002E64D0B2FA82F315465B09002A5A
:108070005ED013607378DA1E042A1ED9A3F10900BA
:10808000B0FA80F04009C0B93278483A012A11D9D3
:10809000012B3BD0022B49D10F4694F9081001293E
:1080A0000FD07269636A934238D0E26823481A435A
:1080B00008BF002002B0BDE8F081002002B0BDE89A
:1080C000F081E36813B3A16B04F1140801B9F168FE
:1080D000626A40469847266894F908107269B36945
:1080E000CDE900879E6804F12803E06BB0470028C3
:1080F000E0D194F90830A3B92168236901B1496935
:108100002A46384602B0BDE8F0411847636A0B487A
:10811000002B08BF002002B0BDE8F08104F1140874
:10812000DDE7236833B15B692B60C3E70448C1E72F
:108130000448BFE70346F7E702487047809DFFFF0A
:10814000809FFFFF009FFFFFB0B130B405688DB185
:10815000B1FA81F35B0969B190F90840012C09D1AA
:108160006C78062C02D0184630BC7047C06B30BC0F
:1081700005F010BC0148F7E700487047009FFFFF7B
:1081800060B3036853B330B50D4690F9081085B05D
:1081900011BB5B78062B02D0002005B030BD102A41
:1081A000144619D8C06B694605F0F4FB0028F4D1D9
:1081B000002CF1D02A19691E6C46013A11F801CF42
:1081C00014F8013B914283EA0C0340EA0300F5D125
:1081D0000028E1D00248E0E70248DEE701487047A6
:1081E000009DFFFF009FFFFF70B584B004461D4651
:1081F0000A9EFFF7D3FD58B9DCB12368CBB16062AA
:10820000294620460096DDE90823FFF711FE08B154
:1082100004B070BD316803AA099B20461944FFF7DA
:1082200019FF0028F4D13368039A1344336004B073
:1082300070BD0148ECE700BF009FFFFF2DE9F04350
:10824000046816461D46079B94F801C0BCF1060F52
:10825000DDE90824DDE90A79DDE90CE815D0BCF197
:10826000080F0FD1C9F8004008933346CDE909271C
:10827000CDE90BE80A46C06B21460795BDE8F043FF
:10828000FFF746BA0948BDE8F083C9F800400993F2
:108290000B460121CDE90A27CDE90C8E2246C06BA1
:1082A00008950796BDE8F04305F0DEBB809FFFFF11
:1082B00030B51C46036887B08C465B780C99062B5A
:1082C00018D0082B2ED10E9D1346C06B6246296034
:1082D000109D05950F9D04950D9D03950B9D029591
:1082E0000A9DCDE90045FFF779FA10F10F0F16D07E
:1082F00007B030BD0E9D1346C06B624629600D9DD0
:1083000005950B9D0495109D03950F9D02950A9D63
:10831000CDE9004505F0CEFB10F1120FE8D103487E
:1083200007B030BD024807B030BD00BF009DFFFF61
:10833000809FFFFFFAF7ACB8FAF7B4B8F9F798BD29
:10834000F9F718BEF9F7B6BAF9F7A0B98C46134693
:108350000221624605F040B98C461346022162466E
:10836000FFF7A8B9FEF784BCFEF716BDFEF786BD81
:10837000FEF7C4BDFEF722BCFEF7CEB98C4613460D
:108380000521624605F028B98C4613460521624650
:10839000FFF790B911461A4600F0E6B811461A46A2
:1083A00000F03EBA00F0DAB900F06ABC00F054BE4A
:1083B00000F04CBE00F0ACBE00F09ABE00F0FEBE75
:1083C00000F0ECBE10B5044600F090F82046BDE881
:1083D000104019F09DBF00BF10B5044600F07AF8B8
:1083E0002046BDE8104019F093BF00BF10B5044609
:1083F000FFF784F92046BDE8104019F089BF00BF9F
:1084000010B5044605F092FB2046BDE8104019F077
:108410007FBF00BF10B50446FEF778F92046BDE8DF
:10842000104019F075BF00BF10B50446F9F728F9E0
:108430002046BDE8104019F06BBF00BF10B54FF4E7
:10844000C071012019F050FF044608B100F048F84F
:10845000204610BD10B58021012019F045FF0446CB
:1084600008B100F033F8204610BD00BF10B5402120
:10847000012019F039FF044608B1FFF717F920462B
:1084800010BD00BF10B54FF4C471012019F02CFFCE
:10849000044608B105F09AF8204610BD10B54FF417
:1084A0008A71012019F020FF044608B1FEF728F96F
:1084B000204610BD10B54FF48C71012019F014FF47
:1084C000044608B1F9F7D6F8204610BD80220021F5
:1084D00019F0EEBE10B1802109F0DEBC704700BF7C
:1084E0004FF4C072002119F0E3BE00BF18B14FF481
:1084F000C07109F0D1BC7047431E0549073013F81D
:10850000012F520883428A5C1A70F8D1704700BF6D
:10851000FCA60260431E073010B4084C13F8012F6C
:108520005108615C914205D18342F7D100205DF88A
:10853000044B704701205DF8044B7047FCA60260B5
:1085400070B5084C054604F18006204608222946ED
:10855000083419F0CDFE18B1B442F6D1002070BD38
:10856000012070BD7CA702602DE9F04F0B6800F17F
:10857000100C496800F1900E1BBA09BA81EA131079
:1085800000F00F30414083EA0010734B81EA104441
:10859000A4B2614080EA044080EA910404F03334DC
:1085A000604081EA840180EA112404F0FF146040F5
:1085B00081EA042180EAF17404F0AA34604084EA7C
:1085C000F1744FEAF0705CF8107C5CF8045C84EAAB
:1085D00007085CE90316C8F305290CF1100C81EAC1
:1085E000341708F03F0103EB8909F44507F03F0A0F
:1085F00003EB8101D9F80093C7F3052B03EB8A0A3B
:10860000D1F8001103EB8B0BDAF800A281EA0A0122
:1086100081EA0901C8F30549C8F3056803EB890934
:1086200003EB8808D9F800A4D8F8009581EA0A017C
:10863000DBF8008681EA0901C7F30549C7F305673E
:1086400003EB890981EA080103EB8707D9F8008762
:10865000D7F8007881EA080181EA070180EA010081
:1086600086EA000685EA3015C6F3052106F03F08C4
:10867000C6F30547C6F3056603EB810105F03F0A23
:1086800003EB8808D1F8001303EB8707D8F80081C3
:1086900003EB8606D7F8009403EB8A0A81EA080107
:1086A000D6F80075C5F30526C5F3054881EA04012F
:1086B000DAF8004203EB8606C5F3056581EA090195
:1086C00003EB8808D6F8006603EB850581EA07010D
:1086D000D8F8007781EA0401D5F8004881EA06015C
:1086E00081EA070184EA01047FF46DAF80EA740136
:1086F00001F0AA3181EA000381EA74014FEA7303B1
:1087000081EA132000F0FF10414083EA002381EA50
:10871000930000F03330414083EA800383EA114044
:1087200080B2434081EA004183EA111000F00F302B
:1087300081EA0011434000200C0ED170D3711470F7
:108740000C0C090A54701C0E9170190C1B0A147140
:1087500051719371BDE8F08FFCA6026012F0070F13
:108760005BD101292DE9F043074683B0994629D012
:1087700022B309F1FF38DDE90A53DC1DAE18286881
:108780006B466968E21F03C329463846FFF7ECFED3
:10879000A4F10802434612F8011F13F8010FA24288
:1087A00081EA00011170F6D16B4608350834B542F4
:1087B00003CBC9F80000C9F80410E0D1002003B0D1
:1087C000BDE8F083002AF9D009F1FF38DDE90A3667
:1087D000DC1DB518A4F108024046711E12F8013FD5
:1087E00010F801CFA24283EA0C0301F8013FF5D152
:1087F0003246314608363846FFF7B6FE083456F89A
:10880000082CAE4256F8043CC9F80020C9F80430E0
:10881000E0D1002003B0BDE8F0836FF03100704775
:108820002DE9F04F83B003464C68019003F1100628
:10883000086824BA03F1900C00BA84EA101303F01C
:108840000F335C4080EA0310A74B84EA104189B2E1
:108850004C4080EA014080EA940101F03331484005
:1088600084EA810480EA142101F0FF11484084EA7F
:10887000012480EAF47101F0AA31484081EAF471E0
:108880004FEAF070884656E9047556E9021488EA02
:10889000070785EA3815103607F03F0E05F03F0947
:1088A000B44503EB8E0E03EB8909DEF800E1D9F83D
:1088B00000928EEA090EC7F3052903EB8909D9F85E
:1088C00000938EEA090EC7F30549C7F3056703EB6A
:1088D000890903EB8707D9F800A4D7F800958EEA39
:1088E0000A07C5F3054E87EA0907C5F30529C5F34D
:1088F000056503EB8E0E03EB890903EB8505D9F8BB
:1089000000A6DEF80097D5F800E887EA0A0585EAB0
:10891000090585EA0E0580EA050081EA000184EA7E
:1089200030144FEA301EC1F3052A01F03F09C1F3AC
:108930000547C1F3056103EB8A0A03EB890903EBE1
:108940008105DAF80013D9F800A103EB870781EA63
:108950000A01D7F80094D5F80075C4F3052581EA1B
:10896000080104F03F0803EB850581EA090103EBE8
:10897000880881EA0701D8F80082D5F80076C4F3A8
:10898000054581EA0801C4F3056403EB850581EA26
:10899000070103EB8404D5F80057D4F8004881EAB6
:1089A000050181EA04087FF46EAF019C414604F59D
:1089B000887901E04FEA301E5CE904465CE9027503
:1089C00044408EEA060E0CF1100C04F03F0B0EF042
:1089D0003F06C4F3052AC4F3054803EB8B0BC4F32D
:1089E000056403EB8606CC45DBF800B103EB8A0A8D
:1089F000D6F8006203EB8808DAF800A303EB8404DE
:108A00008BEA0606D8F800B4CEF30528D4F8004562
:108A100086EA0A06CEF3054A03EB8808CEF3056E14
:108A200086EA0B0603EB8A0AD8F8008603EB8E0E63
:108A300084EA0604DAF80067DEF800E884EA08044D
:108A400084EA060484EA0E0481EA040187EA010745
:108A500085EA31154FEA3118C7F3052E07F03F06B6
:108A6000C7F30544C7F3056703EB860603EB8E0ED9
:108A7000D6F800B103EB8404DEF800E305F03F060E
:108A8000D4F800A403EB87078EEA0B0EC5F3052488
:108A9000D7F8007503EB86068EEA000003EB84042A
:108AA000C5F3054ED6F8006280EA0A00D4F8004605
:108AB00003EB8E0EC5F3056580EA070003EB850521
:108AC000DEF8007780EA0600D5F8005880EA040056
:108AD00080EA070080EA05007FF46CAF019C0E4637
:108AE00004F5C87504E000BFFCA602604FEA361822
:108AF0005CE904415CE902E7744088EA01080CF192
:108B0000100C04F03F0B08F03F01C4F3052AC4F336
:108B1000054903EB8B0BC4F3056403EB8101AC4502
:108B2000DBF800B103EB8A0AD1F8001203EB8909E4
:108B3000DAF800A303EB84048BEA0101D9F800B44E
:108B4000C8F30529D4F8004581EA0A01C8F3054AAB
:108B500003EB8909C8F3056881EA0B0103EB8A0A74
:108B6000D9F8009603EB880884EA0104DAF80017C4
:108B7000D8F8008884EA090484EA010484EA080435
:108B800080EA040080EA0E0E87EA3017CEF3052152
:108B90000EF03F08CEF30544CEF3056E03EB8101E2
:108BA00007F03F0A03EB8808C7F30529D1F8001343
:108BB00003EB8404D8F8008103EB8E0ED4F8004454
:108BC00003EB8A0A81EA0801DEF800E5C7F30548ED
:108BD00003EB890981EA0601DAF8006203EB8808F1
:108BE000C7F3056781EA0401D9F8004603EB87075C
:108BF00081EA0E01D8F800E781EA0601D7F800689B
:108C000081EA040181EA0E0186EA01067FF46EAF73
:108C100080EA760404F0AA3484EA000384EA760148
:108C20004FEA730381EA132000F0FF10414083EA0A
:108C3000002381EA930000F03330414083EA80034F
:108C400083EA114080B2434081EA004183EA111077
:108C500000F00F3081EA0011434000200C0ED1706B
:108C6000D37114700C0C090A54701C0E9170190CFD
:108C70001B0A14715171937103B0BDE8F08F00BFEE
:108C800012F0070F5BD101292DE9F043074683B0AD
:108C9000994629D022B309F1FF38DDE90A53DC1DDA
:108CA000AE1828686B466968E21F03C32946384638
:108CB000FFF7B6FDA4F10802434612F8011F13F8AE
:108CC000010FA24281EA00011170F6D16B4608350E
:108CD0000834B54203CBC9F80000C9F80410E0D14C
:108CE000002003B0BDE8F083002AF9D009F1FF3875
:108CF000DDE90A36DC1DB518A4F108024046711EF4
:108D000012F8013F10F801CFA24283EA0C0301F8E8
:108D1000013FF5D13246314608363846FFF780FD2F
:108D2000083456F8082CAE4256F8043CC9F8002026
:108D3000C9F80430E0D1002003B0BDE8F0836FF043
:108D4000310070472DE9F04F0B6883B04C688446C2
:108D50001BBA009024BABC484FF0000E83EA1412EC
:108D600002F00F32534084EA021483EA040202F054
:108D7000103253405440C3F34352C3F3431700EB44
:108D80008202D2F8006903F00F0200EB8202D2F8EF
:108D90000059C3F3036200EB8202D2F80019C4F356
:108DA000436241EAC501250F00EB820200EB850515
:108DB000D2F84029D5F8405942EA05125D0F00EB80
:108DC0008505D5F8005941EA0511C4F3430500EBC8
:108DD0008505D5F8405942EAC502C3F3032500EBE7
:108DE0008505D5F8005941EA8501C4F3432500EB18
:108DF0008505D5F8405942EA8502C3F3034500EBE7
:108E00008505D5F8005941EA4501C4F3434500EB17
:108E10008505D5F8405942EA4505C3F3433200EBD6
:108E2000870300EB8202D3F8003941EAC311D2F87C
:108E3000003941EA8311C4F3031300EB830341EAD1
:108E40004611D3F8402921F0704145EAC212C4F31B
:108E50000335C4F3035400EB850500EB8403D5F818
:108E60004009D3F8403942EA801242EA431263468D
:108E7000043322F070420193D4E04FF4014323FA0B
:108E80000EF3DB0700F1D280930E880E43EA8203D3
:108E900040EA810123F0704221F07041CD0302F4D9
:108EA000807C0B010E0705F00057480403F01053B7
:108EB00006F080568C0200F0805005F400353343F4
:108EC00002F40076384367464FEA912C3B43064351
:108ED0008F0304F0006004F480244FEA923907F015
:108EE00000670643880509F4007B3B438F0400F0CC
:108EF000806029F4FE6907F002774FEA52180643B2
:108F000088083B438F0100F0007029F0070907F043
:108F1000807708F02008064348003B434F0200F0EA
:108F200080704FEA095907F400174FEAD21A064336
:108F300008043B434F0800F400104FEA195907F4A6
:108F400080170AF0200A0643C8023B438F0000F452
:108F50008010234307F400340643C80023438C09E0
:108F600000F40020570B04F4802430430CF48036C6
:108F700007F400573343204316090C093B4306F41A
:108F8000805C284304F480349701960843EA0C037C
:108F900007F40067204306F40056150254083B43CB
:108FA000304305F4805504F48064570A28434FEA9F
:108FB000922C234307F48067D60140EA090043EA74
:108FC0000B03D40806F4807638430CF0100C43EA07
:108FD0000803304304F01107950C04F0080443EA39
:108FE0000C03960E05F0040540EA0A0023439400A2
:108FF00038432B4304F0040406F00205C2F3006674
:109000002043540D2B43009D04F0020433432043BE
:1090100045F83E30019B43F83E000EF1010EBEF1D3
:10902000100F0ED0BEF1010F3FF727AFD30EC80EC1
:1090300043EA420340EA410123F0704221F07041CB
:109040002CE703B0BDE8F08FFCA6026008B5FFF77F
:1090500079FE002008BD00BF38B50446FFF772FE58
:1090600000232246211D956F083A54F8230044F846
:109070002350D2F88450C2F8800051F8230041F800
:1090800023500233C2F88400102BECD1002038BDED
:1090900070B516460C4605461146FFF753FE06F11D
:1090A000080104F18000FFF74DFE28462146A5F196
:1090B000800C2B462246846F0838083A08330C602F
:1090C0000831D0F88440604541F8044CD2F80041A2
:1090D00053F8045C9C6753F8086CD2F80441C3E968
:1090E0003E65DC6751E90254C1E93E54E3D170BDED
:1090F00000B5E1B00A466946FFF7CAFF68464FF47B
:10910000C07108F0C9FE002061B05DF804FB00BF2B
:1091100000B5E1B00A4601466846FFF7B9FF684668
:109120004FF4C07108F0B8FE002061B05DF804FB98
:1091300070B516460D4604461146FFF703FE05F1CD
:10914000800006F10801FFF7FDFD06F1100104F5AE
:109150008070FFF7F7FD29462046A4F180052246DE
:109160000B46D0F878410838083B08320C6085423D
:10917000D0F8844101F1080141F8044CD3F80041D2
:109180009467D3F80441D467D0F88040C1F8F84020
:10919000D0F88440C1F8FC40E3D170BD00B5E1B027
:1091A0000A466946FFF7C4FF68464FF4C07108F0ED
:1091B00073FE002061B05DF804FB00BF00B5E1B0B4
:1091C0000A4601466846FFF7B3FF68464FF4C07190
:1091D00008F062FE002061B05DF804FB2DE9F04F5D
:1091E000ADF5697D80220021824608A802AC19F005
:1091F0005FF800214FF4C07228A80E46DFF810B3C4
:10920000DFF82C8319F054F8771006F00109BAF151
:10921000000F0FD07A1C002FB94B4046C2EBC202A0
:109220000CBF20213321B9F1000F08BF5B46D200EB
:1092300019F076F8B34B93E80300731E84E803003B
:10924000042B00F28481DFE803F063574B3F0300F7
:1092500088AD28A8AC4A2946FFF76AFF28464FF494
:10926000C07108F019FE42F2107503E0FFF77CF9B7
:10927000013D09D02246214608A8002FF6D028A893
:10928000FFF7CEFA013DF5D1B9F1000F40F0198199
:109290009E4B53F8372003EBC703216891423CD023
:1092A000BAF1000F40F022814FF0010A08A8802196
:1092B00008F0F2FD28A84FF4C07108F0EDFD50460B
:1092C0000DF5697DBDE8F08F88AD28A98E4A284646
:1092D000FFF72EFF28464FF4C07108F0DDFDC2E70E
:1092E00088AD28A8884A2946FFF7D2FE28464FF4C1
:1092F000C07108F0D1FDB6E788AD28A9824A28469A
:10930000FFF7C6FE28464FF4C07108F0C5FDAAE776
:109310007D4908A8FFF716FDA5E75B6862689A42D9
:10932000BED1BAF1000F40F0E7800136062E7FF47F
:109330006BAFBAF1000F40F001814FF0000B0DF15F
:10934000180804AD4FEA6B07BAF1000F12D0002FD6
:1093500007F101026A4EC2EBC2020CBF2021332189
:109360001BF0010F6A4B4FEAC2026A4818BF33462E
:1093700018F0D6FF684A0BF1FF3392E80300614A08
:1093800088E8030085E8030092E8030084E803000E
:10939000042B00F2D780DFE803F08E8276320300E0
:1093A00088AE28A8584A3146FFF7C2FE4FF4C07174
:1093B000304608F071FD42F2107912E0CDE9004428
:1093C000FFF7CCF9B9F1010995E8030086E803003D
:1093D00094E8030085E8030096E8030084E80300AE
:1093E00071D043460822012108A8002FE6D00121B0
:1093F000082228A8CDE90044FFF742FCE2E788AE46
:1094000028A9414A3046FFF793FE30464FF4C07119
:1094100008F042FD42F2107605E0CDE90044FFF786
:109420009DF9013E0ED043460822394608A8002F78
:10943000F3D00822002128A8CDE90044FFF720FC42
:10944000013EF0D1354B216853F8372003EBC703B9
:1094500091427FF425AF5B6862689A427FF420AF47
:10946000BAF1000F66D10BF1010BBBF1060F7FF4CF
:1094700069AFBAF1000F3FF419AF0A204FF0000AAC
:1094800018F01AFF12E788AE28A81F4A3146FFF7E6
:10949000FFFD4FF4C071304608F0FEFC8BE788AE4C
:1094A00028A9194A3046FFF7F3FD30464FF4C07142
:1094B00008F0F2FCAEE7144908A888AEFFF742FCBA
:1094C00079E7174BE5E6174B95E8030053F837208B
:1094D00003EBC703904284E803007FF4E1AE5B68CE
:1094E0009942BDD0BAF1000F3FF4DEAE0E484FF006
:1094F000010A18F021FFD9E60C4818F01DFF14E707
:10950000D4310020683A00207CB0026094B0026040
:10951000D0310020503A0020743A0020DCB00260C4
:10952000ACB00260C4B0026048320020F8310020C4
:10953000383A0020084818F0FFFE94E70A2018F097
:10954000BBFEFAE6054908A8FFF786FD62E7034976
:1095500008A8FFF781FD86E6F83100207CB00260A4
:1095600038B50B680D46D11A012913DD194631F8BB
:10957000024B64BA521A2960A4B2A2420ADB224604
:10958000FAF7FEFC18B92B6823442B6038BDA0F510
:10959000445038BD004838BD80CFFFFF70B586B05D
:1095A00006460D466846FAF7B7FA03A8FAF7B4FA82
:1095B00002216846FAF722FC044640B16846FAF7F1
:1095C000B3FA03A8FAF7B0FA204606B070BD02223B
:1095D000294603A8FBF764F804460028EED1694643
:1095E0003046FAF7BDFE002805DB03A93046FAF73E
:1095F000B7FE0028E2DD014CE0E700BF80CFFFFFAF
:109600007C22002118F054BE2DE9F843071D0546C1
:10961000884616463846FFF7A3FF044610B1204699
:10962000BDE8F8833246414605F11000FFF798FF88
:1096300004460028F3D105F1340932464146484634
:10964000FFF78EFF04460028E9D139464846FFF768
:10965000A5FF04460028E2D13846FAF78BFC2860C3
:10966000DDE700BF2DE9F04F051D85B006460F462A
:10967000284600219146DDF838A0DDF83CB0029381
:10968000FAF7C0FE00287DD006F11C044FF00C084C
:109690005B46524639462046FBF764FF20B16AE03C
:1096A000FAF752FD002866D129462046FAF758FEFF
:1096B000034601212046002BF2DAB8F101085FD001
:1096C0002946FFF76BFF0028E2D106F14C0306F1B3
:1096D000280806F1100A2246009340462B465146C0
:1096E000FBF78CFD002846D129464046FFF756FF80
:1096F000002842D1284609F1020BFAF73BFC044648
:109700005046FAF737FC07464046FAF733FC034663
:109710002246284659461D46FAF79AFC58BB0BEBE1
:109720000403220A504689F8014003F1020A89F82D
:1097300000203A4603935146FAF78AFCD8B93A0A10
:1097400040460AEB0708039B0BF804202A4608F161
:10975000020B5F705946FAF77BFC60B92A0A0BEBE3
:1097600005030AF80720A3EB0903029A88F80150C1
:109770001360346001E0A0F5465005B0BDE8F08FFD
:109780000148FAE70148F8E780CEFFFF80CFFFFFEE
:10979000002A18BF0029F8B51AD00546C0B1071D28
:1097A00016463846FAF742FA044618B1A4F556545C
:1097B0002046F8BD314605F11000FAF737FA0446A5
:1097C0000028F3D13846FAF7D5FB28602046F8BDCB
:1097D000004CEDE780CFFFFF70B16AB110B50468AF
:1097E000944207D33430FAF7CBFB00B910BDA0F593
:1097F000485010BD014810BD0048704780CFFFFFA2
:109800002DE9F04F85B0DDF838A0DDF83CB00392CB
:1098100000284FD08846B3FA83F11F464909002B30
:1098200048D003680646BB4244D3051D2846FAF7D4
:10983000E9FD00283ED006F11C044FF00C095B4600
:10984000524641462046FBF78DFE18B12BE0FAF751
:109850007BFC40BB29462046FAF782FD03460121E6
:109860002046002BF3DAB9F1010921D02946FFF790
:1098700095FE0028E3D106F14C03224606F12804A8
:1098800006F1100100932B462046FBF7B7FC50B9B8
:1098900029462046FFF782FE38B93A46039920460A
:1098A000FAF7D6FB08B1A0F54A5005B0BDE8F08F35
:1098B0000148FAE70148F8E780CDFFFF80CFFFFFBE
:1098C0002DE9F04F87B0002800F0EB80994603683F
:1098D0000546934200F2E580071D00F1340A8846F0
:1098E00050463946FFF75AFE044618B1204607B0E5
:1098F000BDE8F08F03A8FAF70FF9109B002B00F0DA
:109900009B8005F11C0B05F1700458462146FAF7BF
:1099100027FD002842D105F1580601213046FAF70B
:1099200071FD002840F09D800C243846FAF722FB98
:1099300001463046DDE91023FBF714FE18B124E0A0
:10994000FAF702FC08BB39463046FAF709FD034630
:1099500001213046002BF3DA013C00F0A480FAF735
:1099600051FD0028E1DD05F164043A463146204608
:10997000FCF7E4F848B905F14C035A462146204665
:1099800000933B46FBF73AFCF0B1A0F54C5403A81A
:10999000FAF7CAF8204607B0BDE8F08F20465946CE
:1099A000FAF744F90028F0D105F1580601213046B4
:1099B000FAF724FA0028E8D105F1640401212046D1
:1099C000FAF71CFA0028E0D13246514603A8FAF70C
:1099D0009FFE0028D9D103A93A460846FBF764FA4E
:1099E0000028D2D105F140064C355A463B4603A922
:1099F00030460095FBF702FC0028C6D122463146CE
:109A00003046FAF785FE0028BFD13A463146304647
:109A1000FBF74AFA0028B8D13046FAF7ABFA02460B
:109A200041463046C9F80020FAF712FB04460028E8
:109A3000ADD0A0F54C54AAE7514603A8FAF7F6F8C2
:109A40000028A2D105F14C0205F140063B4603A9CE
:109A50000092304605F11C02FBF7D0FB002894D1A0
:109A6000DAE7324631463046FAF752FE00288CD10A
:109A70003A4631463046FBF717FA002885D105F102
:109A80006404224621462046FAF742FE00287FF46D
:109A90007CAF3A4621462046FBF706FA002893D0D1
:109AA00073E7024C22E7024C71E700BF80CFFFFF53
:109AB000F2CCFFFF10B504467030FAF735F804F128
:109AC0006400FAF731F804F15800FAF72DF804F1C0
:109AD0004C00FAF729F804F14000FAF725F804F1F0
:109AE0003400FAF721F804F12800FAF71DF804F120
:109AF0001C00FAF719F804F11000FAF715F8201D08
:109B0000FAF712F820467C21BDE8104008F0C4B9ED
:109B10002DE9F0418EB006460D4608A8059205F0E5
:109B2000B7FF059991B92946302306AA07A80795DA
:109B3000F8F7DCFF044640B3A4F54E5408A806F03D
:109B400037FADCB920460EB0BDE8F081294411F89F
:109B5000013C002BE8D105AA2D4908A802922D4A04
:109B6000CDE900332B4605F099FF044600283BD091
:109B700010F5845F49D008A806F01AFA3046FFF7BE
:109B800099FF20460EB0BDE8F081DDE90635371DAE
:109B900007A81D443A462946F9F7CCF804460028A0
:109BA000CAD106F11002294607A8F9F7C3F80446FE
:109BB0000028C1D1079BAB421ED00BA8F9F7ACFF20
:109BC0000BAA294607A8F9F7B5F880460BA8F9F7BC
:109BD000ABFFB8F1000F0CD1079BAB420CD008A82B
:109BE0000D4C06F0E5F9C9E7DDE908510591294476
:109BF0009AE7A8F54E54A1E73846FAF7BBF90346B1
:109C000008A8336006F0D4F99CE7059929448BE74E
:109C10009C3A0020803A00201ACCFFFF10B5A0B07B
:109C200004467C22002101A818F042FB6CB9FB22FB
:109C3000144901A8FFF76CFF041E01A818BF0124F6
:109C4000FFF738FF204620B010BD0F4818F068FB22
:109C5000FB220C4901A8FFF75BFF044640B90B4803
:109C600018F06AFB01A8FFF725FF204620B010BDC1
:109C70000124074818F060FB01A8FFF71BFF2046EE
:109C800020B010BDF4B00260BC3A0020B032002019
:109C90004832002002F0CABA2DE9F0418CB01646D5
:109CA00005461F4603A8884601F04EFA314628466D
:109CB00002F030FA044630B103A801F075FA2046EC
:109CC0000CB0BDE8F081139933463A46284601911D
:109CD0001299009103A901F0BFFE04460028EBD1C0
:109CE00003A801F06FFD28B903A94046F9F79EFFCC
:109CF0000446E1E7004CDFE780B0FFFF4FF49A72C3
:109D0000002118F0D5BA00BF08B310B5044601F021
:109D10005BFA04F1880001F047FA04F1AC0001F0AD
:109D200043FA04F1E00001F03FFA04F5827001F01B
:109D30003BFA04F17C00F9F7F7FE04F1D000F9F7E3
:109D4000F3FE04F59470BDE81040F9F7EDBE7047DE
:109D5000002835D02DE9F0411E46836D84B00446BD
:109D600063B30B9B00F188080F461546009300F182
:109D70007C010A9B424602F059FA10B104B0BDE8DA
:109D8000F08133462A4602A9204601F041FE002810
:109D9000F4D1029B41462046F61A1D4403AB0196BE
:109DA0000095D4F8DC2001F0EFFD0028E6D1DDE9D4
:109DB000023213443B6004B0BDE8F0810148DDE7A6
:109DC0000048704780B0FFFF70B515460A680C4622
:109DD0000646AA1A01F0F0FD00B170BD23682246C4
:109DE00006F1AC013046EB1ABDE8704001F0B2BD9F
:109DF00070B505460E46144601F05EFA48B9012CCE
:109E000010D0BCB906F1880105F1880001F03CFAD8
:109E100000B170BD06F17C0105F17C00BDE8704029
:109E2000F9F704BF06F1880105F1AC00BDE8704008
:109E300001F02ABA004870BD80B0FFFF2DE9F04163
:109E400082B00F469846DDE90831E0B11646826DD2
:109E50000446C2B100F18805009100F17C012A4658
:109E600002F0E4F910B102B0BDE8F081CDF8248031
:109E70003B46D4F8DC2029462046089602B0BDE8CF
:109E8000F04101F081BD0148EDE700BF80B0FFFF68
:109E900030B583B00C46019168B1014615461346B2
:109EA00001AAAC3101F056FD18B9019B1B1BAB4256
:109EB00001D103B030BD0148FBE700BF80B0FFFF18
:109EC0002DE9F04182B017469846DDE9083220B30B
:109ED00000F1D0050E4604462946CDE9003200F1D6
:109EE0007C0300F1AC02FFF7D7FE10B102B0BDE871
:109EF000F0812846FAF73EF840450ED8A36D394662
:109F0000284613F0070218BF012202EBD302326089
:109F100002B0BDE8F041FAF79BB80148E6E700BFA0
:109F200080B0FFFFF8B5C46D0F46054611460734F3
:109F30003846E4089C4228BF1C462246FAF720F81F
:109F4000064680B9EB6DE100B3EBC40F04D2C91A29
:109F50003846FAF7F9F878B94C3538462946FAF711
:109F6000FFF9002801DA3046F8BD2A46394638465E
:109F7000BDE8F840FAF732BB06463046F8BD00BFF0
:109F80002DE9F04F9A4699B0436DDDF89080DDF8E9
:109F900094900392002B00F0C78005460C46504673
:109FA0000121FAF72FFA0028C0F2BC8005F14C0716
:109FB00050463946FAF7D4F9002880F2B3800FA84A
:109FC00001F0C2F806A8F9F7A7FD0C2309A804932D
:109FD000F9F7A2FD0CA8F9F79FFD0C2602E0FAF7AD
:109FE00011FA38BB43460FAA06A92846CDF80090BF
:109FF00002F01CF903463A460FA9204643B9FAF786
:10A0000053FF034620461BB9013E1946E7D1474B93
:10A010000FA8039301F0C8F806A8F9F785FD09A871
:10A02000F9F782FD0CA8F9F77FFD039B184619B0DC
:10A03000BDE8F08FDDE9222309A92846FFF772FF6A
:10A0400003460028E4D14FF01F0BEE6D4B4642460D
:10A050000CA80736F10826F00706FBF783FA03463B
:10A060000CA8002BD4D1E96D711AFAF76DF8012113
:10A0700003460028CCD1BBF1010B51D00CA8FAF754
:10A08000C1F900283946E0DB0CA8FAF769F9002885
:10A09000DBDA039E524621463046FAF739FB034687
:10A0A0000028B5D109A932460846FAF76FFA0346E7
:10A0B0000028ADD109A90CAA0846FAF729FB0346E6
:10A0C0000028A5D106A90CAA0846FAF721FB0346E9
:10A0D00000289DD13A4606A93046FBF72FFD0346DE
:10A0E000002895D109AA31463046FAF711FB0346FC
:10A0F00000288DD13A4631463046FAF7D5FE034660
:10A10000002885D1049A013A049280D00146059036
:10A110003046FAF777F9059B00283FF45EAF77E702
:10A12000024B83E7024B81E7024B7FE700B3FFFF5F
:10A1300080B3FFFF80B0FFFF2DE9F047B8B00646BF
:10A14000C56D89469DF808019246984604F03AFA92
:10A15000002841D00735074604A8ED08F9F7DCFCD4
:10A160001FA803F06DFF2A4607A94046F9F770FFC4
:10A17000044648B11FA804F0B5F804A8F9F7D4FCC8
:10A18000204638B0BDE8F087DDE9402304A9304619
:10A19000FFF7C8FE04460028ECD107AB2A4604A806
:10A1A0005919F9F755FF04460028E3D11FAC6B009D
:10A1B00007AA39461FA803F099FF0394419C434620
:10A1C0005246494601943046409C0094034C029408
:10A1D000FFF7D6FE0446CDE7014CD1E7D1E200609F
:10A1E00080B0FFFF2DE9F04798B004461D460E46AB
:10A1F0000FA81746DDF8808000F0A6FF03A8F9F746
:10A200008BFC06A8F9F788FC09A8F9F785FC0CA8CF
:10A21000F9F782FC636D002B00F089800121404634
:10A22000FAF7F0F8002807DB04F14C0A40465146E3
:10A23000FAF796F8002814DBDFF8F8900FA800F082
:10A24000B3FF03A8F9F770FC06A8F9F76DFC09A89D
:10A25000F9F76AFC0CA8F9F767FC484618B0BDE8A6
:10A26000F08701212198FAF7CDF80028E4DB514668
:10A270002198FAF775F80028DEDA2946204601F021
:10A2800049FF81460028D9D13B46324603A92046E2
:10A29000FFF748FE81460028D0D15246219906A8F2
:10A2A000FBF74CFC81460028C8D106AA03A909A8DF
:10A2B000FAF72EFA81460028C0D109A9524608466D
:10A2C000FAF7F2FD81460028B8D106AA41460CA84B
:10A2D000FAF71EFA81460028B0D10CA9524608466A
:10A2E000FAF7E2FD81460028A8D10CAB204609AA66
:10A2F0000FA9009304F12803019501F0C3FE8146E4
:10A3000000289BD10FA801F05DFA002894D10FA975
:10A3100052460846FAF7C8FD814600288ED14146CC
:10A320000FA8FAF71DF88146002887D084E7DFF8E8
:10A33000089092E700B2FFFF80B0FFFFF0B5A7B032
:10A340000F46044615461E4605A8F9F7E5FB08A882
:10A35000F9F7E2FB04F17C03204608AA05A9009561
:10A36000CDE90167FFF7E8FE044640B105A8F9F71B
:10A37000DBFB08A8F9F7D8FB204627B0F0BD0DF1AC
:10A38000950308AA0BA904A80493F8F745FE051E37
:10A3900020DB05AA0BA904A8F8F73EFE002818DB6D
:10A3A0002E180BA904A83246F8F79AFD051E11DBFA
:10A3B0000BA904A83022F8F707FE002809DB354472
:10A3C000049905442C982A4617F0BAFF2D9B1D606E
:10A3D000CCE705462C46C9E710B584B000240093AD
:10A3E00013460A46069901919DF81C10CDE90244D6
:10A3F000FFF7A4FF04B010BDF0B58BB004460E46C5
:10A400001746109D04A802931D44F9F785FB07A881
:10A41000F9F782FB302303AA294602A8F8F766FB66
:10A4200050B9DDE9023213449D422BD104AA2946DA
:10A4300002A8F8F77FFC50B1A0F59F4404A8F9F7F3
:10A4400073FB07A8F9F770FB20460BB0F0BD02A81C
:10A4500007AA2946F8F76EFC0028EDD107AB204685
:10A460003A463146019304AB009304F18803FFF7A9
:10A47000B9FE04460028E1D1029A034BAA4218BF54
:10A480001C46DBE7014CD9E700B4FFFF1AB0FFFF21
:10A4900070B582B0044616461D4602F067FF10B143
:10A4A000012002B070BD334604F1880204F17C0142
:10A4B0002046009501F0BAFE003818BF012002B016
:10A4C00070BD00BF70B505460E4600F0F5FE0446AF
:10A4D00038B906F17C0105F17C00F9F7A7FB0446C9
:10A4E00020B1284600F0B8FE204670BD06F1880174
:10A4F00005F1880000F0C8FE04460028F4D0F0E71B
:10A5000000F038BE00F0A8BE4B6E70B50D46044694
:10A51000002B39D00368002B2FDB2046F9F7F4FC21
:10A52000AB6DB0EB430F2DD86B6E204698470646B7
:10A53000F0B9043509E0F9F765FF03462A462146DC
:10A5400020465BB1FAF722F8A0B923680021204623
:10A550008B42F0DB02E0F9F7CFFF58B929462046DD
:10A56000F9F7FEFE03462A462146002B2046F2DA82
:10A57000304670BD0646304670BD0021F9F742FFF7
:10A580000028CAD0034EF3E70A1D0146BDE870401B
:10A59000FAF78ABC80B0FFFF2DE9F0410D4686B086
:10A5A0000646002105F118073846F9F72BFF20B9B8
:10A5B0000446204606B0BDE8F0816846F9F7ACFADB
:10A5C00003A8F9F7A9FA321D39466846FBF7B6FA2F
:10A5D000044630B96A46694603A8FAF799F8044672
:10A5E00048B16846F9F7A0FA03A8F9F79DFA2046A2
:10A5F00006B0BDE8F081314603A8FFF785FF0446A9
:10A600000028EED1DFF8908003AA29462846D8F822
:10A6100000300133C8F80030FAF77AF80446002811
:10A62000DFD131462846FFF76FFF04460028D8D116
:10A63000D8F800300C3503AA013329462846C8F85B
:10A640000030FAF765F804460028CAD1314628469A
:10A65000FFF75AFF04460028C3D1D8F800306A46F5
:10A66000294628460133C8F80030FAF751F8044665
:10A670000028B6D131462846FFF746FF0446002899
:10A68000AFD1D8F80030384601210133C8F8003086
:10A69000F9F7B4FB0446A4E78C0E012070B50C4614
:10A6A00084B0054616460C3401A8F9F735FA291D81
:10A6B000224601A8F9F792FF054670B901462046E7
:10A6C000F9F7A0FE034601A92046002B0CBF00228B
:10A6D00006F00102F9F712FB054601A8F9F724FA82
:10A6E000284604B070BD00BF2DE9F047B24C8CB0D5
:10A6F00006460F4623686846154601332360F9F77E
:10A700000BFA03A8F9F708FA06A8F9F705FA09A859
:10A71000F9F702FAB369002B00F0AA812A4629460C
:10A7200003A8F9F7F5FF044678B16846F9F7FCF994
:10A7300003A8F9F7F9F906A8F9F7F6F909A8F9F75E
:10A74000F3F920460CB0BDE8F087314603A8FFF7C7
:10A75000DBFE04460028E8D1DFF86082032203A96B
:10A760006846D8F800300133C8F80030FAF73AF9F3
:10A7700004460028D9D106F1040904E0F9F7BCFE2B
:10A7800004460028D1D149466846F9F7E9FD034659
:10A790004A466946002B6846F0DA06F1100A0021A5
:10A7A0005046F9F72FFE002840F0E08105F10C0A31
:10A7B00006A852465146F9F7ABFF04460028B4D12B
:10A7C000314606A8FFF7A0FE04460028ADD1D8F810
:10A7D0000030012106A80133C8F80030F9F760FC09
:10A7E000044628B1A1E7F9F787FE044600289CD16A
:10A7F000494606A8F9F7B4FD034606A94A46002BC8
:10A800000846F0DA0A4603A82946F9F781FF04460C
:10A8100000288AD1314603A8FFF776FE04460028B7
:10A8200083D1D8F80030012103A80133C8F80030E3
:10A83000F9F736FC044630B177E7F9F75DFE0446D8
:10A8400000287FF472AF494603A8F9F789FD034653
:10A8500003A94A46002B0846EFDA06AA09A81146C2
:10A86000F9F756FF044600287FF45FAF314609A888
:10A87000FFF74AFE044600287FF457AFD8F80030AF
:10A88000012109A80133C8F80030F9F709FC044692
:10A8900030B14AE7F9F730FE044600287FF445AFAF
:10A8A000494609A8F9F75CFD034609A94A46002B69
:10A8B0000846EFDA6A46694606A8F9F729FF044612
:10A8C00000287FF432AF314606A8FFF71DFE04468C
:10A8D00000287FF42AAFD8F8003006A903AA013374
:10A8E0000846C8F80030F9F779FE044668B11CE75D
:10A8F000F9F788FD06A903464A46084653B1F9F719
:10A9000045FE044600287FF410AF069B002106A8F0
:10A910008B42EDDB06A903AA0846F9F75FFE044661
:10A9200068B102E7F9F76EFD06A903464A460846F4
:10A9300053B1F9F72BFE044600287FF4F6AE069BD0
:10A94000002106A88B42EDDB03A906AA0846F9F709
:10A9500045FE044668B1E8E6F9F754FD03A903464D
:10A960004A46084653B1F9F711FE044600287FF421
:10A97000DCAE039B002103A88B42EDDB03A96A46F2
:10A980000846F9F7C5FE044600287FF4CEAE3146EE
:10A9900003A8FFF7B9FD044600287FF4C6AED8F837
:10A9A000003003A909AA01330846C8F80030F9F7B6
:10A9B00015FE044688B1B8E6680501208C0E01201A
:10A9C000F9F720FD03A903464A46084653B1F9F7B3
:10A9D000DDFD044600287FF4A8AE039B002103A8F8
:10A9E0008B42EDDB05F11802514609A8F9F790FEFC
:10A9F000044600287FF499AE314609A8FFF784FD8C
:10AA0000044600287FF491AED8F80030012109A84F
:10AA10000133C8F80030F9F743FB044630B184E64F
:10AA2000F9F76AFD044600287FF47FAE494609A87D
:10AA3000F9F796FC034609A94A46002B0846EFDAC7
:10AA400006A93846F9F7F2F8044600287FF46DAEFF
:10AA500003A907F10C00F9F7E9F8044600287FF490
:10AA600064AE07F1180009A9F9F7E0F804465CE6BE
:10AA700005F1180203A81146F9F74AFE044600281A
:10AA80007FF453AE314603A8FFF73EFD044600288D
:10AA90007FF44BAEDFF88C8103AA294606A8D8F8CC
:10AAA00000300133C8F80030F9F770FD0446002883
:10AAB0007FF43BAE06F1040905E0F9F71DFD0446FD
:10AAC00000287FF432AE494606A8F9F749FC034650
:10AAD00006A94A46002B0846EFDA03AA294609A828
:10AAE000F9F77CFD044668B11FE6F9F78BFC09A96C
:10AAF00003464A46084653B1F9F748FD0446002884
:10AB00007FF413AE099B002109A88B42EDDB09AA53
:10AB100006A903A8F9F7FCFD044600287FF405AE5A
:10AB2000314603A8FFF7F0FC044600287FF4FDAD92
:10AB3000D8F80030032203A968460133C8F8003072
:10AB4000F9F750FF044630B1EFE5F9F7D5FC0446BC
:10AB500000287FF4EAAD49466846F9F701FC034650
:10AB60004A466946002B6846EFDA1FE605F11802EF
:10AB700003A81146F9F7CCFD044600287FF4D5ADB3
:10AB8000314603A8FFF7C0FC044600287FF4CDAD92
:10AB9000D8F8003003AA06A801331146C8F80030DF
:10ABA000F9F7B6FD044600287FF4BFAD314606A88C
:10ABB000FFF7AAFC044600287FF4B7ADD8F80030B0
:10ABC000524606A903A80133C8F80030F9F7A0FDE2
:10ABD000044600287FF4A9AD314603A8FFF794FC92
:10ABE000044600287FF4A1ADD8F8003003AA6946D6
:10ABF00068460133C8F80030F9F7C8FC044630B1A4
:10AC000093E5F9F779FC044600287FF48EAD4946B8
:10AC10006846F9F7A5FB03464A466946002B684695
:10AC2000EFDAC3E58C0E01202DE9F0410D4686B028
:10AC3000002106462846F9F7E5FB0028C0F2A0806F
:10AC400005F10C0400212046F9F7DCFB0028C0F2D6
:10AC50009780371D28463946F9F782FB002880F295
:10AC60008F8039462046F9F77BFB002880F28880E8
:10AC70006846F8F751FF03A8F8F74EFF2246214631
:10AC80006846F9F745FD044648B16846F8F74CFFB9
:10AC900003A8F8F749FF204606B0BDE8F081314629
:10ACA0006846FFF731FC04460028EED1DFF810813A
:10ACB0002A46294603A8D8F800300133C8F80030E6
:10ACC000F9F726FD04460028DFD1314603A8FFF737
:10ACD0001BFC04460028D8D1D8F800300133C8F84E
:10ACE0000030B369002B4DD003A906F110020846CD
:10ACF000F9F74CFC044628B1C7E7F9F7FDFB044619
:10AD00000028C2D1394603A8F9F72AFB034603A954
:10AD10003A46002B0846F0DA03A92A460846F9F716
:10AD2000F7FC04460028B0D1314603A8FFF7ECFB3E
:10AD300004460028A9D1D8F8003003A906F11C0266
:10AD400001330846C8F80030F9F720FC044628B162
:10AD50009BE7F9F7D1FB0446002896D1394603A8B2
:10AD6000F9F7FEFA034603A93A46002B0846F0DA43
:10AD70006846F9F7F5FA114B041E18BF1C4684E724
:10AD80000E4C88E703A903220846F9F789FC04461C
:10AD900070B17AE7F9F736FB03A903463A4608464D
:10ADA000002BB9D0F9F7F2FB044600287FF46DAF11
:10ADB000039B002103A88B42ECDBADE780B3FFFFD0
:10ADC0008C0E01202DE9F04F012A8FB0019140F245
:10ADD0001B8106460C211046924617F085FA8046E4
:10ADE000002800F0178105A8F8F796FE08A8F8F7E4
:10ADF00093FE0BA8F8F790FE019B404619681831A6
:10AE0000F8F714FF0746002840F0E080019C4FEA65
:10AE10008A0308F10C0B804DA4F10409039309EB9C
:10AE20008A0954F8042FABF10C0158461832F9F78F
:10AE30006FFC0746314658460BF10C0B002F40F0D3
:10AE4000C580FFF761FB0746002840F0BF802A68F5
:10AE50004C4502F101022A60E3D10AEB4A09321D96
:10AE60004FEA4A0305A84FEA89090293A9F10C01A8
:10AE70004144FAF763FE0746002840F0AA80019B90
:10AE8000A9F11809039A0AF1FF34C14413449B46FF
:10AE9000002C00F093804A4605A908A8F9F738FC71
:10AEA0000746002840F09580314608A8FFF72CFBA4
:10AEB0000746002840F08D802B6805A95BF8042C1C
:10AEC0000133084618322B60F9F722FC07460028A8
:10AED0007FD1314605A8FFF717FB0746002878D138
:10AEE0002B6801332B6008AA0BA81146F9F710FC58
:10AEF000074600286DD131460BA8FFF705FB074632
:10AF0000002866D12B680BAA5BF8041C01330846A5
:10AF10002B60F9F7FDFB074600285AD131465BF854
:10AF2000040CFFF7F1FA0746002852D15BF8041C25
:10AF30000BAA2B680C31013308462B60F9F7E8FBAC
:10AF40000746002845D15BF8040C31460C30FFF76A
:10AF5000DBFA074600283CD15BF8041C08AA2B68E2
:10AF60000C31013308462B60F9F7D2FB074680BB52
:10AF70005BF8040C31460C30FFF7C6FA074640BBBD
:10AF80002B68B16801335BF8040C2B60F8F710FEF6
:10AF90000746F0B95BF8040CB1680C30F8F708FE0E
:10AFA0000746B0B95BF8040DA9F10C091830F8F7A1
:10AFB000BBFD74B1013C002C7FF46DAF05A908A85E
:10AFC000F8F734FE074600288DD002E04FEA4A0326
:10AFD000029305A84546F8F7A7FD08A8F8F7A4FDD1
:10AFE0000BA8F8F7A1FD029C544408EB8404284602
:10AFF0000C35F8F799FDAC42F9D1404617F088F9C5
:10B0000038460FB0BDE8F08F09680FB0BDE8F04FCB
:10B01000FFF7C2BA014FF3E78C0E012080B2FFFFA9
:10B020002DE9F04383B017460C4605469DF828608D
:10B030003946204616F07E0FC6F345080CBF0122A4
:10B0400000220192F8F75AFE18BB04F10C09019A8C
:10B0500007F10C014846F8F751FED0B9A8F10102FA
:10B0600007F124012046B2FA82F252090192F8F760
:10B0700045FE70B9019A07F130014846F8F73EFEE7
:10B0800038B9F2092146284603B0BDE8F043FFF77E
:10B0900005BB03B0BDE8F08300487047F0B1026023
:10B0A00030B40C4C23688BB90B4D03220B494FF085
:10B0B000040C284601E094460A7B0C31013300F869
:10B0C00001CB002AF7D10121EA542160024830BCAB
:10B0D000704700BF9C0C0120DC070120F0B102602A
:10B0E000064B0422014602E01A7B0C331AB191424E
:10B0F000FAD118467047134618467047F0B10260FF
:10B10000054B182103E013F80C2F1AB15988884217
:10B110001A46F8D110467047F0B1026038B50546BE
:10B12000074C084803E014F80C3F33B1A0682946E7
:10B1300017F0B6F823460028F5D1184638BD00BFF1
:10B14000F0B10260D43A002068B110B50446F8F7B7
:10B15000E3FC04F10C00F8F7DFFC04F11800BDE893
:10B160001040F8F7D9BC704718B17C22002117F0C5
:10B170009FB87047B8B17C22002110B5044617F083
:10B1800097F804F17C00F8F7C7FC04F18800F8F7A1
:10B19000C3FC04F19400F8F7BFFC04F1A000BDE883
:10B1A0001040F8F7B9BC704768B110B50446F8F71D
:10B1B000BBFC04F10C00F8F7B7FC04F11800BDE883
:10B1C0001040F8F7B1BC7047002843D0036E012B44
:10B1D00070B5064622D1736FD3B1B26FAAB1002504
:10B1E00005EBC504013513EB840420460BD0F8F7BA
:10B1F0009BFC04F10C00F8F797FC04F11800F8F739
:10B2000093FCD6E91D32AA42EAD8184617F080F816
:10B2100030467C21BDE8704006F03EBE0430F8F7B1
:10B2200083FC06F11000F8F77FFC06F11C00F8F72C
:10B230007BFC06F12800F8F777FC06F13400F8F7FC
:10B2400073FC06F14000F8F76FFC06F14C00F8F7CC
:10B250006BFCC0E7704700BFA8B110B50446FFF70C
:10B26000B3FF04F17C00F8F75FFC04F18800F8F705
:10B270005BFC04F19400F8F757FC04F1A000BDE872
:10B280001040F8F751BC704738B504460D46F8F742
:10B29000CDFC00B138BD05F10C0104F10C00F8F74C
:10B2A000C5FC0028F6D105F1180104F11800BDE82D
:10B2B0003840F8F7BBBC00BF097802F057B800BFB0
:10B2C00010B501210446F8F799FD00B110BD012128
:10B2D00004F10C00F8F792FD0028F7D1014604F1C3
:10B2E0001800BDE81040F8F789BD00BF2DE9F04F08
:10B2F000934C1D4602F1180797B023688146884693
:10B3000038460133002116462360F9F77BF8002800
:10B3100000F0E4802B6A8BB105F11804002120466F
:10B32000F9F770F8002800F0F4802B6A33B120465A
:10B330000121F9F767F8002840F0FF8001A8F8F72D
:10B34000EBFB04A8F8F7E8FB07A8F8F7E5FB0AA869
:10B35000F8F7E2FB0DA8F8F7DFFB10A8F8F7DCFB25
:10B3600013A8F8F7D9FB3A46394601A8F9F7D0F9FE
:10B370000446C0B101A8F8F7D7FB04A8F8F7D4FB3E
:10B3800007A8F8F7D1FB0AA8F8F7CEFB0DA8F8F745
:10B39000CBFB10A8F8F7C8FB13A8F8F7C5FB2046AD
:10B3A00017B0BDE8F08F494601A8FFF7ADF8044695
:10B3B0000028DFD1DFF890A13A4601A904A8DAF805
:10B3C00000300133CAF80030F9F7A2F9044600282A
:10B3D000D0D1494604A8FFF797F804460028C9D100
:10B3E000DAF8003001A92A4601330846CAF80030CD
:10B3F000F9F78EF904460028BCD1494601A8FFF7A9
:10B4000083F804460028B5D1DAF8003004A905F124
:10B410000C0201330846CAF80030F9F779F90446FE
:10B420000028A7D1494604A8FFF76EF80446002873
:10B43000A0D1DAF8003001A9324601330846CAF833
:10B440000030F9F7CBF80446002893D109F1040540
:10B450000BE0F8F7D7FF01A903462A4608464BB18F
:10B46000F9F794F80446002884D1019B002101A833
:10B470008B42EEDB04A906F10C0B08465A46F9F79D
:10B48000ADF8044600287FF475AF09F104050CE01F
:10B49000F8F7B8FF04A903462A46084653B1F9F75E
:10B4A00075F8044600287FF465AF049B002104A8CA
:10B4B0008B42EDDB002101A8F8F7A4FF014600282C
:10B4C00044D104A8F8F79EFF002840F05E81324680
:10B4D00041464846FFF708F904464BE729464046EF
:10B4E000F8F7A4FB044600287FF459AF05F10C01DE
:10B4F00008F10C00F8F79AFB044600287FF44FAFE0
:10B5000005F1180108F1180017B0BDE8F04FF8F781
:10B510008DBB31464046F8F789FB044600287FF48E
:10B520003EAF06F10C0108F10C00F8F77FFB044672
:10B5300000287FF434AF3946E4E7024C2FE700BF20
:10B54000F403012080B0FFFF8C0E0120394601AAD0
:10B5500013A8F9F7DDF8044600287FF40BAF49463D
:10B5600013A8FEF7D1FF044600287FF403AFDAF8F2
:10B57000003001AA07A801331146CAF80030F9F7D4
:10B58000C7F8044600287FF4F5AE494607A8FEF741
:10B59000BBFF044600287FF4EDAEDAF8003001AAC4
:10B5A00007A90AA80133CAF80030F9F7B1F8044630
:10B5B00000287FF4DFAE49460AA8FEF7A5FF04463F
:10B5C00000287FF4D7AEDAF8003007A932460133FD
:10B5D0000846CAF80030F9F79BF8044600287FF4C3
:10B5E000C9AE494607A8FEF78FFF044600287FF43E
:10B5F000C1AEDAF80030022207A901A80133CAF867
:10B600000030F9F7EFF9044600287FF4B3AE09F1F2
:10B61000040505E0F8F770FF044600287FF4AAAEA1
:10B62000294601A8F8F79CFE034601A92A46002BEB
:10B630000846EFDA04AA0DA81146F9F769F804469E
:10B6400000287FF497AE49460DA8FEF75DFF04463B
:10B6500000287FF48FAEDAF800300DA901AA01337B
:10B660000846CAF80030F8F7B9FF044668B181E629
:10B67000F8F7C8FE0DA903462A46084653B1F8F765
:10B6800085FF044600287FF475AE0D9B00210DA8B0
:10B690008B42EDDB0DA90AAA0846F8F79FFF044686
:10B6A00068B167E6F8F7AEFE0DA903462A460846DC
:10B6B00053B1F8F76BFF044600287FF45BAE0D9B97
:10B6C00000210DA88B42EDDB07A90DAA0846F8F76B
:10B6D00085FF044668B14DE6F8F794FE07A90346D6
:10B6E0002A46084653B1F8F751FF044600287FF474
:10B6F00041AE079B002107A88B42EDDB07A904AAF6
:10B700000846F9F705F8044600287FF433AE4946A9
:10B7100007A8FEF7F9FE044600287FF42BAEDAF8FE
:10B7200000300AA95A4601330846CAF80030F8F733
:10B73000EFFF044600287FF41DAE49460AA8FEF735
:10B74000E3FE044600287FF415AEDAF800300AAABA
:10B7500007A910A80133CAF80030F8F73FFF0446E4
:10B7600000287FF407AE109B002110A88B4211DA4D
:10B77000F8F748FE10A903462A46084653B1F8F7E1
:10B7800005FF04460028EED0F4E54046FFF798FD9B
:10B790000446EFE50DA94046F8F748FA04460028AC
:10B7A0007FF4E8AD10A908F10C00F8F73FFA044661
:10B7B00000287FF4DFAD08F1180013A9F8F736FA76
:10B7C0000446D7E50021183008B5F8F71BFEB0FA9B
:10B7D00080F0400908BD00BF38B504460D46F8F7B3
:10B7E000BFFD70B905F10C0104F10C00F8F7B8FDCC
:10B7F00038B905F1180104F11800F8F7B1FD00B9E6
:10B8000038BD014838BD00BF80B0FFFF70B50446A9
:10B810001E460D46F9F708F800B170BD32462946BC
:10B8200004F10C00F9F700F80028F6D104F1180033
:10B830000121BDE87040F8F7E1BA00BF012A2DE907
:10B84000F843DDE9088942D80C4607460021154631
:10B8500004F118001E46F8F7D5FD40B9B9F1000F04
:10B8600037D0012388F800003360BDE8F883381D25
:10B87000F8F780FB0746BDB9430001334B45336001
:10B8800027D8414604230246204601F8013BF8F739
:10B89000DFFB0028E9D1791C3A4604F10C00414451
:10B8A000BDE8F843F8F7D4BB431C4B45336010D8D0
:10B8B000002104F10C00F8F7D1FA4146831C3A4606
:10B8C000204601F8013BBDE8F843F8F7C1BB024848
:10B8D000CBE70248C9E700BF80B0FFFF00B1FFFF20
:10B8E00093B3F8B51C4613780E46154633B9012CB0
:10B8F00026D10846BDE8F840FFF7E2BC0430F8F76F
:10B9000039FB2B780746042B1CD143000133A3429B
:10B9100016D10246691C3046F8F732FB00B1F8BD7B
:10B92000791C3A4606F10C002944F8F729FB002857
:10B93000F5D106F118000121BDE8F840F8F75EBA2C
:10B940000248F8BD0248F8BD0048704780B0FFFFCC
:10B9500080B1FFFF012B13D930B41468651C15604A
:10B96000247854B103F1FF3C644506D82B191360C9
:10B9700023462A4630BCFFF7B3BF024830BC7047AD
:10B980000048704780B0FFFF70B582B0DDE9066502
:10B9900075B1013D1C460195751C0095FFF74EFFE2
:10B9A00020B92368337023680133236002B070BD6F
:10B9B0000048FBE780B0FFFF022A21D90B685A1C20
:10B9C0000A601A78032A1BD1DA1C10B49C1C0C6084
:10B9D00093F801C00A60182299780A4B41EA0C21B9
:10B9E00003E013F80C2F3AB15A889142F9D1197833
:10B9F0005DF8044B01F0BABC03485DF8044B704796
:10BA000002487047F0B1026080B1FFFF80B0FFFFD5
:10BA100010B40F4C90F800C0042002E014F80C0F92
:10BA200078B18445FAD10320022B08600ED910703A
:10BA3000002063881B0A5370638893705DF8044B81
:10BA40007047A0F59F405DF8044B70470148F5E74B
:10BA5000F0B1026000B1FFFF2DE9F04F03F1180BC8
:10BA600005461E46174658462DED048BCDB0029173
:10BA70000121F8F7C7FC002840F089802B6B002BD0
:10BA800000F08580EB6B002B00F0818001213846AF
:10BA9000F8F7B8FC0028C0F2748105F14C0A38466A
:10BAA0005146F8F75DFC002880F26B810121584671
:10BAB000F8F7A8FC002840F064812B6B002B66D0BF
:10BAC000EB6B002B63D031462846FFF7ADF80446F8
:10BAD00000285DD12B6B002B5AD0EB6B002B57D07D
:10BAE00006A8F8F719F809A8F8F716F80021504643
:10BAF000F8F7B4F901284AD124210220D5F85C9046
:10BB000016F0F2FB8046002800F053823146F8F729
:10BB10008DF80446002841D008F10C0308EE103AD5
:10BB200008F1180308F1240608EE903A08F13003F2
:10BB3000039308F13C0304934046F7F7F5FF18EE32
:10BB4000100AF7F7F1FF18EE900AF7F7EDFF30460D
:10BB5000F7F7EAFF0398F7F7E7FF0498F7F7E4FF32
:10BB6000404616F0D5FB06A8F7F7DEFF09A8F7F761
:10BB7000DBFF029D65B12846F7F7D6FF05F10C0003
:10BB8000F7F7D2FF05F11800F7F7CEFF00E0904C71
:10BB900020464DB0BDEC048BBDE8F08F08F10C03DE
:10BBA00006F10C01184608EE103AF8F73FF8044683
:10BBB0000028B5D108F11803594608F124061846A3
:10BBC00008EE903AF8F732F804460028AED1414624
:10BBD0003046F8F72BF808F13003044603930028A9
:10BBE000A7D1184618EE101AF8F720F808F13C0310
:10BBF0000446049300289FD118EE901A1846F8F7CF
:10BC000015F80446002897D109F101095FEA59099E
:10BC10000DD04FF0000B3246314628460BF1010B98
:10BC2000FEF762FD002840F0AA80D945F3D10DF15E
:10BC30006C0B012228461B965946FFF7C3F80446B1
:10BC400000287FF479AF3346424631462846FFF755
:10BC50004DFB044600287FF46FAF01225946284669
:10BC60001B96FFF7AFF8044600287FF465AF014646
:10BC70003846F8F7F3F806AA059039461046F7F764
:10BC8000D5FF044600287FF457AF09AC3A46514629
:10BC90002046F8F7A3FC044600287FF44DAF059B2F
:10BCA00009A906A85A1E18BF012209EE102AF8F7A2
:10BCB00025F8044600287FF43FAF014609F1010250
:10BCC000584616F0F5FAB9F1000F38D009EE906A2F
:10BCD0005F4626465C460595314606A8F8F7BEF84D
:10BCE00094F800A0054609EB060106A80136F8F70E
:10BCF000B5F84AEA400AB1454AEA050004F8010BE2
:10BD0000EAD119EE906A059D0BEB090C00247A78B4
:10BD10003B7882EA04011440CA4302F0010213FB9B
:10BD200002F383EA01000B4007F8010F1C4317F8E8
:10BD3000013CBC4543EAC21307F8013CE7D112A815
:10BD40000BEB090AF7F7E8FE15A8F7F7E5FE18A8C8
:10BD5000F7F7E2FE1BF809304246029900932846A5
:10BD60000223FFF75DF9044668B112A8F7F7DCFE7D
:10BD700015A8F7F7D9FE18A8F7F7D6FEDCE60446B3
:10BD8000DAE6144C04E7029B012103F11809484646
:10BD9000F8F734F804460028E7D15A9B002B00F04E
:10BDA0009C80AB6D0CA80C242F1D0733DB0809EE1B
:10BDB000903AF7F7B1FE0FA8F7F7AEFE19EE901A1A
:10BDC0000CA8DDE95A23F9F7CDFB50B1E7E000BF3D
:10BDD00080B0FFFF80B3FFFFF8F7B6F9002840F00E
:10BDE000DE8039460CA8F8F7BBFA034601210CA8FF
:10BDF000002BF1DA013C00F0DA80F8F703FB0028B1
:10BE0000DCDD0CAA49464846F8F782FC04460028C7
:10BE100040F0C68048462946FEF776FB04460028D7
:10BE200040F0BE80674F0CAA0FA83B681146013353
:10BE30003B60F8F76DFC0446002840F0B1802946CD
:10BE40000FA8FEF761FB0446002840F0A9803B687C
:10BE50000FAADDF808900133494648463B60F8F7E1
:10BE600057FC0446002840F09B8029464846FEF7D0
:10BE70004BFB0446002840F093803B680FA90CAAB6
:10BE8000013308463B60F8F743FC0446002840F0C5
:10BE9000878029460FA8FEF737FB044600287FD18C
:10BEA0003B6809F10C090FAA0133494648463B603B
:10BEB000F8F72EFC0446002872D148462946FEF7C2
:10BEC00023FB044600286BD13B680CA801333B6080
:10BED000F7F72AFE0FA8F7F727FE029F1EE0394664
:10BEE0002846FEF701FC04460223424612A92846D2
:10BEF000002C7FF43AAF1AF8014D0094FFF790F848
:10BF0000044612AB3A4639462846002C7FF42DAF42
:10BF1000FFF7ECF9044600287FF427AFDA453A46EC
:10BF2000DDD112A8F7F700FE15A8F7F7FDFD18A858
:10BF3000F7F7FAFD19EE102A02992846FEF7AEFB34
:10BF4000044600287FF4F8AD02992846FEF724FB4A
:10BF500004464046F7F7E8FD18EE100AF7F7E4FD4F
:10BF600018EE900AF7F7E0FD3046F7F7DDFD03988D
:10BF7000F7F7DAFD0498F7F7D7FD404616F0C8F951
:10BF800006A8F7F7D1FD09A8F7F7CEFD002C7FF43E
:10BF9000F0AD20464DB0BDEC048BBDE8F08F0446FB
:10BFA0000CA8F7F7C1FD0FA8F7F7BEFDDDE6064CBC
:10BFB000DBE606A8054CF7F7B7FD09A8F7F7B4FDCF
:10BFC000D7E500BF8C0E012000B3FFFF80B2FFFF5A
:10BFD000F0B50C4683B006460121104617461D46B3
:10BFE000F8F710FAB8B929462046F7F71FFE08B14E
:10BFF00003B0F0BD05F10C0104F10C00F7F716FEDB
:10C000000028F5D105F1180104F1180003B0BDE8CE
:10C01000F040F7F70BBE4FF0FF313846F8F7F2F972
:10C0200020BB29462046F7F701FE0028E0D104F1A5
:10C030000C0705F10C013846F7F7F8FD0028D7D1B9
:10C0400005F1180104F11800F7F7F0FD0028CFD131
:10C0500001463846F8F7D6F90028C9D03A46311DCE
:10C06000384603B0BDE8F040F8F7B8BA4FF0000C1E
:10C070002B463A4621463046CDE900CCFFF7ECFC92
:10C0800003B0F0BDF0B51F46036B8BB0002B3AD068
:10C09000C36B0546002B36D001A814460E46F7F7B1
:10C0A0003BFD04A8F7F738FD07A8F7F735FD224652
:10C0B0003B4601A92846FFF78BFF044658B101A86B
:10C0C000F7F732FD04A8F7F72FFD07A8F7F72CFDC7
:10C0D00020460BB0F0BDDDE9102331462846FFF7BE
:10C0E00077FF04460028EAD1334601AA31462846A4
:10C0F000FFF7FCF804460028E1D131462846FEF758
:10C100004BFA0446DBE7024C20460BB0F0BD00BF03
:10C1100080B1FFFF38B50D460446012105F1180036
:10C12000F8F770F958B9236B3BB1E36B2BB1294693
:10C130002046BDE83840FEF777BD024838BD0248CA
:10C1400038BD00BF80B0FFFF80B3FFFF38B5036B81
:10C1500093B1C36B04467BB10D4601212846F8F725
:10C1600051F900280ADB04F14C012846F8F7F8F8E9
:10C17000002803DA002038BD014838BD014838BD29
:10C1800080B0FFFF80B3FFFF2DE9F04F83B0CDE912
:10C190000013036BDDF83080DDF83490BBB3C36B64
:10C1A0000646A3B3C76D14461F2500F14C0B073795
:10C1B0004FEAD70A27F007074B464246514620462A
:10C1C000F9F7D0F90346204613BBF16D791AF7F75A
:10C1D000BBFF034601212046D3B9013D1CD0F8F72F
:10C1E00011F9034659462046002BE5DBF8F7B8F86D
:10C1F0000028E1DA009B224601993046CDF83490C0
:10C20000CDF8308003B0BDE8F04FFFF725BC054BFB
:10C21000184603B0BDE8F08F034B184603B0BDE8E5
:10C22000F08F00BF80B0FFFF00B3FFFF10B582B0FA
:10C23000049C009313460A4600F128010194FFF77D
:10C24000A3FF02B010BD00BF70B50C4682B001461E
:10C25000154620461E4601F089F850B904F18803BE
:10C2600004F17C0204F128012046CDE90056FFF7D5
:10C270008BFF02B070BD00BF2DE9F0430378ABB077
:10C28000002B62D00A780C469A425ED101F18806F2
:10C29000054688303146F8F763F8002855D104F197
:10C2A000940705F194003946F8F75AF800284CD164
:10C2B00004F1A00805F1A0004146F8F751F8054641
:10C2C000002842D102A8A146F7F726FC05A8F7F7F7
:10C2D00023FC08A8F7F720FC7C2229460BA815F0C0
:10C2E000E7FF19F8281B0BA801F040F804F17C02C5
:10C2F0004B4602A90BA8CDE90055FFF7ADFB04465C
:10C3000078B102A8F7F710FC05A8F7F70DFC08A80C
:10C31000F7F70AFC0BA8FEF757FF20462BB0BDE845
:10C32000F083314602A8F8F71BF820B9394605A872
:10C33000F8F716F808B1074CE3E7414608A8F8F704
:10C340000FF804460028DCD0F5E7024C20462BB05D
:10C35000BDE8F08380B0FFFF2DE9F04F534EC1B030
:10C36000054609AC0FCE0FC496E803007C2284E892
:10C370000300002121A815F09BFF0FA8F7F7CCFBC5
:10C3800012A8F7F7C9FB15A8F7F7C6FB18A8F7F727
:10C39000C3FB1BA8F7F7C0FB1EA8F7F7BDFB06A859
:10C3A000F7F7BAFB012121A800F0E0FF04460028BE
:10C3B00038D16DBB022106A8F7F720FD044658B915
:10C3C0002BAE06AA18A93346CDE9000021A8FFF735
:10C3D00043FB044600287BD021A8FEF7F5FE0FA8FA
:10C3E000F7F7A2FB12A8F7F79FFB15A8F7F79CFB3E
:10C3F00018A8F7F799FB1BA8F7F796FB1EA8F7F705
:10C4000093FB06A8F7F790FB204641B0BDE8F08FFC
:10C41000274815F085FF022106A8F7F7EFFC044630
:10C42000002849D0002C23DA15B32146214815F005
:10C4300077FF21A8FEF7C8FE0FA8F7F775FB12A833
:10C44000F7F772FB15A8F7F76FFB18A8F7F76CFB67
:10C450001BA8F7F769FB1EA8F7F766FB06A8F7F716
:10C4600063FB0A2015F028FF204641B0BDE8F08F9D
:10C4700021A8FEF7A9FE0FA8F7F756FB12A8F7F7B9
:10C4800053FB15A8F7F750FB18A8F7F74DFB1BA8AF
:10C49000F7F74AFB1EA8F7F747FB06A8F7F744FB98
:10C4A000002DDED1204641B0BDE8F08FAC1C00204D
:10C4B000E03A0020883500202BAE06AA18A93346A2
:10C4C000CDE9000021A8FFF7C7FA04460028A9D14A
:10C4D00000237B4FDFF8FC811021DFF8FC9106A8D8
:10C4E000784A3B60C8F80030C9F80030F8F79CF98A
:10C4F0000446002896D1334606AA0FA9CDE90000CC
:10C5000021A8FFF7A9FA044600288BD109ABD8F877
:10C5100000103A68824602911C46D9F800104FF08C
:10C52000010B049515460593039154F8042F10212F
:10C5300006A8C7F800A0C8F800A0C9F800A0F8F73E
:10C5400073F98446334606AA0FA921A8BCF1000F4F
:10C5500040F0A080CDE900CCFFF77EFA84460028A9
:10C5600040F098803B68AB4240F09080D8F80030B3
:10C57000029A934240F08A80D9F80030039A93429D
:10C5800040F084800BF1010BBBF1060FCDD1049D6F
:10C590000446002D5AD14B4A102106A83D60C8F828
:10C5A0000050C9F80050F8F73FF9044600287FF41E
:10C5B00013AF18AB06AA0FA921A8CDE90055FFF7C4
:10C5C0004BFA044600287FF407AFD8F800304FF04C
:10C5D000010AD9F80020002603951D46D7F800B0BF
:10C5E000059C029254F8042F102106A83E60C8F85A
:10C5F0000060C9F80060F8F717F9844618AB06AA7E
:10C600000FA921A8BCF1000F56D1CDE900CCFFF74E
:10C6100023FA844600284FD13B685B4543D1D8F8C4
:10C620000030AB423FD1D9F80030029A93423AD160
:10C630000AF1010ABAF1060FD4D1039D0446002D78
:10C640003FF4CAAE204815F077FEF2E61E4815F01A
:10C6500073FE1E4815F064FE1A4A102106A83C60BD
:10C66000C8F80040C9F80040F8F7DEF80446002892
:10C670007FF4D8AE18AB06AA0FA9CDE9000021A817
:10C68000FFF7EAF9044600289FD0CBE6049D25B9C0
:10C690000124A1E66446049DC4E659460C480124E1
:10C6A00015F03EFEC5E6039D002DF1D05146084829
:10C6B000012415F035FEBCE66446039DB2E600BFDA
:10C6C000F4030120143B0020F8310020583B0020E7
:10C6D000483B0020680501208C0E01202DE9F04F19
:10C6E00093B00D210124054605AB3422184604936E
:10C6F000CDE90241002115F0DBFD18212846F7F7AE
:10C7000027FA0190002840F0EA81A9680B68086BBD
:10C71000CC6D1B184A68D1E9147C2CBF0126002679
:10C720001CEB030346F10006FB1846F100069C4291
:10C7300088BF013E1B1BB6F1FF3F0B6000F0D381A9
:10C7400092192CBF01230023D1F834908E6D19EB80
:10C75000020243F10003B21843F1000314EB020E8E
:10C760008A682CBF4FF001084FF0000858FA83F395
:10C77000704588BF013BAEEB000E774588BF013B9B
:10C78000AEEB070E5BB2C1F804E0002BC0F2CF8124
:10C79000D21896462CBF01230023D1F83880CA68EE
:10C7A00018EB0E0E43F1000314EB0E0E2CBF4FF0EE
:10C7B000010A4FF0000A5AFA83F3F14588BF013BA2
:10C7C000AEEB090EF44588BF013BAEEB0C0E5BB23D
:10C7D000C1F808E0002BC0F2BE81D21813462CBF6E
:10C7E00001220022D1F83CE0D1F810A01EEB030397
:10C7F00042F10002C31842F10002FB1842F10002AC
:10C800001CEB03032CBF4FF0010B4FF0000B5BFA46
:10C8100082F2A3EB080B984588BF013A5E4588BFBA
:10C82000013AABEB060B5C4588BF013AABEB040366
:10C83000CB6053B2002BC0F285811AEB030A53463A
:10C840002CBF012200221CEB030342F100021CEB6F
:10C85000030A42F100030A6C12EB0A0A43F10003D7
:10C8600019EB0A0A43F1000310EB0A00D1F814A0F7
:10C8700043F10003381843F1000330182CBF4FF088
:10C88000010B4FF0000B5BFA83F3864588BF013B39
:10C89000A0EB0E00844288BF013B001B844288BF8E
:10C8A000013B001B5BB20861002BC0F27E811AEBDA
:10C8B000030A53462CBF01200020F31840F100006A
:10C8C00016EB030A40F10003486C10EB0A0A43F12F
:10C8D000000318EB0A0A43F1000319EB0A09D1F827
:10C8E00018A043F100031CEB090943F1000314EB0A
:10C8F00009092CBF4FF0010B4FF0000B5BFA83F3DB
:10C900004A4588BF013BA9EB02095BB2C1F814900C
:10C91000002BC0F23E811AEB030A53462CBF4FF0A6
:10C9200001094FF00009E31849F1000914EB030A6B
:10C9300049F10003D1F8489019EB0A0A43F10003CA
:10C940001EEB0A0A43F1000318EB0A08D1F81CA0F9
:10C9500043F1000316EB08082CBF4FF0010B4FF01A
:10C96000000B5BFA83FBA8EB0003404588BFABF1EB
:10C97000010B8B614FFA8BFBBBF1000FC0F2FF8004
:10C980001AEB0B0AD3462CBF01230023D1F84C80AD
:10C99000D1F820A018EB0B0B43F1000312EB0B0BAB
:10C9A00043F100031EEB0B0E43F1000314EB0E0EDC
:10C9B0002CBF4FF0010B4FF0000B5BFA83F3F145F6
:10C9C00088BF013BAEEB090EC1F81CE04FFA83FEB5
:10C9D000BEF1000FC0F2C9801AEB0E0AD6462CBF7A
:10C9E0000123002317EB0E0E43F1000310EB0E0E94
:10C9F00043F1000312EB0E0E4A6A2CBF4FF0010AFE
:10CA00004FF0000A5AFA83F3F04588BF013BAEEBC2
:10CA1000080E5BB2C1F820E0002B74DBD2189646FA
:10CA20002CBF012300231CEB0E0243F1000319EB82
:10CA3000020243F1000380188A6A2CBF4FF0010EF6
:10CA40004FF0000E5EFA83F3874288BF013BC01BA4
:10CA50005BB24862002B4DDBD3182CBF01220022B1
:10CA6000F318C86A42F1000218EB030342F1000216
:10CA700019EB03092CBF0123002353FA82F3A9EB1E
:10CA80000C02CC4588BF013B8A625BB2002B45DBC0
:10CA9000C3182CBF01220022E41842F100033F1901
:10CAA0006A6843F1000418EB07082CBF0123002338
:10CAB00053FA84F4464588BF013CA8EB06060D2ACC
:10CAC00064B2CE6224EAE4730B6306D90D3A01F135
:10CAD00034000021920015F0EBFB002C6EDB019876
:10CAE00013B0BDE8F08FB2FA82F3013A5B095B4202
:10CAF000DBB229E65842134482424FF0FF3228BF8E
:10CB00000022D2B2ACE7C3F1000A03EB020E4FF0F1
:10CB1000FF33524528BF0023DBB284E75A42034467
:10CB200090424FF0FF3228BF0022D2B2B4E7C3F1E7
:10CB3000000803EB020E4FF0FF33424528BF0023ED
:10CB4000DBB22AE65A42534492454FF0FF3228BFE7
:10CB50000022D2B277E6C3F1000E134472454FF0C3
:10CB6000FF3228BF0022D2B23CE6CEF10003D64409
:10CB70009A454FF0FF3328BF0023DBB232E7CBF1F9
:10CB80000003D3449A454FF0FF3328BF0023DBB2A4
:10CB9000FCE6C3F100095344CA454FF0FF3928BFF2
:10CBA0004FF000095FFA89F9BDE6584253448245C7
:10CBB0004FF0FF3028BF0020C0B27EE6039A6FF02E
:10CBC0004043644202A91344049A284642F8234091
:10CBD0002A46F7F791FC002881D14FF0FF330198E6
:10CBE0002B6013B0BDE8F08F2DE9F04F8DB001251B
:10CBF0000821044604AB2022CDE90151184600214A
:10CC0000039315F055FB0E212046F6F7A1FF0546CC
:10CC1000002840F0D480A0680368C169C26A8B42D2
:10CC2000A3EB010647682CBF00230123B24288BF53
:10CC30000133B61A5B4206605EB2002B40F0C3803F
:10CC40002B46066AD0F80880A7EB060CBE4288BFC8
:10CC5000013B076B674588BF013BACEB070C5BB240
:10CC6000C0F804C053B1C3F1000EF0454FF0FF3ED1
:10CC7000984428BF4FF0000E5FFA8EF3D0F824E0FE
:10CC8000D0F834C0C64588BF013BA8EB0E08D0F8E9
:10CC90000C90C44588BF013BA8EB0C085BB2C0F800
:10CCA0000880002B00F09880C3F10008C1454FF0C8
:10CCB000FF38994428BF4FF000085FFA88FBD0F88E
:10CCC00028800369C845A1EB080ACA4494BF4FF005
:10CCD00000094FF00109514594BFC9F10009C9F19C
:10CCE000010912EB0A0A0BEB09012CBF4FF00109F5
:10CCF0004FF00009C0F80CA059FA81F149B200299F
:10CD00007EDB5B1819462CBF012300238A42A6EB69
:10CD1000020994BF0022012249448E4294BF52422C
:10CD2000C2F1010279181A442CBF012300230161CA
:10CD300053FA82F2436952B2002A58DB9A182CBF88
:10CD4000012300239742AEEB0701866994BF0027B9
:10CD500001270A44964594BF7F42C7F101071CEBA7
:10CD600002023B4442612CBF0122002252FA83F3AB
:10CD70005BB2002B32DBF3182CBF01260026A8EB98
:10CD80000C029C45134494BF4FF0000C4FF0010C73
:10CD900062688361984594BFCCF1000CCCF1010C22
:10CDA000082A664476B226EAE673C36105D9083AD2
:10CDB00020300021920015F07BFA002E2ADB284655
:10CDC0000DB0BDE8F08F73429F424FF0FF33374400
:10CDD00028BF0023DBB234E79B4670E75942334457
:10CDE0008E424FF0FF3628BF0026F6B2C7E7514209
:10CDF0001A448B424FF0FF3328BF0023DBB2A1E778
:10CE0000C1F1000919444B454FF0FF3328BF0023FF
:10CE1000DBB27BE7029A6FF04043764201A91344EC
:10CE2000039A204642F823602246F7F765FB002864
:10CE3000C5D14FF0FF33284623600DB0BDE8F08F19
:10CE40002DE9F04F8FB009210124064605AB2422BD
:10CE500018460493CDE90241002115F029FA10216A
:10CE60003046F6F775FE0190002840F06A81B06800
:10CE70000368076AD0F82490DA19456B816B2CBFE0
:10CE80002346002319EB0202446843F10003D0E972
:10CE90000BEC964588BF013BA2EB0E02944588BF80
:10CEA000013BA2EB0C02954288BF013B521B914211
:10CEB00088BF013B521A002B0260C0F24681E21883
:10CEC0002CBF0123002319EB0202D0F82880C46B89
:10CED00043F1000318EB0202D0F808A02CBF4FF07A
:10CEE000010B4FF0000B5BFA83F3A2EB0C0B9445A4
:10CEF00088BF013B5D4588BF013BABEB050B594546
:10CF000088BF013BABEB010B5C4588BF013BABEB42
:10CF1000040242605AB2002AC0F23C811AEB020AB3
:10CF200052462CBF0123002318EB0202D0F80CA0BC
:10CF300043F100031EEB02022CBF4FF0010B4FF038
:10CF4000000B5BFA83F3A2EB050B954288BF013B14
:10CF5000594588BF013BABEB010B5C4588BF013BEA
:10CF6000ABEB040282605AB2002AC0F225811AEBB0
:10CF7000020A52462CBF012300231EEB0202D0F806
:10CF800010A043F100031EEB020243F100031CEB6F
:10CF9000020243F100031CEB020243F10003AA1852
:10CFA0002CBF4FF0010B4FF0000B5BFA83F3944260
:10CFB00088BF013B121B974288BF013BD21B9145A2
:10CFC00088BF013BA2EB09025BB2C260002BC0F23A
:10CFD000EA801AEB030A53462CBF012200221CEB05
:10CFE0000303D0F814A042F100021CEB030342F14A
:10CFF0000002EB1842F10002EB1842F10002CB18DC
:10D000002CBF4FF0010B4FF0000B5BFA82F2A3EB49
:10D01000090B994588BF013AABEB0803D84588BF97
:10D02000013A036153B2002BC0F2A2801AEB030A4B
:10D0300053462CBF01220022EB18D0F818A042F171
:10D040000002EB1842F10002CB1842F10002CB18AB
:10D0500042F10002E3182CBF4FF0010B4FF0000B20
:10D060005BFA82F2984588BF013AA3EB08039E451C
:10D0700088BF013AA3EB0E0352B24361002A6EDB74
:10D080001AEB020A52462CBF012300238A1843F1EF
:10D0900000038A1843F10003A21843F10003A21809
:10D0A00043F100038918C26943F1000369182CBFDA
:10D0B0004FF0010A4FF0000A5AFA83F38F4288BFFB
:10D0C000013BC91B894588BF013BA1EB09015BB24C
:10D0D0008161002B55DBD3182CBF01210021E318FF
:10D0E000726841F10001E31841F10001E41841F1D7
:10D0F00000013B192CBF0124002454FA81F4984507
:10D1000088BF013CA3EB08039E4588BF013CA3EB0D
:10D110000E039C4588BF013CA3EB0C039D4288BFD6
:10D12000013C5B1B092A64B2C36124EAE473036215
:10D1300005D9093A24300021920015F0B9F8002CE5
:10D1400043DB01980FB0BDE8F08FC3F100081A1956
:10D150004FF0FF33444528BF0023DBB2B3E6534210
:10D1600052449A454FF0FF3328BF0023DBB28DE7CE
:10D170005A42534492454FF0FF3228BF0022D2B2A8
:10D180005AE7594213448A424FF0FF3128BF002129
:10D19000C9B2A4E7534252449A454FF0FF3328BF27
:10D1A0000023DBB2C0E65A42534492454FF0FF32AF
:10D1B00028BF0022D2B212E7534252449A454FF0A0
:10D1C000FF3328BF0023DBB2D7E6039A6FF040435A
:10D1D000644202A91344049A304642F8234032467E
:10D1E000F7F78AF90028ACD14FF0FF33019833608C
:10D1F0000FB0BDE8F08F00BF2DE9F84F0C210546B8
:10D20000F6F7A6FC044610B12046BDE8F88FD5E934
:10D2100001239E6903EB820E18685A688019D96948
:10D220009D6A2CBF01270027D3F82CA0D219D3F870
:10D2300020B02CBF4FF001084FF0000852182CBF4F
:10D240004FF0010C4FF0000C281818602CBF012083
:10D250000020121803F11C002CBF0127002712EB3D
:10D260000A0247445A604CEB070C9A681CEB020C0C
:10D27000DA682CBF01270027BF182CBF4FF0010828
:10D280004FF000081CEB060C2CBF01220022BA183C
:10D290002CBF0127002752182CBF012600261BEBAC
:10D2A0000C0C2CBF0121002151185A6A2CBF4FF0E1
:10D2B00001094FF0000989182CBF012200221CEB44
:10D2C000050CC3F808C02CBF4FF0010C4FF0000C48
:10D2D00011EB0C012CBF4FF0010C4FF0000C11EBC7
:10D2E0000A01CC44D96042EB0C02196942443A4429
:10D2F00032445E6952182CBF0121002171182CBFE5
:10D300000126002612EB0B085A6A2CBF01270027C2
:10D31000C9192CBF0127002789182CBF4FF0010C19
:10D320004FF0000C18EB05021A612CBF01220022FD
:10D3300052182CBF0121002112EB0A0241EB060119
:10D340005A61864501EB070262449A617FF65CAF41
:10D35000AEEB030E2146AEF11D0E2EF00302043299
:10D3600014F0A6FF2046BDE8F88F00BF38B50D4683
:10D370000446FDF729FF6B1E2570032B7AD8DFE8E2
:10D3800003F062462F023E4B01253E490C22E3602A
:10D39000616603F130016560616203F16001A260C2
:10D3A000616503F19001C033A562C4E90752C4E985
:10D3B0001352C4E90B2134496563A164201DC4E9FB
:10D3C0000E23C4E91055F6F79FFD034604F14C0007
:10D3D000A365F6F799FD03460020C4E9173538BD6B
:10D3E0002A4B01252A490822E360616603F12001E6
:10D3F0006560616203F14001A260616503F1600153
:10D40000A5628033C4E90752C4E91352D1E7214928
:10D410000125214B072261660821E360A16003F129
:10D4200020016560616203F13C01616503F158010F
:10D430007433C4E90C15C4E907521349C4E9135203
:10D44000C4E90A52B9E7154B012515490622E360E4
:10D45000616603F118016560616203F13001A26049
:10D46000616503F14801A5626033C4E90752C4E96C
:10D4700013529EE72046FDF7A7FE0A4838BD00BFBD
:10D48000D4B30260DDC60060BC7C002034B302600F
:10D4900041CE0060E9CB0060A4B202602CB2026011
:10D4A000F9D1006080B1FFFF2DE9F04F11F80F6F47
:10D4B00083B04FF00F08DFF810B106F00F050192AE
:10D4C0003409009100EBC505D5E93032D5E910A942
:10D4D000164655464F461CE0009B5BF8352013F876
:10D4E000014D04F00F0E0093240900EBCE0EDEF880
:10D4F000C410DEF8C030DEF8405081EA1616DEF8BF
:10D5000044E08CEA03038AEA050586EA024687EAD4
:10D510000E0700EBC40408F1FF384FEA0379D4F892
:10D52000C4201B094FEA151E05F00F0543EA0673D8
:10D53000B8F1FF3F82EA1612D4F8C0604EEA077EC7
:10D5400083EA06035BF83560256C49EA1719646CB9
:10D550004FEA03778EEA050E4FEA131C89EA0409A5
:10D5600082EA06464FEA1E1A0EF00F054CEA067CC8
:10D570004AEA097A47EA1917AED10198320A4C46AD
:10D58000310E82701A0EC37102711A0C1B0A80F8D8
:10D590000FE04271220E8371230C0170240A310CBA
:10D5A000027243724FEA1E624FEA1E43C6704FEA90
:10D5B0001E2E80F80B90417084720273437380F8C2
:10D5C0000EE003B0BDE8F08FC8B402604FF4C4723F
:10D5D000002114F06DBE00BF2DE9F04F04468BB062
:10D5E00017460846012219461E46FAF70DFB002889
:10D5F00000F09980D0F814800546B8F1100F40F083
:10D6000092802046FAF720FB29462046FAF72CFBA9
:10D6100010B10BB0BDE8F08F0123324639462046E9
:10D62000FAF74EFB0028F4D105AB06900590424670
:10D63000009306ABD8601946C3E901002046FAF70B
:10D64000F7FB0028E5D1089E4FF00008099B4FF03A
:10D65000000936BA4FF0030C1BBA0427C4F88460E3
:10D66000C4F88030DDE90625C4E930892DBA12BA44
:10D67000C4E91089C4E9405203F001014FEAC57EB4
:10D680006D08BCF1010CA1EB411145EAC2754FEAEE
:10D6900053034FEA520243EAC67382EA01624EEA3A
:10D6A000560604EBC7014FEA67070B644E64C1E9F5
:10D6B0003052E1D1032304F1400A04F1C00E4FF0CF
:10D6C0000209984603900EEBC9045EF839C00AEBD4
:10D6D000C9005AF83970666804F108034568524673
:10D6E00004EBC904D2F88810083381EA0C0BD2F895
:10D6F0008C10714043F808BC43F8041CA34252F854
:10D70000081F81EA070B516881EA050140F808BF4C
:10D710004160E7D1B8F101084FEA4909D3D1039834
:10D720000BB0BDE8F08F6FF0130072E72DE9F04FFA
:10D73000044689B00020129F139E0390002B00F036
:10D74000A7801D469146002300220C2D04F5B07BD6
:10D7500004F5B878C4F88011C4F86001C4F8640115
:10D76000C4F86801C4F86C01C4F87001C4F874010D
:10D77000C4F87801C4F87C01C4E95023C4E95223F9
:10D7800076D0EB00864606908DF81F30C5F34753E0
:10D790008DF81C30C5F34F338DF81D30C5F357138A
:10D7A000CDE904008DF81E30102DAA4609F1FF3393
:10D7B000DC4628BF4FF0100AD14409F1FF3201E0E6
:10D7C0009CF800E013F8010F8EEA000093420CF879
:10D7D000010BF5D15A4659462046FFF765FEB5EBD9
:10D7E0000A0502D094F860E1DEE704F25F130DF160
:10D7F00011020DF1200C01E012F8015B13F8010F8A
:10D80000624585EA00051D70F6D15A465946204604
:10D81000FFF74AFE03AB594610222046009304F559
:10D82000A873FAF705FB8146F0B9C4E95260DEB18E
:10D8300004F26F1A102E3546534607F1FF3128BF08
:10D8400010250AEB050C13F8012F11F8010F9C4568
:10D8500082EA00021A70F6D14246414620462F4421
:10D86000FFF722FE761BE5D1484609B0BDE8F08FF0
:10D87000D9F80830D9F80000D9F80420C4F86001BC
:10D88000CBF808300123CBF8042084F86F31C1E7CE
:10D890006FF01309E8E700BF2DE9F04F93424FF016
:10D8A000000491469A46054688462DED028B89B0C4
:10D8B000039402D99B1A8B4268D30021D5E95032D8
:10D8C00013EB080352F1000228BF012113F11F0FCF
:10D8D00072F10F005AD2002958D1C5E95032B8F17F
:10D8E000000F4DD005F5B07305F5B87708EE103A86
:10D8F00046463C463A46102E28BF102611466FF485
:10D90000B67012F8013D014401338D42DBB2137051
:10D9100001D0002BF2D003A804AB102218EE101A8D
:10D9200000902846FAF784FA58BBD5F880114A4689
:10D930000DF1100C0AF1FF3007EB060E19B9237830
:10D9400011784B402370117801321CF8013B4B4099
:10D9500000F8013FD5F88011012904D194F800B0F6
:10D9600083EA0B0323700134A645E7D13A463946D2
:10D970002846B144FFF798FDB8EB0608B244B7D18A
:10D98000002009B0BDEC028BBDE8F08F6FF01300F2
:10D99000F7E700BF2DE9F047D0E9506384B04FEAC4
:10D9A000C309D0F84C31DC00D0F8483149EA567947
:10D9B00044EA53744FEAC30A131F0C2B50D80D4688
:10D9C000F60000F5A87180462846174614F0B8FC0A
:10D9D00046EA0A0349EA040213433DD09AFA8AF35D
:10D9E0004FEA196236BA8DF80B900193230C039617
:10D9F00008F26F168DF80130230A8DF808204FEADF
:10DA000019424FEA19298DF803408DF802300DF1C3
:10DA1000010C230E04A934468DF809208DF80A90D4
:10DA200001E01CF8013B14F8012F8C4583EA020346
:10DA30002370F6D108F5B8722F4440461146013FD5
:10DA4000FFF732FD691E11F8013F16F8012FB942A8
:10DA500083EA02030B70F6D1002004B0BDE8F08722
:10DA60006FF01300F9E700BF2DE9F04383B01446CF
:10DA70001A4605460B9B00930C9B01930A9BDDE91C
:10DA80000D69DDE90F87FFF751FE10B103B0BDE866
:10DA9000F0834B46324621462846FFF7FDFE00281C
:10DAA000F4D142463946284603B0BDE8F043FFF7BB
:10DAB00071BF00BF30B587B00C4605460A9900918A
:10DAC0000B9901910021FFF731FE08B107B030BD7D
:10DAD000DDE90E2321462846FFF7DEFE0028F5D1BA
:10DAE0000D9A284602A9FFF755FF0028EED10D9B9D
:10DAF000002BEBD002A9DDE90C3203EB020E5A1E1B
:10DB00000EF1FF3E12F801CF11F8013B964583EA72
:10DB10000C0340EA0300F5D10028D7D00F98214626
:10DB200004F0BAF96FF01100D0E700BF10B5044659
:10DB3000FAF78AF84FF4C4712046BDE8104004F0AB
:10DB4000ABB900BF2DE9F04F484B01222DED028B00
:10DB5000ADF5097D0F930E9203F5906203F507630F
:10DB600003900D920C930E994FF00009404B4A1C04
:10DB7000A1F10201DDF83C804FEA821A119203F113
:10DB80001802B1FA81F10B93079203F130024909AF
:10DB9000089203F1480260331091364906934346D8
:10DBA000C8460A91994609924FF4C472002126A8EA
:10DBB00014F07EFB039B002B40F0B3812E4B02211F
:10DBC00026A853F82850C03B03EB451553462A4678
:10DBD000FFF702FD10F1230F834603D1109B002BAA
:10DBE00040F00582BBF1000F2DD1079B26A8099AB2
:10DBF00053F8046B0B9F0793204B03EB86130A9E8D
:10DC000008EE103A52F8043B09920C9A02EB831387
:10DC1000089A0093049352F8043B089208EE903A55
:10DC2000069A52F8041B019157F8044B0B9756F8CB
:10DC3000047BCDE9051218EE102A01210A96FFF7A0
:10DC400075FD8346E0B1039B002B40F0718126A84F
:10DC5000F9F7FAFF26A84FF4C47104F01DF95846ED
:10DC60000DF5097DBDEC028BBDE8F08F48B5026073
:10DC7000E8BA026020BC026020BC026038BC0260CE
:10DC8000B64B214626A803EB871216AB1646FFF7C4
:10DC900003FE83460028D6D1102226A812A9FFF73A
:10DCA00079FE83460028CED12246494616A814F0B4
:10DCB0001FFB002840F08E810D9B102212A803EB61
:10DCC0000817394614F014FB002840F0838126A879
:10DCD000F9F7BAFF4FF4C47126A804F0DDF8039BEE
:10DCE000002B40F043814FF4C472039926A814F02E
:10DCF000DFFA53462A46022126A8FFF76DFC834629
:10DD00000028A0D1059B014618EE102A26A80193F1
:10DD1000049B009318EE903AFFF708FD8346002815
:10DD200091D116AB4A46214626A8FFF7B5FD83469A
:10DD3000002888D1102212A926A8FFF72BFE8346BF
:10DD4000002880D12246314616A814F0D1FA0028C6
:10DD500040F040811022394612A814F0C9FA8346D7
:10DD6000002840F0378126A8F9F76EFF4FF4C47100
:10DD700026A804F091F8039B002B40F007814FF494
:10DD8000C472039926A814F093FA53462A46022136
:10DD900026A8FFF721FC834600287FF454AF059B9B
:10DDA00018EE102A012126A80193049B009318EE77
:10DDB000903AFFF7BBFC834600287FF444AF202C49
:10DDC00016AB324640F2B880202126A8FFF764FD4A
:10DDD000A4F12001834600287FF435AF32461EAB04
:10DDE00026A82032FFF758FD834600287FF42BAF8A
:10DDF000102212A926A8FFF7CDFD834600287FF444
:10DE000022AF2246494616A814F072FA002840F0C4
:10DE1000E1801022394612A814F06AFA83460028DD
:10DE200040F0D88026A8F9F70FFF4FF4C47126A858
:10DE300004F032F8039B002B40F0B8804FF4C4721A
:10DE4000039926A814F034FA2A465346022126A83C
:10DE5000FFF7C2FB834600287FF4F5AE059B014621
:10DE600018EE102A26A80193049B009318EE903A0E
:10DE7000FFF75CFC834600287FF4E5AE202C16AB50
:10DE80004A4662D9202126A8FFF706FDA4F1200109
:10DE9000834600287FF4D7AE1EAB09F1200226A8E6
:10DEA000FFF7FAFC834600287FF4CDAE102212A9BA
:10DEB00026A8FFF76FFD834600287FF4C4AE2246F4
:10DEC000314616A814F014FA002840F08380394631
:10DED00012A8102214F00CFA834600287AD126A842
:10DEE000F9F7B2FE4FF4C47126A803F0D5FF039BE7
:10DEF000002B6BD108F1010809F14009B8F1060FB8
:10DF00007FF452AE0E9B032B74D1039B002B64D184
:10DF1000DDF80CB058460DF5097DBDEC028BBDE86F
:10DF2000F08F0F4B424651460E4814F0F9F945E682
:10DF30000D4814F001FA8AE6214626A8FFF7ACFC4A
:10DF4000834600283FF454AF7DE6214626A8FFF71C
:10DF5000A3FC83460028A9D075E600BF38BF026045
:10DF6000D4310020B43C002048320020264814F070
:10DF7000E3F959464FF4C47226A814F099F9234BDB
:10DF800042465146224814F0CBF9B2E61E4814F03E
:10DF9000D3F959464FF4C47226A814F089F91D4BE1
:10DFA000424651461C4814F0BBF9EEE6164814F000
:10DFB000C3F959464FF4C47226A814F079F9134BEB
:10DFC00042465146144814F0ABF93DE70E4814F0B0
:10DFD000B3F98FE74FF0010B35E60A2014F06CF926
:10DFE00058460DF5097DBDEC028BBDE8F08F0B485E
:10DFF00014F0A2F9119B0E930F9B03F5C0730F93BE
:10E000000D9B60330D93AEE5F8310020D031002038
:10E01000B43C0020D4310020D03C0020F03100205E
:10E0200070B5064E034615460846346819192C4447
:10E0300014F086F90020346070BD00BF5413012035
:10E040006422002114F034B94165704701657047BE
:10E05000816570472DE9F04306468946904693B0A6
:10E06000044656F80C0B00F03FFBB9F1000F18BF47
:10E07000B8F1000F4FF00003054614BF0127002739
:10E080008DF80430013719E002A9204600F0E6FBC4
:10E090002A4602A9204600F05FFB2A463146204668
:10E0A00000F0C8FB3146204600F0D8FB9DF8043054
:10E0B0000133DBB2BB428DF8043014D2204600F0AD
:10E0C000FDFB2A463146204600F0B4FB012201A99F
:10E0D000204600F0AFFB022FD6D1424649462046EB
:10E0E00000F0A8FBD0E713B0BDE8F0832DE9F843BA
:10E0F0009046012205461F460E4600F0B7FA044638
:10E10000B0B905F10C09304600F0EEFA0246494676
:10E11000284600F021FB304600F0E6FA01210246D5
:10E12000484614F0C5F83A4641462846FFF792FFA4
:10E130002046BDE8F88300BFB2F5807F2DE9F041AD
:10E14000E0B02CD8056D90460446AB18B3F5C07FFF
:10E1500025D84FF4C0720E466846002114F0A8F886
:10E160002A46E36D6946206E98470546D0B9276D6B
:10E1700016B1B8F1000F0AD13A4669462046FFF7BA
:10E1800069FF0123E364284660B0BDE8F0810DEB30
:10E19000070031464246474414F0D2F8ECE76FF0EE
:10E1A0000405F0E76FF00805EDE700BF2DE9F04149
:10E1B0001646012204461D460F4600F057FA08B1E4
:10E1C000BDE8F081384604F10C0800F08DFA0746EE
:10E1D000414620463A4600F0BFFA3A464046012101
:10E1E00014F066F842F21073142FA365C4E91765A2
:10E1F00010D91D2F35BF2423302318252025204674
:10E200002365DDE90612FFF797FF0028D8D12565C1
:10E21000BDE8F08118231025F1E700BF2DE9F84F84
:10E220001546064600680F469B46DDF828A000F01C
:10E230005BFAB5F5806F45D8BAF5807F45D8F36DA8
:10E2400081469BB3736D012B03D0F26CB36D9A4280
:10E250002CDD524659463046FFF76EFF20BB824602
:10E26000CDB106F10C08A94530464C4628BF2C46D6
:10E2700000F024FB4A464146304600F0DBFA4146B6
:10E28000304600F0EBFA38462246414614F058F882
:10E290002D1B2744E7D1304652465946FFF7DAFE98
:10E2A000F36C00200133F364BDE8F88FBBF1000F7D
:10E2B000D6D0BAF1000FD3D0524659463046FFF7B8
:10E2C000C9FECDE76FF00200EEE76FF00400EBE768
:10E2D00000B5002383B00093FFF7A0FF03B05DF803
:10E2E00004FB00BF48B110B5044600F07DF964217D
:10E2F0002046BDE8104003F0CFBD7047F0B5B1B087
:10E300000446042000F05EF964220546002117A8A7
:10E3100013F0CEFF002C40F08380764E2946764BDA
:10E3200017A8764A3460CDE90044FFF73FFF18B1E3
:10E330000125284631B0F0BD012303AF502217A8B4
:10E340002C93394623460094FFF768FF0028EFD14D
:10E3500023465022394617A80094FFF75FFF002894
:10E36000E6D150226649384613F0C2FF0028DFD1BB
:10E3700017A800F039F9642117A803F08DFD17A83C
:10E3800000F032F9642117A803F086FD002C7AD141
:10E390006422214617A813F08BFF2946594B17A872
:10E3A000564A3460CDE90044FFF700FF0028BFD192
:10E3B0002246214617A8FFF7BFFE0028B8D1234602
:10E3C0005022394617A80094FFF728FF0028AFD144
:10E3D00023465022394617A80094FFF71FFF002854
:10E3E000A6D150224849384613F082FF054600283E
:10E3F0007BD117A800F0F8F8642117A803F04CFDB2
:10E4000017A800F0F1F8642117A803F045FD002CCF
:10E410008FD03E4813F090FF0A2013F04DFF88E79D
:10E420003B4813F07DFF334E0023344A294617A89A
:10E430003360CDE90033304BFFF7B8FE30B1012532
:10E44000344813F079FF284631B0F0BD012203AF04
:10E45000034600902C923946502217A8FFF7DEFEA3
:10E460000028ECD1034600905022394617A8FFF748
:10E47000D5FE0028E3D150222149384613F038FF59
:10E480000028DCD174E7214813F056FF224813F02E
:10E4900047FF6422002117A813F00AFF0023294632
:10E4A000164A336017A8CDE90033164BFFF77EFEFE
:10E4B0000028C4D10246014617A8FFF73DFE0028F8
:10E4C000BDD1034600905022394617A8FFF7A6FE9B
:10E4D0000028B4D1034600905022394617A8FFF710
:10E4E0009DFE00283FF47DAFA9E7002C3FF420AF4C
:10E4F000A5E700BF54130120B8C0026021E000600E
:10E5000068C10260F0C0026018C10260F8310020EA
:10E51000F03C0020483200200C3D002000487047AD
:10E52000B8C1026010B5044630B30146184813F074
:10E53000B7FE20B32146174813F0B2FEE8B12146DA
:10E54000154813F0ADFEC0B12146144813F0A8FEE3
:10E55000B8B12146124813F0A3FEA0B121461148DC
:10E5600013F09EFE88B121460F4813F099FE0F4C20
:10E5700000280CBF2046002010BD0D4810BD0D48DE
:10E5800010BD0D4810BD0D4810BD0D4810BD00BF99
:10E59000283D0020403E0020B8590020643E002065
:10E5A0005452002080520020DC3E002098C40260BB
:10E5B00058C5026088C5026028C50260F8C40260C0
:10E5C000C8C402600338C0B2052803D8024B53F810
:10E5D00020007047002070470C1E002000230360BD
:10E5E00043608360704700BFC0B1036810B5044644
:10E5F0009BB1406808B15B6A9847A06838B123684E
:10E60000D968490003F048FCA06813F081FE204659
:10E610000C21BDE8104003F03FBC10BD704700BFA7
:10E62000E9B1F8B5B0FA80F60446760970B10B6A24
:10E630000D4698470746606050B1E968022013F024
:10E6400053FEA06030B130462560F8BD0548F8BDE6
:10E650000548F8BD38466B6A98470348F8BD01483D
:10E66000704700BF00AFFFFF80AEFFFFE9B1F8B514
:10E670000546B0B10B6A0C461746984706466860D7
:10E6800088B117B900202C60F8BDE168022013F0B2
:10E690002BFEA8600028F5D13046636A98470448ED
:10E6A000F8BD0448F8BD0248F8BD0248704700BFF5
:10E6B00080AEFFFF00AFFFFF90B1036881B17BB177
:10E6C0000A6893420CD110B5B2FA82F464092AB1F7
:10E6D0009B6A496840689847204610BD014810BDB4
:10E6E0000048704700AFFFFF00B1007A704700BFDD
:10E6F00000B10078704700BF00B14068704700BFAC
:10E7000020B1036813B11B6940681847004870477F
:10E7100000AFFFFF20B1036813B15B694068184781
:10E720000048704700AFFFFF20B1036813B19B6939
:10E73000406818470048704700AFFFFF40B100B580
:10E740008E4611461A46C36970465DF804EB1847B9
:10E750000048704700AFFFFF2DE9F04391B000285B
:10E7600064D003680446002B60D08568002D5DD01E
:10E770009146DA6888464A4523D21B694068984723
:10E780000746A8B923684A46414660685B699847CE
:10E79000074668B923686E4660689B6931469847AA
:10E7A000074630B92368B046A568D3E9029209E06C
:10E7B0006E464021304603F06FFB384611B0BDE88D
:10E7C000F0836E4636212846AF1813F071FD23689A
:10E7D0005C213846DA6813F06BFDB9F1000F16D0F2
:10E7E00009F1FF3208F1FF3107F1FF3C6B1EA81859
:10E7F00011F8017F13F8012F7A4083421A701CF838
:10E80000012F0F7882EA07028CF80020F0D1D4E9BA
:10E8100000301B69984707460028CAD1236829465B
:10E820006068DA685C69A0470746C2E7004FC4E742
:10E8300000AFFFFF48B103683BB110B4846834B146
:10E840005B6940685DF8044B18470348704702480D
:10E850005DF8044B704700BF00AFFFFF002829D0D0
:10E860000368F0B5044691B013B3866806B30D464D
:10E87000DF68406869469B699847B8B92368606853
:10E880001B69984790B9F119D4E900305E69DA68DC
:10E89000B04758B92368694660685E699A68B047AE
:10E8A00020B92368294660689B69984711B0F0BD7C
:10E8B0000148FBE70048704700AFFFFFA0B10368C5
:10E8C00070B5044673B1856865B11B6940689847A7
:10E8D00048B92368294660685C69DA682346BDE860
:10E8E00070401847014870BD0048704700AFFFFFF7
:10E8F000F0B585B068B30D460146002017460122E9
:10E900001E460390CDE9010001A8FFF7AFFE0446C3
:10E9100028B101A8FFF768FE204605B0F0BD3A46D1
:10E92000294601A8FFF718FF04460028F1D1019BF2
:10E930008BB1039A7AB15B6931460A9A029898477B
:10E9400004460028E5D10B9901A8FFF787FF04468C
:10E95000DFE7024CE0E7014CDBE700BF00AFFFFF61
:10E9600020B1036813B1DB6A40681847004870475C
:10E9700000AFFFFF5822002113F09ABC10B15821BC
:10E9800003F08ABA704700BF582208B513F0D8FCCC
:10E9900008BD00BF10B40346074C084900220848D0
:10E9A000C3E902410749186110465DF8044B5961FB
:10E9B000C3E90022704700BF0123456789ABCDEF53
:10E9C000FEDCBA98765432108368DC4A2DE9F04FA9
:10E9D0001A448646C7688DB0D1F800B04C685A44D6
:10E9E000DEF8106001948D680B970295D1F81CA099
:10E9F000D1F83080D0E9043043403B404340D04818
:10EA00001344DEF814201044DEF8102007EB736383
:10EA10007A402044CB4C1A4034447240CE682C4497
:10EA2000C94D024487EA03003D44039603EB32528A
:10EA3000354410407840204483EA020402EBF03071
:10EA400004405C402C440D692E46C04D00EBB424BC
:10EA5000354404961D4482EA0003234053402B446E
:10EA60004D692F46BA4D04EB73633D440597154439
:10EA700080EA04021A4042402A448D692E46B54D70
:10EA800003EB325235440696054484EA03001040F5
:10EA900060402844B04D554402EBF030254483EAF1
:10EAA000020404405C402C440D6A2F46AB4D00EB41
:10EAB000B4243D4407971D4482EA00032340534099
:10EAC0002B444D6A2E46A64D04EB736335440896DD
:10EAD000154480EA04021A4042402A448D6A2F46B7
:10EAE000A04D03EB32523D440997054484EA0300EC
:10EAF000104060402844CD6A2E469B4D02EBF0301A
:10EB000035440A96994E254483EA020404405C4049
:10EB10002C44974D454400EBB4241D4482EA000385
:10EB2000234053402B444D6BD1F838902E4404EBD6
:10EB30007363019F164480EA04021A404240324443
:10EB4000CE6B8C4903EB32524944014484EA030002
:10EB50001040604008448849314402EBF0300C44D6
:10EB600083EA0201014059402144844C00EBB12169
:10EB70003C44069F1C4480EA010313404340234465
:10EB80007F4C01EBF3633C440A9F144481EA030287
:10EB900002404A4022447B4C03EBF2523C44059F26
:10EBA000044483EA0200084058402044764C02EBBB
:10EBB000B0405C440C4482EA0001194051402144B9
:10EBC000724C00EB31313C44099F1C4480EA010344
:10EBD0001340434023446E4C01EBF3633C44049FD9
:10EBE000144481EA030202404A402244694C03EB88
:10EBF000F2523444044483EA02000840584020445E
:10EC0000654C02EBB0403C44089F0C4482EA000192
:10EC1000194051402144614C00EB31313C44039F89
:10EC20001C4480EA01031340434023445C4C01EB45
:10EC3000F3634C44144481EA030202404A402244F4
:10EC4000584C03EBF2523C44079F044483EA020011
:10EC5000084058402044544C02EBB0403C44029FD2
:10EC60000C4482EA00011940514021444F4C00EB12
:10EC700031312C441C4480EA0103134043402344B7
:10EC80004B4C01EBF3633C44059F144481EA0302BF
:10EC900002404A402244474C03EBF252544483EA78
:10ECA000020C2044444C0CEA010C44448CEA030C52
:10ECB0000C448444414802EBBC4C3844019F82EA36
:10ECC0000C0118440B4053402344079C0CEB333396
:10ECD000594001443A48204403EB3171394C104407
:10ECE0008CEA03024A4002440A9801EB725204443F
:10ECF00083EA0100644450402044334C4C4402EB0E
:10ED000030401C4481EA0203434023442F4C3C44DE
:10ED100000EB7323049F0C4482EA00015940214414
:10ED20002B4C3C4403EB3171099F224480EA0304DD
:10ED30004C401444274A52444EE000BF78A46AD79E
:10ED400056B7C7E8DB702024EECEBDC1AF0F7CF50F
:10ED50002AC68747134630A8019546FDD898806992
:10ED6000AFF7448BB15BFFFFBED75C89937198FD11
:10ED70002211906B8E4379A62108B44962251EF6B4
:10ED800040B340C0515A5E26AAC7B6E95D102FD6DF
:10ED90005314440281E6A1D8C8FBD3E7E6CDE121B4
:10EDA000D60737C3870DD5F4ED145A4505E9E3A915
:10EDB000F8A3EFFCD9026F678A4C2A8D4239FAFF1B
:10EDC00081F6718722619D6D0C38E5FD44EABEA491
:10EDD000A9CFDE4B604BBBF601EB7454104483EAC1
:10EDE0000102624002448448384404EB3242039FEB
:10EDF000034481EA040050401844804B2B4402EB4A
:10EE000070200B4484EA0201414019447C4B5B446E
:10EE100000EB31711C4482EA00034B402344794CDF
:10EE20003C4401EB7353069F224480EA01045C409A
:10EE30001444754A3A4403EB3444089F024481EA7F
:10EE4000030060401044714A3A4404EB7020029F72
:10EE5000114483EA040242400A446D49414400EBF4
:10EE600032720B4484EA000151401944694B334427
:10EE700002EB7151234480EA02044C401C44664B6F
:10EE80003B4401EB3444059F184482EA010363408C
:10EE90000344624804EB73235844104463EA0102BC
:10EEA000624002445E4803EBB2625044084462EAA6
:10EEB0000401594001445B4802EBB15148442044ED
:10EEC00061EA030454402044574C01EB70403C4439
:10EED000039F1C4460EA02034B402344534C00EB65
:10EEE000F3234444144463EA010242402244504C58
:10EEF00003EBB2623C44099F0C4462EA00015940B2
:10EF000021444C4C02EBB1513C44019F044461EA62
:10EF1000030050402044484C01EB70403C44079FA4
:10EF20001C4460EA02034B402344444C00EBF323AF
:10EF30003C44144463EA010242402244404C03EB47
:10EF4000B2623444069E0C4462EA000159402144F6
:10EF50003C4C02EBB1513444049E044461EA03008A
:10EF600050402044384C01EB70402C44234460EA6C
:10EF700002044C401C44354B00EBF42433441A4447
:10EF800064EA010343401344DEF8082004EBB36352
:10EF90001A44CEF808200A9D2D4A029F2A440A44AA
:10EFA00063EA000161401144DEF8142003EBB15123
:10EFB0000A44CEF81420274A3A440B9F024461EADF
:10EFC00004005840104401EB704060EA030207441B
:10EFD0004A40DEF810103B46089F08441E49394459
:10EFE000CEF81000002021440A4403EBF223CEF8AF
:10EFF0000C300DB0BDE8F08F70BCBFBEC67E9B2844
:10F00000FA27A1EA8530EFD4051D880439D0D4D978
:10F01000E599DBE6F87CA21F6556ACC4442229F4CE
:10F0200097FF2A43A72394AB39A093FCC3595B6590
:10F0300092CC0C8F7DF4EFFFD15D84854F7EA86F5D
:10F04000E0E62CFE144301A3A111084E827E53F783
:10F0500035F23ABDBBD2D72A91D386EBC2B32DE9A4
:10F06000F843036806460D46144603F03F079B1815
:10F07000C7F14008036002D3436801334360C7B15E
:10F08000444516D306F118092946424609EB070004
:10F0900013F056F949463046FFF796FC38B93C4420
:10F0A00045440746403C3F2C08D89CB90020BDE8A9
:10F0B000F8833F2C02D80DE03F2CF6D92946304684
:10F0C000403C4035FFF780FC0028F5D0BDE8F883D0
:10F0D0000020704706F1180022462946384413F0F4
:10F0E0002FF9E3E770B50446006880220D4600F072
:10F0F0003F0004F118062318013038281A7637D853
:10F10000C0F138020021304413F0D2F823683146B0
:10F11000666820465A0FDB0042EAC6022365626534
:10F12000FFF752FC18BBA3682B70A3681B0A6B7017
:10F130006389AB70E37AEB70E3682B71E3681B0AB9
:10F140006B71E389AB71E37BEB7123692B722369EC
:10F150001B0A6B72638AAB72E37CEB7263692B737D
:10F1600063691B0A6B73E38AAB73E37DEB7370BD5A
:10F17000C0F140020021304413F09AF83146204695
:10F18000FFF722FC0028F2D101463822304613F066
:10F190008FF8BBE700230749074A10B4C0E90033E2
:10F1A000064C074B846043615DF8044BC0E90312D1
:10F1B000704700BF89ABCDEFFEDCBA9801234567ED
:10F1C00076543210FFF74ABFFFF78CBFFFF7FCBB46
:10F1D00070B596B004460D46164600215822684682
:10F1E00013F066F8114B2A462146029303F1883347
:10F1F0006846039303F12943A3F59613A3F68B63A3
:10F200000493A3F188330593FFF728FF38B1044630
:10F210006846582102F040FE204616B070BD3146C7
:10F220006846FFF75FFF0446F2E700BF012345672A
:10F23000FFF7CEBF2DE9F04FDFF8888085B00025BD
:10F24000074608F12006DFF880A008F51679DFF8F8
:10F250007CB0D7B96A4658F8041F30465136FFF7DC
:10F26000B7FF044609EB0511102201356846ECB9D9
:10F2700013F03EF80446C0B967B9072DE9D16FB95C
:10F280003C46204605B0BDE8F08F691C504613F09F
:10F2900047F8DFE7584613F04FF8EEE70A2013F07F
:10F2A0000BF8204605B0BDE8F08F0124002FE8D010
:10F2B000034813F041F8204605B0BDE8F08F00BFC9
:10F2C00048320020D0C102602C3D0020F8310020DF
:10F2D000FFF760BBFFF7C2BEFFF704BFFFF754BBE9
:10F2E000FFF772BB05F0A4B805F0FABF06F03CB812
:10F2F00005F098B805F0C0B8012106F093B900BF39
:10F3000006F0A6BD06F0E8BD012306F0C1BE00BFB1
:10F3100006F082B906F0D8B9002106F083B900BF23
:10F32000002306F0B5BE00BF012107F035B800BFCD
:10F3300007F036BE07F084BE012308F023B800BFF3
:10F3400007F024B807F0ACB8002107F025B800BFDB
:10F35000002308F017B800BF10B50446FFF70EFBF6
:10F360002046BDE8104012F0D3BF00BF10B50446E0
:10F3700005F052F82046BDE8104012F0C9BF00BFAA
:10F3800010B5044606F042F92046BDE8104012F0E0
:10F39000BFBF00BF10B5044606F0F2FF2046BDE82F
:10F3A000104012F0B5BF00BF10B55821012012F077
:10F3B0009BFF044608B1FFF7DDFA204610BD00BFF1
:10F3C00010B55C21012012F08FFF044608B105F052
:10F3D0001FF8204610BD00BF10B56C21012012F0AF
:10F3E00083FF044608B106F00DF9204610BD00BFAA
:10F3F00010B5D821012012F077FF044608B106F0BD
:10F40000BBFF204610BD00BF53680BB918467047BC
:10F4100093682DE9F04F1C7817462F4B83B00646B2
:10F420008946A3FB04232D4A5D092B4605EB850580
:10F43000A4EBC504E4B2009412F05EFF00283BDBAD
:10F44000484534BF00230123B3BBD7F804E006448A
:10F45000A9EB0005BEF1010F30D90224D7F808A0AE
:10F46000DFF87C8005E0A6452BD913F07E4F23D131
:10F4700001340AEB040C2946424630461CF801CC04
:10F480000CF07F0B1CF0800F0BEBC313EBD112F0D1
:10F4900033FF0028A5EB000106440DDBA84234BF72
:10F4A0000022012213463AB9D7F804E0A6450DD947
:10F4B0000D46D7F808A0DBE76FF00A0003B0BDE8FF
:10F4C000F08FA9EB050003B0BDE8F08F401B484466
:10F4D00003B0BDE8F08F00BFCDCCCCCC403D0020C8
:10F4E000483D0020C8B1F8B5064645680F460C4CAB
:10F4F00003230C4803E054F8140F58B163689D428D
:10F50000F9D12A46B16812F0F3FE0028F3D123693D
:10F510003B60F8BD6FF02D00F8BD6FF02D00704717
:10F52000B8C502604C3D0020C8B1F8B50646456834
:10F530000F460C4C03230C4803E054F8140F58B149
:10F5400063689D42F9D12A46B16812F0D1FE0028C5
:10F55000F3D123693B60F8BD6FF02D00F8BD6FF06B
:10F560002D00704730C60260503D0020C8B1F8B58C
:10F57000064645680F460C4C09230C4803E054F836
:10F58000140F58B163689D42F9D12A46B16812F050
:10F59000AFFE0028F3D1237C3B70F8BD6FF02D0047
:10F5A000F8BD6FF02D007047C0C70260543D0020C9
:10F5B00010B40C4B4FF0010C0B4C04E053F8144FFB
:10F5C00054B193F810C08445F8D15B6800200C60FA
:10F5D0005DF8044B136070476FF02D005DF8044B2D
:10F5E000704700BFC0C70260543D0020C8B1F8B5E5
:10F5F000064645680F460C4C08230C4803E054F8B7
:10F60000140F58B163689D42F9D12A46B16812F0CF
:10F610006FFE0028F3D1237C3B70F8BD6FF02D0006
:10F62000F8BD6FF02D00704710C80260603D0020EB
:10F6300010B40C4B4FF0010C0B4C04E053F8144F7A
:10F6400054B193F810C08445F8D15B6800200C6079
:10F650005DF8044B136070476FF02D005DF8044BAC
:10F66000704700BF10C80260603D002000B309234E
:10F670002DE9F0410546D0F804800F4616460E4CA1
:10F680000E4803E054F8140F70B163689845F9D13F
:10F690004246A96812F02CFE0028F3D1237C3B706F
:10F6A000637C3370BDE8F0816FF02D00BDE8F08120
:10F6B0006FF02D00704700BF74C802606C3D0020E1
:10F6C000C8B1F8B5064645680F460C4C09230C48EE
:10F6D00003E054F8140F58B163689D42F9D12A46EB
:10F6E000B16812F005FE0028F3D1E3683B60F8BD75
:10F6F0006FF02D00F8BD6FF02D00704774C80260E8
:10F700006C3D002030B44FF0010C0C4C0C4D04E06B
:10F7100054F8145F6DB194F811C08445F8D194F891
:10F7200010C08C45F4D1616800201560196030BCB0
:10F7300070476FF02D0030BC704700BF74C8026086
:10F740006C3D0020C8B1F8B5064645680F460C4C24
:10F7500008230C4803E054F8140F58B163689D4225
:10F76000F9D12A46B16812F0C3FD0028F3D1237CF9
:10F770003B70F8BD6FF02D00F8BD6FF02D007047A5
:10F780008CC90260783D0020C8B1F8B506464568CE
:10F790000F460C4C08230C4803E054F8140F58B1E2
:10F7A00063689D42F9D12A46B16812F0A1FD002894
:10F7B000F3D1237C3B70F8BD6FF02D00F8BD6FF0E6
:10F7C0002D00704718CA0260843D0020C8B1F8B50A
:10F7D000064645680F460C4C08230C4803E054F8D5
:10F7E000100F58B163689D42F9D12A46B16812F0F2
:10F7F0007FFD0028F3D1E3683B60F8BD6FF02D007A
:10F80000F8BD6FF02D00704790CA0260903D002057
:10F8100010B40C4B4FF0030C0B4C04E053F8144F96
:10F8200054B193F810C08445F8D15B6800200C6097
:10F830005DF8044B136070476FF02D005DF8044BCA
:10F84000704700BF8CC90260783D0020C8B1F8B590
:10F85000064645680F460C4C05230C4803E054F857
:10F86000140F58B163689D42F9D12A46B16812F06D
:10F870003FFD0028F3D1237C3B70F8BD6FF02D00D5
:10F88000F8BD6FF02D00704700CB02609C3D00205A
:10F8900000B30A232DE9F0410546D0F804800F4655
:10F8A00016460E4C0E4803E054F8140F70B163680E
:10F8B0009845F9D14246A96812F01AFD0028F3D103
:10F8C000237C3B70637C3370BDE8F0816FF02D00CA
:10F8D000BDE8F0816FF02D00704700BF3CCB0260A7
:10F8E000A43D00202DE9F0439BB00746884616460C
:10F8F00004A81D46FFF73EF804A8FFF74BF860B1D7
:10F900000446E94604A8FFF739F84846102102F0FA
:10F91000C3FA20461BB0BDE8F083229A294604A80A
:10F92000FFF79CFB044608B1E946EBE708223146A5
:10F9300004A8E946FFF792FB04460028E2D104A898
:10F940004946FFF7CFFB04460028DBD1B8F1100F82
:10F9500037D94C460FCC386004A87960BA60FB6098
:10F96000FFF718F804460028CCD1102249460DEBC9
:10F970000200FFF773FB04460028C3D12946229AF0
:10F9800004A8FFF76BFB04460028BBD131460822D0
:10F9900004A8FFF763FB04460028B3D1494604A836
:10F9A000FFF7A0FB04460028ACD1B8F1200F07F107
:10F9B0001000494614BFA8F11002102212F0C0FC3A
:10F9C000A0E742463846494612F0BAFC9AE700BF23
:10F9D000F0B5EBB005460E461746709C0AA8039397
:10F9E000F8F77EFD00942A46039B182104A8FFF730
:10F9F00079FF044648B10AA8F8F778FD04A8182151
:10FA000002F04AFA20466BB0F0BD04A90AA8F9F743
:10FA1000D5FB04460028EED101462B463A460AA8FB
:10FA2000CDE90066F9F72CF90446E4E72DE9F04149
:10FA3000D0B006460D461746579C0AA89846F1F7DF
:10FA400019FE00943246569B294602A8FFF74AFF4A
:10FA5000044650B10AA8F1F713FE02A8294602F0A5
:10FA60001BFA204650B0BDE8F081EA0002A90AA8BE
:10FA7000F1F720FF04460028ECD101463346424608
:10FA80000AA8CDE90077F2F70DFD0446E2E700BFD2
:10FA90000023036043608360704700BF2DE9F04797
:10FAA000ACB0002800F068820646184688469146A9
:10FAB0001F4612F025FC0546002800F051824946F9
:10FAC000384612F01DFC0446002800F049828542A9
:10FAD00080F04682404612F0E7FB2B5C05EB000805
:10FAE000202B03D198F8013008F101080D2B03D128
:10FAF00098F8013008F101080A2B40F0318248469D
:10FB000008F1010512F0D0FB235C0246202B2244B1
:10FB100001D1537801320D2B01D1537801320A2BD8
:10FB2000369B08BF0132D21B1A60631B152B4EDCBB
:10FB30004FF00009C846A54280F014820021641BE2
:10FB40002B4605AA08460094F3F730FD2C3000F050
:10FB5000118205990120039112F0C6FB0746002887
:10FB600000F0158200942B4605AA0399F3F71EFDB9
:10FB70000446002840F0A280B8F1000F7FD0349BEB
:10FB8000002B00F0FB81B9F1250F00F01B81B9F1CA
:10FB9000210F00F02D81B9F1050F7CD0B9F1060FCE
:10FBA00000F01A81B9F1070F00F0CD810599022903
:10FBB00005D93B78302B02D17B78832B60D938462E
:10FBC000B14C02F069F9384612F0A2FB5AE0162255
:10FBD000AE49284612F08CFB0028A9D198F81730BE
:10FBE0000D2B53D008F117070A2B40F0BB817D1C69
:10FBF000A4EB0508B8F1160F6DDD1722A4492846BD
:10FC000012F076FB002840F0CD8007F11803E31ACC
:10FC10000F2B40F3C5800DF120086FF016050890FA
:10FC200007F1270CC8F80400ED1B07F1170011E0DD
:10FC3000A1F1370E13F0010F4FEA530308BF4FEA4B
:10FC40000E1E18F80320604542EA0E0208F8032051
:10FC500000F0E9802B1810F8011FA1F13002A1F18A
:10FC600041099646D2B2092AE4D9B9F1050FA1F1AA
:10FC70006102A1F1570EDBD9052ADBD990E0059985
:10FC8000C6E9007120462CB0BDE8F08708F11807DE
:10FC900098F81830A8E735993A46059B08A80191CD
:10FCA000349900911021FFF7C1FE0546002D3FF465
:10FCB0007DAF38462C4612F02BFBE3E7059938461A
:10FCC000A4F5885402F0E8F8384612F021FB2046EB
:10FCD0002CB0BDE8F087B8F1110F00F3B980B8F18E
:10FCE0000D0F6DDD0E226B49284612F001FB002836
:10FCF00066D1B8F1150F63DD16226749284612F068
:10FD0000F7FA002800F0308116226449284612F0E4
:10FD1000EFFA002800F02B8116226149284612F0E4
:10FD2000E7FA00284CD14FF0070905F11603E31A52
:10FD30001F2B35DD00230DF120086FF0140705F1AE
:10FD40001500089305F1350C7F1BC8F80C30C8E985
:10FD5000013311E0A1F1370E13F0010F4FEA530305
:10FD600008BF4FEA0E1E18F80320844542EA0E022F
:10FD700008F8032000F0E5803B1810F8011FA1F1FE
:10FD80003002A1F1410A9646D2B2092AE4D9BAF169
:10FD9000050FA1F16102A1F1570EDBD9052ADBD9CC
:10FDA000404C6FE712224049284612F0A1FA002881
:10FDB00056D00E223749284612F09AFA00289BD0D6
:10FDC0003A4C5FE7359908A8349B00913946059A6B
:10FDD000FFF7FEFD054669E735993A46059B08A8F9
:10FDE0000191349900911821FFF720FE05465DE747
:10FDF0000CA8DDF814900DF12008F8F767FB359B8F
:10FE00000821424606A80093349BFFF76BFD054688
:10FE1000002800F084800CA8F8F75CFB06A80821F5
:10FE200002F03AF842E707F128054FF02509A4EB64
:10FE30000508B8F10D0F6ADC2B780D2B01D16B781A
:10FE400001350A2B40F08E8001354FF0010872E633
:10FE500012221549284612F04BFA00287FF442AFCF
:10FE600007F11303E31A0F2B9ADD00230DF120088D
:10FE70006FF0110507F11200089307F1220CED1B3A
:10FE8000C8F8043025E000BF80ECFFFF18480020D0
:10FE900030480020A44800205C480020744800201E
:10FEA0008C48002000EEFFFF4848002080EDFFFF57
:10FEB000A1F1370E13F0010F4FEA530308BF4FEAC9
:10FEC0000E1E18F80320604542EA0E0208F80320CF
:10FED00014D02B1810F8011FA1F13002A1F1410933
:10FEE0009646D2B2092AE5D9B9F1050FA1F161020E
:10FEF000A1F1570EDCD9052ADCD951E707F123051A
:10FF00004FF02109A4EB0508B8F10D0F94DD0E2286
:10FF10002049284612F0ECF900288DD1E9E606A91F
:10FF20000CA8F9F799F8054600287FF474AF43460A
:10FF30004A4600210CA8CDE90077F8F70FFC0546EA
:10FF400069E7363578E735993A46059B019134994A
:10FF5000009120210DEB0100FFF768FD0546A5E6A5
:10FF60000D4C8FE60D4C8DE64FF00509DDE64FF0A8
:10FF70000609DAE60A4C85E60A4C83E63846059916
:10FF800001F08AFF3846084C12F0C2F97AE6074CB5
:10FF900078E600BFA448002080EFFFFF00EFFFFFDE
:10FFA000D4EEFFFF80EBFFFF00EDFFFF80EEFFFFD1
:10FFB00010B50446006818B1616801F06DFF206853
:10FFC00012F0A6F9A06812F0A3F920460C21BDE8B2
:10FFD000104001F061BF00BF2DE9F04F1D4687B012
:10FFE0000E4600218146134608460392009505AA55
:10FFF000DDF84080F3F736FA484612F055F98246AC
:02000004600199
:10000000304612F051F9059F119B7C1C04EB9714AC
:10001000544404449C42039B5AD8002F46D1BA460C
:10002000394605AA50460095F3F71CFA0746002802
:1000300047D1484612F038F949460246404612F088
:100040007FF9484612F030F9059D08EB000495B1A0
:10005000D3464FF00A09402D2A462046594628BF6C
:100060004022AD1A1444934412F06AF9059504F83D
:10007000019B002DEFD1304612F016F931460246B1
:10008000204612F05DF9304612F00EF900220346C8
:100090005046E2541C44129B0134A4EB08041C603B
:1000A00012F036F9384607B0BDE8F08F3946012026
:1000B000039312F019F9039B82460028B0D1074F31
:1000C000F0E7504612F024F9384607B0BDE8F08F4B
:1000D000129B6FF029071C60E4E700BF80EEFFFF72
:1000E0000138C0B2032803D8024B53F820007047F0
:1000F00000207047341E002010B10023C0E90033F7
:10010000704700BF68B1036810B5044643B140684A
:100110009B6A984720460821BDE8104001F0BCBE0C
:1001200010BD704780B170B50D4649B106680446F0
:1001300036B94B6A9847606020B13046256070BD83
:10014000024870BD024870BD0048704780C1FFFF83
:1001500080C0FFFFD8B12DE9F04706680546A6B973
:10016000DFF83C801F4689469246D8F824309847ED
:100170000446686068B1089B3046C5F80080A760F7
:10018000E360C4E9009ABDE8F0870348FBE7024852
:1001900070470248F7E700BF80C1FFFF80C0FFFF44
:1001A00078CB026020B1036813B19B6840681847A0
:1001B00000207047034608461BB11B680BB1DB6883
:1001C00018470020704700BF2DE9F04182B0DDE9FB
:1001D0000878D0B105680446BDB1164653B12D6903
:1001E000BDB13246AC46CDE90878606802B0BDE8E2
:1001F000F041604708460191FEF7E4F928B1FEF7A7
:1002000073FA256803460199E9E7034802B0BDE89F
:10021000F0810248FAE700BF80C1FFFF00C1FFFF85
:100220002DE9F04F87B0DDE910ABDDE91298002A27
:1002300049D00D4611681446002944D01F46CB68AA
:1002400006469847002840D0062E0ED0002D3AD101
:100250005B46524639462046CDF84480CDF8409062
:1002600007B0BDE8F04FFFF7AFBF65B3236833B108
:100270009B68606898470730B8EBD00F27D3CDF85C
:10028000149000230097CDE901BA69682A78CDE976
:1002900003211A461946606803F030F9054618B183
:1002A000284607B0BDE8F08F236823B19B686068DB
:1002B00098470730C008074B804588BF1D46284631
:1002C00007B0BDE8F08F044DEAE7044DE8E7044DC0
:1002D000E6E700BF00C7FFFF80C1FFFF00C1FFFFCF
:1002E00080BCFFFF2DE9F04782B0DDE90A78DDE947
:1002F0000C9AE0B1154602680446C2B163B1566972
:10030000CEB12A46B446CDE90C9ACDE90A786068A8
:1003100002B0BDE8F047604708460191FEF752F988
:1003200028B1FEF7E1F9226803460199E7E703489F
:1003300002B0BDE8F0870248FAE700BF80C1FFFFC6
:1003400000C1FFFFF0B438B104682CB1A46934B126
:10035000A4464068F0BC60470248F0BC70470248C1
:10036000FBE700BF80C1FFFF00C1FFFFF0B438B161
:1003700004682CB1E46934B1A4464068F0BC60471D
:100380000248F0BC70470248FBE700BF80C1FFFF96
:1003900000C1FFFFD8B10268CAB1C1B10B68B3B1E7
:1003A00010B41C6AACB193F800C0BCF1050F07D0C3
:1003B0009A4208D12346496840685DF8044B1847C3
:1003C0001378012BF6D004485DF8044B70470348BE
:1003D00070470248F8E700BF00C1FFFF80C1FFFF80
:1003E00040B108B503684BB1DB6A2BB14068984750
:1003F000002008BD02487047024808BD004808BDFB
:1004000080C1FFFF00C1FFFF18B103680BB158683E
:1004100070470148704700BFB448002010B1006821
:1004200000B10078704700BF062818BF01280CBF34
:1004300001200020704700BF08B502F0F1F8C000AD
:1004400008BD00BF2DE9F04385B007460D46904634
:10045000DDF834901E4602F0E3F8484514D80C9BB2
:100460000446CDF8088038460393002301961A46C7
:100470001946009503F042F918B9044B4C4538BFB2
:10048000184605B0BDE8F0830148FAE700C7FFFF52
:1004900080BCFFFF2DE9F04383B00C4617460646AB
:1004A0000C991D460D9A01910092DDE90A8902F02E
:1004B000B7F80123C9F8000030460B950A94DDE92E
:1004C0000021CDE90C7803B0BDE8F04302F080BF15
:1004D0002DE9F04F144681B007460E461D46DDE972
:1004E0000A8ADDE90C9B02F09BF8A0420DD15A4626
:1004F0004946384601230B96CDF82880CDE90C5AA1
:1005000001B0BDE8F04F02F0E1BD024801B0BDE826
:10051000F08F00BF80BFFFFF2DE9F04F81B006468E
:100520000D4614469946DDE90A87DDE90CAB02F079
:1005300077F8B842C8F800000CD85A465146304601
:100540000023CDF830900B950A9401B0BDE8F04F30
:1005500002F022BC014801B0BDE8F08F00BCFFFFF3
:1005600002F0B8B830B4012300F10804054D14308E
:10057000054A0D618C600B704A600B73486130BC9A
:10058000704700BFC8480020C04800200238022839
:100590008CBF002001207047806D704710B582B07D
:1005A00011461A46DDE904340094F9F725FF10F5E9
:1005B000984F08BF00F5985002B010BDF9F7BEBEC5
:1005C00070B5B0B015461E46039005A8F9F798FF20
:1005D000039905A8F9F776FF044628B105A8F9F7AD
:1005E00091FF204630B070BD359C3246349B294681
:1005F000009405A8F9F700FF10F5984F044608BFCE
:1006000000F5985405A8F9F77DFF204630B070BD7D
:10061000F0B5B1B004460D46164605A81F46F9F7D9
:100620006FFF214605A8F9F74DFF30B1044605A834
:10063000F9F768FF204631B0F0BD399C3B463246A1
:100640002946039405A8389C0294379C0194369C53
:100650000094F9F773FE044605A8F9F753FF204606
:1006600031B0F0BDFBF708BE0222034B88300A70A0
:10067000C1E90130704700BFD0480020023801288E
:100680008CBF002001207047A0F10400B0FA80F078
:1006900040097047A0F10100B0FA80F040097047AE
:1006A00008B5C36800689847C00008BD2DE9F0434D
:1006B00083B004460D4617461E460D9ADDF8288085
:1006C000C36800680092DDE90B9101919847C9F871
:1006D000000001230B96CDE90C78A6682068B4468B
:1006E0000A95DDE9002103B0BDE8F043604700BF93
:1006F0002DE9F047154604460E46C16800681F46BE
:10070000DDF82090DDF824808847A8420BD1CDF891
:10071000248033464A460121D4E900050897AC46B7
:10072000BDE8F04760470148BDE8F08780BFFFFFA4
:1007300010B5044603F01CF82046BDE8104011F047
:10074000E7BD00BF10B50446FAF786FD2046BDE8B8
:10075000104011F0DDBD00BF10B50446F9F7D2FE20
:100760002046BDE8104011F0D3BD00BF10B50446CF
:10077000102101F091FB2046BDE8104011F0C8BDEA
:1007800010B5AC21012011F0AFFD044618B10022D4
:10079000114601F0EBFC204610BD00BF10B5AC21A6
:1007A000012011F0A1FD044608B1FAF7E3FC204650
:1007B00010BD00BF10B5AC21012011F095FD04461D
:1007C00008B1F9F79DFE204610BD00BF10210120A1
:1007D00011F08ABD2DE9F041CB68ADF50C7D0646E0
:1007E00008680C4698470546304601F019FFED00B1
:1007F000B5EBC00F32D120222A2104A8202711F006
:1008000057FDE368206898470CAB00220546039328
:1008100004AB114602930123CDE90027D4F80880E8
:100820002068C047044620B120460DF50C7DBDE888
:10083000F081304601F0F4FE854280460ED30CABC9
:10084000304622462146039304AB01970293234688
:10085000009402F053FF08B94545E5D9024C204603
:100860000DF50C7DBDE8F08100BEFFFF004870472C
:1008700000E1FFFF2DE9F04FADF5197D9046A39AF9
:10088000DDF888B2402A98BF402B0091CDE90103E2
:100890009DF8900200F2F780802994BF0024012483
:1008A000002C40F0F080FDF78DFE0646002800F099
:1008B000F18005A8FDF792FE2246314605A8FDF716
:1008C000D5FE18B10DF5197DBDE8F08F30460DF15C
:1008D000E00AFDF709FF2128A59B054634BF4FF02C
:1008E00040094FF08009D9B218A84A464C4611F089
:1008F000DFFCCDF80C90DDF88C92A1454F465046B8
:10090000594628BF27463A46BA4411F019FDE41B60
:10091000F3D1DDF80C900DF5B07A4C46D346DDF8F6
:100920000890A1454F465846414628BF27463A46BB
:10093000BB4411F005FDE41BF3D1009B08AFDDF8CB
:100940000C90002B00F0A18078ABDDF898B20293F8
:1009500005A8FDF7D5FE30BB4A4618A905A8FDF746
:10096000D9FE00BB4A4638A905A8FDF7D3FED0B989
:100970004A46514605A8FDF7CDFEA0B9394605A85F
:10098000FDF7D2FE78B9BBF1010F25D9012401E0B2
:100990005C4521D03B462A46394630460134FDF7B6
:1009A000CDFE0028F4D0804638A8802101F074FAEA
:1009B0005046802101F070FA0298802101F06CFA13
:1009C0004021384601F068FA05A8FDF70DFE4046C3
:1009D0000DF5197DBDE8F08F009C3946019AAC42B7
:1009E000104628BF2C4622440192224611F0A8FC52
:1009F000009B1B1B00934AD04C46DDF80880CDF8C5
:100A000098B2CB46C146A04645452C464846394695
:100A100028BF44462246A14411F092FCB8EB0408DA
:100A2000F2D1D946029BDDF898B203EB09014846A2
:100A30000A4600E03BB912F8013D013803F1010319
:100A4000DBB21370F6D138AB0C4603EB0900002380
:100A500010F8012D14F801CD6244134438AA8242E3
:100A60000370C3F30723F3D10AEB0900002310F846
:100A7000012D11F8014D8245224413440370C3F344
:100A80000723F4D164E704481CE778AB02934FF0E6
:100A9000000889E7014815E780E0FFFF00E1FFFF5C
:100AA0002DE9F04F4FF0000ADBB0044610468846AF
:100AB0001F46659DCDF820A0F7F794F8002800F0B8
:100AC000C280802D0646D0F80490D0F80CB0CDF846
:100AD00024A000F2B68051464FF4817219A8CDF8D7
:100AE00030A0CDE90AAA11F0E3FB04F1080AD4E929
:100AF000013119442368302B40F0A18004230BAA54
:100B000050460791F1F7F2FF079900284DD0A0F564
:100B1000F454002C45D15DB1649B681E19AA184499
:100B2000013B13F8011F0232984202F8011CF8D170
:100B3000099A6B1C4FEAD90911A804925B000B9A21
:100B40004946029701920C9A079300920122039260
:100B500019AAFFF78FFE044618BB079BBBF1000FD5
:100B600035D10DAD19A8F7F76BF8314619A8F7F78D
:100B70007BF8044650B94FFA88F311A94FEAC9022D
:100B800019A8F7F79DF80446002833D011A82021B2
:100B900001F082F92846102101F07EF919A8F7F733
:100BA00053F820465BB0BDE8F08FA36850460B9A1F
:100BB0000C93134409AA0791A360F1F7D9FF079991
:100BC0000028A4D1A3689942A5D0204CE9E7099A4E
:100BD0000DAD59460297049228460B9A01920C9A41
:100BE00000920222039219AAFFF744FE044600284D
:100BF000B8D0D6E7F268294619A8F7F7CFF8044627
:100C00000028C3D119A8F7F7EBF804460028BDD196
:100C100008AA689B19A80092DDE96612F7F708F99F
:100C200004460028B2D1689B08AA089919A819445B
:100C3000F7F710FA064B041E18BF1C46A6E7054C32
:100C4000AFE7054CADE7054CABE700BF1AE1FFFF8E
:100C500000E2FFFF1EE1FFFF80E0FFFF00E1FFFF7A
:100C60002DE9F04FA3B0044600689A460F4690461F
:100C7000DDF8B490FDF738FD0023ADF804308DF8B1
:100C8000063001238DF807302E9B002B66D012AB67
:100C9000064603EB000B424639462046FDF75CFD55
:100CA00000285CD12C9A51462046FDF7C3FD002850
:100CB00055D1042220460DEB0201FDF7BBFD0028B3
:100CC0004DD112A92046FDF7C9FD002847D1324673
:100CD00012A902A811F034FBB9F1010F22D90125A4
:100CE000424639462046FDF737FD002837D13246C7
:100CF00002A92046FDF79EFD002830D102A920461A
:100D0000FDF7ACFD58BB56B112AA02A8117810F835
:100D100001CB81EA0C0102F8011B9345F6D10135A4
:100D2000A945DDD12E9A12A92E9BB2422F9828BF39
:100D300032469B1A2E93034613442F9311F000FB67
:100D400002AA042012F8011D01380131C9B2117044
:100D500009B90028F6D12E9B002B9CD1002023B08E
:100D6000BDE8F08F2DE9F0438568BDB01F464368AC
:100D7000002408951D4403680994302BCDE90644EE
:100D80004FF004048DF8164040F0B58088461646B2
:100D900010AB0AAA294608A8F1F7F0FF002860D195
:100DA0000B9A092A40F0CC800C99674811F0A0FA00
:100DB000002840F0C580129B119A249303EB02098E
:100DC000109B302B40F09780234617AA494624A851
:100DD000F1F78CFE38B1A0F53C54002C33D02046FE
:100DE0003DB0BDE8F083249B4946179A24A8189388
:100DF000134406AA2493F1F7BBFE0028EBD1249BF1
:100E0000994520D007AA494624A8F1F7B1FE10F170
:100E1000620F01D00028DED1249B994513D04946AA
:100E200024A82CAAF2F706F80028D4D12CA80DF19A
:100E30001601FEF7A9FC002840F08280249B99450A
:100E400001D0424CCBE79DF81600FDF7BBFB0446F2
:100E5000002875D0294608A813AB0DAAF1F78EFF1C
:100E600028B1A0F53C5420463DB0BDE8F0830DA864
:100E70000DF11701FEF7EAFC002861D19DF817007B
:100E8000F6F7B0FE054600285AD04368DB08079302
:100E9000139B042B56D1149AC3689A4252D119A8B5
:100EA000FDF79CFB2CA8F6F7CBFE24A8DDE9142166
:100EB00011F046FA2146012219A8FDF7D7FB044696
:100EC00078B9079B31461CAE3A46029319A8069B97
:100ED00003960193179B0093189BFFF7C1FE0446EE
:100EE00058B119A8FDF780FB2CA8F6F7ADFE2046F7
:100EF0003DB0BDE8F083164C71E729462CA8F6F703
:100F0000B3FE04460028ECD1079A4FFA88F3314625
:100F10002CA8D200F6F7D4FE04460028E1D146986A
:100F200009AA449B24A9CDE90102459A2CA8009264
:100F3000149AF7F759F9074B041E18BF1C46D0E75F
:100F4000054C4CE7054C4AE7F44800209AD0FFFFD7
:100F50009ED0FFFF00D2FFFF80D1FFFF00D1FFFF37
:100F60002DE9F04F9BB0064607A8FDF737FB04209C
:100F7000FDF728FB002844D00146012207A8FDF711
:100F800075FB044600283CD12C4D0AAF05F1F00357
:100F900005F1C00B05F1D80A05F590780493A94630
:100FA00005F584730593002E34D1059B07A803979C
:100FB00053F8045B049A029505935AF8043B009396
:100FC00052F8043B04921E4A0193434602EB44113B
:100FD0005BF8042B08F128080134FFF741FE78B9CB
:100FE0002A464846394609F1200911F081F905469B
:100FF00030B9A6B9062CD6D1A946A6B9B14602E0A9
:10100000AEB94FF0010907A8FDF7EEFA48461BB04C
:10101000BDE8F08F21460B4811F082F9C5E70A4878
:1010200011F08AF9E6E70A2011F046F9EBE70748E4
:101030004FF0010911F080F9E5E700BF68CC0260CC
:1010400078CE026000490020F831002048320020AC
:1010500070B58AB016463023044609AA0D46F1F74A
:1010600045FD58B92368099A13449D4243D1022390
:1010700009AA29462046F1F739FD18B1A0F56C50B0
:101080000AB070BDCDE90500CDE90300CDE901004E
:1010900000900346099A3046216801F0A9F860BB28
:1010A000236809AA099920460B4429462360022394
:1010B000F1F71CFD0028E1D1099A03460290014690
:1010C0000692CDE903002268CDE9000005920246B0
:1010D000304601F08DF880B923683046099A1344F0
:1010E000236001F0BFF840B9304601F09BFA20B907
:1010F0002368AB42C4D00248C2E70248C0E700BF41
:101100009AC4FFFF00C5FFFF70B58EB00C461646AF
:1011100005460BA8F2F700FDA119302309AA0AA879
:101120000A94F1F7E3FC20B1A0F5745420460EB008
:1011300070BDDDE9093608AA0AA81E443146F1F758
:1011400017FD002840F0D680089B002B40F0DA8085
:10115000022309AA31460AA8F1F7C8FC044670B177
:101160000BA8F2F7E1FC4FF680731C4200F0C78039
:10117000674C284602F0FCFA20460EB070BD0346CC
:101180000090CDE90500CDE90300CDE90100DDE9DE
:101190000921284601F02CF804460028E0D1314608
:1011A0000AA8DDE90923134409AA0A930223F1F7E7
:1011B0009DFC04460028D3D1099B024601460090BD
:1011C00006930A9BCDE90300CDE901000593034690
:1011D000284601F00DF804460028C1D131460AA87E
:1011E000DDE90923134409AA0A930223F1F77EFCDF
:1011F00004460028B4D1099B02460146009004939E
:101200000A9BCDE90500CDE901000393034628467A
:1012100000F0EEFF04460028A2D131460AA8DDE91D
:101220000923134409AA0A930223F1F75FFC044639
:10123000002895D10022099B2846009311460A9B5D
:10124000CDE90522CDE90322CDE9012200F0D0FF4E
:101250000446002884D109AA0AA8DDE909130B4431
:1012600031460A930223F1F741FC044600287FF43B
:1012700077AF099B02460146009002930A9BCDE995
:101280000500CDE9030001930346284600F0B0FFB6
:10129000044600287FF464AF2846DDE9092313449F
:1012A0000A9300F0DFFF044600287FF459AF0BAA31
:1012B00031460AA8F1F73EFD044600287FF450AFFE
:1012C0000BAA31460AA8F1F735FD044600287FF441
:1012D00047AF0BAA0AA83146F1F72CFD04460028B7
:1012E0007FF43EAF0A9B0BA8B3420DD0084CF2F737
:1012F0001BFC3EE7A0F5745420460EB070BDA4F56B
:10130000745436E7034C11E7F2F70EFC0EE700BF0A
:1013100000C3FFFF80C2FFFF70B5002584B01646F2
:101320001C4601AA9D60C3E90055F1F727FD18B1DD
:10133000A0F56A5004B070BD314601A8FEF716F959
:1013400068B93378012BF5D12368052B00D043B958
:101350006268054B002A18BF184604B070BD0348E8
:10136000E8E70148E6E700BF80C5FFFF80C3FFFF55
:101370000368062BF0B50D46C3B000F0B3800446F9
:1013800004A8F9F7F1FE02A823AAD4E901631E44D8
:1013900002933146F1F7ECFB002843D1239B013B3C
:1013A000022B00F23B813023314602A803AAF1F759
:1013B0009DFB044680BB03AA02A8DDE902731F441B
:1013C00006233946F1F792FB044628BB039A072A05
:1013D00040F02681029C9D49204610F089FF00289C
:1013E00040F01E810734394602A805AA0294F1F79D
:1013F000A1FCB8B905A8F2F787FD029B1A909F429D
:1014000040F01581302303AA314602A8F1F76EFBA4
:101410000446002800F0818004A8F9F7D5FE204694
:1014200043B0F0BDA0F57454002CF5D123A8F9F712
:101430009BFEF9F735FE0378064623B945E016F81A
:10144000013F002B41D023A8F9F7BEFE317823A835
:10145000FBF78CFF0446002858D11A9A399B9A4210
:10146000EDD11B9A3A9B9A42E9D124A905A8F2F73B
:1014700077FF0028E3D127A908A8F2F771FF002819
:10148000DDD12AA90BA8F2F76BFF0028D7D136A926
:1014900017A8F2F765FF0028D1D12DA90EA8F2F701
:1014A0005FFF0028CBD133A914A8F2F759FF0146FA
:1014B0000028C4D1019011A8F2F7D0FC044601998C
:1014C00030A8F2F7CBFC8442B9D123A8F9F77CFE0F
:1014D00033788DF80C30002B00F0AE8004A8F9F7BB
:1014E00073FE05E003A9FEF781F8002840F09D8017
:1014F0002B789DF80C1013B18B4240F08D8028465C
:10150000FBF734FF0446204643B0F0BD23A8F9F7AB
:101510005BFE33788DF80C307EE7DDE9024303AAE9
:1015200002A81C4404232146F1F7E0FA00287FF4C6
:1015300079AF08A8DDE90212F2F722FD00287FF456
:1015400071AF214602A8DDE90232134403AA0293D7
:101550000423F1F7CBFA00287FF464AF0BA8DDE990
:101560000212F2F70DFD00287FF45CAF214602A8BD
:10157000DDE90232134403AA02930323F1F7B6FA1A
:1015800018B9DDE9023213440293029B9C424ED10A
:1015900003AA0423314602A8F1F7A8FA00287FF431
:1015A00041AF04A80EA9DDE90223FAF799F910B3B7
:1015B00010F59D4F45D1029B1B78023B012B40D873
:1015C00005A8F2F7D7FC039B411C0246994238D18B
:1015D00002990EA80131F2F7D3FC002831D1029B09
:1015E00011A819780239F2F709FC50BB012114A89F
:1015F000F2F704FC28BB314602A8DDE902321344AD
:1016000017AA0293F1F796FB00287FF40BAF17A8F7
:10161000F2F77AFC1B9009E70D4C00E70C4CFBE657
:1016200004A80C4CF9F7D0FDF9E60B4CF7E604A83A
:101630000A4CF9F7C9FDF2E604A8094CF9F7C4FD14
:10164000EDE604A8024CF9F7BFFDE8E618490020D2
:1016500000C3FFFF80C6FFFF00C6FFFF9AC2FFFF67
:1016600080B1FFFFF0B50B468BB0114405460693E1
:1016700005AA302306A8F1F739FA20B1A0F5745471
:1016800020460BB0F0BDDDE9053604AA06A81E44CD
:101690003146F1F76DFA044658B9049B012B40F02E
:1016A0009580042305AA314606A8F1F71FFA0446DF
:1016B00020B1A4F5745420460BB0F0BD05F17C07B1
:1016C000DDE905213846F2F75BFC0446A0BBDDE905
:1016D00005231344B342069319D0A02305AA31462B
:1016E00006A8F1F703FA044660B310F1620F23D1A4
:1016F000069BB3420BD03146A12305AA06A8F1F7F9
:10170000F5F90446002842D010F1620F14D105F11A
:101710008801002205F128032846CDE900223A4637
:10172000FAF79AF9044638B939462846FAF70EFD11
:1017300004460028A4D026E02846A4F57454F9F7FE
:101740008BFD9DE7DDE90523002A03EB020451DD53
:101750001B78062B079301D0302B47D108AA2146CE
:1017600006A8F1F7C3F9002832D1069B089A09931D
:1017700013449C4206933BD1294607A8FFF7F8FD86
:1017800004460028B4D02846F9F766FD78E7069CA1
:1017900005AA059B06A81C442146F1F74BFA002830
:1017A0007FF46CAFDDE9053213449C421CD105F196
:1017B0008801A31A28460391FAF792F8039958B1C1
:1017C000069410F59D4FA4D00B4C59E70B4C57E7EE
:1017D000B0F57454D7D1CFE72846FAF79BFC0399AC
:1017E00006940028A0D0ECE7054C49E7054CCAE771
:1017F000034CC8E7044CC6E700C3FFFF80C2FFFFED
:101800009AC2FFFF9EC2FFFFA0C2FFFF30B50B468A
:101810008BB000210546069306A88DF80F10991885
:10182000302305AAF1F762F920B1A0F574542046DF
:101830000BB030BDDDE9053104AA06A819440191B9
:10184000F1F796F90199044660B9049B002B45D144
:101850000DF10F0206A807AB0191FFF75DFD01999D
:10186000044620B1A4F5745420460BB030BD05AA3F
:1018700006A80423F1F73AF90028D6D1059B8BB3CB
:101880009DF80F00FEF72CFC014648B32846FEF7F2
:1018900049FC04460028CAD19DF80F30012B14D012
:1018A000023B012B1CD8696807A8FFF761FD0446BD
:1018B00038B96868DDE90521FFF7D4FE0446002841
:1018C000B5D02846FEF71EFCB1E7DDE905216868C2
:1018D000FFF71AFC04460028A9D0F2E7024CA6E75D
:1018E000024CA4E7024CA2E780C2FFFF80C3FFFFC7
:1018F000A0C2FFFFF0B593B00F461144189C0B97A0
:10190000002C7DD005461E460AAA30230BA8F1F70D
:10191000EDF818B1A0F5745013B0F0BDDDE90A314F
:101920000BA80CAA19440FAB0791F1F727FA0799F6
:1019300018B1A0F5745013B0F0BD0AAA0BA8042387
:10194000F1F7D4F818B1A0F5745013B0F0BD0CA89D
:101950000DF126020DF127010B9FFDF799FF0028DD
:1019600031D00D9A0A2A43D0092A47D10E99254829
:1019700010F0BEFC0146002840D123460A9C3246A6
:101980000FA801940B9C02970094FFF7EBF9A0B10C
:1019900010F5385FC0D11C48BEE723460A9C0146BB
:1019A000324601940FA80B9C02970094FEF75EFF4D
:1019B0000028B1D13B78302BEDD10A9A3946284620
:1019C000FFF724FFA8E70A9A01469DF827300FA8E1
:1019D00003920B9A0194029204979DF82620009698
:1019E000FFF75EF80028E8D010F5F05F94D1D2E759
:1019F0000E99064810F07CFC0028CED004488BE7F6
:101A0000044889E72C49002080C4FFFF20490020BA
:101A100080C6FFFF00C4FFFF2DE9F04788B01446E1
:101A200081460D4605A89846FEF732F824B304F126
:101A3000FF3A15F80A3023B32146012010F054FC78
:101A40000646002800F0FA802246294610F078FC6D
:101A5000109A43463146009248462246FFF74AFF15
:101A600021460746304600F017FA304610F050FC89
:101A7000002F64D1002600E0714E304608B0BDE86A
:101A8000F087109B04AF6F4A05A86F490297CDE914
:101A900000832B46FEF702F80646002800F08980F6
:101AA00010F59C5F00F0C88010F5985F00F0B680DC
:101AB00010F5845FE1D115F80A30002BBCD1109BE2
:101AC00005A8624A62490297CDE900832B46FDF7DB
:101AD000E5FF0646002800F0848010F59C5F00F0CA
:101AE000AB8010F5985F00F0998010F5845FC4D149
:101AF00015F80A30002B9FD1009305A8554A564986
:101B0000CDE901372B46FDF7C9FF064600287CD0FA
:101B100010F5845FB1D115F80A30002B8CD10093F9
:101B200005A84E4A4E49CDE901372B46FDF7B6FFD1
:101B30000646002874D010F5845F9ED17CE74846A5
:101B4000FEF7E0FA17F56E5F76D022462946484642
:101B5000FFF75CFE00288DD04846FEF7D3FA01203F
:101B6000FEF7BEFA01464846FEF7DCFA40B92246C7
:101B70002946D9F80400FFF7C7FA00283FF47AAFE6
:101B80004846FEF7BFFA0220FEF7AAFA0146484689
:101B9000FEF7C8FA40B922462946D9F80400FFF7F3
:101BA00061FD00283FF466AF4846254EFEF7AAFACD
:101BB00063E70120FEF794FA01464846FEF7B2FAC1
:101BC000064638B9D9F80400DDE90512FFF79CFA9A
:101BD000064610B14846FEF795FA05A8FEF7E8F963
:101BE0004BE70220FEF77CFA01464846FEF79AFAD8
:101BF00006460028EED1D9F80400DDE90512FFF70A
:101C000031FD06460028E8D0E4E7DDE90512484644
:101C1000FFF7FCFD06460028DFD0DBE7114E2CE77E
:101C20001098434600904846DDE90512FFF762FE32
:101C300006460028D1D0CDE70B4E1EE70B4E1CE721
:101C400000C3FFFF38490020584900207849002090
:101C500098490020B8490020D4490020F0490020CC
:101C6000144A002000C4FFFF80C4FFFF80C0FFFFB4
:101C70002DE9F041002388B0164605468DF80F3057
:101C800004AA3023F0F732FF28B1A0F5745420469F
:101C900008B0BDE8F081049B0DF10F022F682846C3
:101CA0001F4405AB3946FFF737FB04460028EED149
:101CB00004AA39462846F0F7BDFFE8B92B68049A14
:101CC00013449F423DD19DF80F00FEF709FA0146EB
:101CD00000283FD03046FEF725FA04460028D6D12A
:101CE0009DF80F30012B20D0023B012B07D91A4C55
:101CF0003046FEF707FACAE7A0F56C54C7E705A817
:101D00007168FFF735FB08B10446F1E7D6F80480A7
:101D10002A6808F188014046BB1A0191F9F7E0FDF5
:101D2000019980B104462F60E2E77268394628467F
:101D3000FFF78EF90028E7D12B68BB42A7D0074CEC
:101D4000D6E7064CA3E74046FAF7E4F92F600028EF
:101D50009DD0D9E7004C9AE780C3FFFF9AC4FFFFEC
:101D60002DE9F0438BB0144680460F4607A8FDF7D7
:101D70008FFE24B104F1FF3917F809308BB107A8A1
:101D8000FEF716F90120FEF7ABF9002875D00146E1
:101D90004046FEF7C7F90546D0B128460BB0BDE86E
:101DA000F08306AE364A374907A80296CDE90033DC
:101DB0003B46FDF773FE0546002835D010F5845FDD
:101DC0001FD007A8FEF7F4F828460BB0BDE8F08353
:101DD0003C44D8F8042005A805972146FFF738F9B8
:101DE00005460028D9D04046FEF78CF9264B9D4287
:101DF000D3D14246214605A80597FFF739FF05468E
:101E0000CBE717F80930002BB9D1009307A81F4A78
:101E10001F49CDE901363B46FDF740FE0546F8B1C6
:101E200010F5845FCDD1AAE7079B01200593FEF74B
:101E300057F9014608B34046FEF774F905460028F5
:101E4000ABD1059905A8089BD8F804201944FFF7E1
:101E5000FFF805460028B4D04046FEF753F9B0E736
:101E6000DDE90731424605A819440593FFF700FF55
:101E7000054607A8FEF79CF88FE7064D8DE700BFE3
:101E80003C4A00205C4A00209EC4FFFF7C4A0020A0
:101E9000984A002080C3FFFF024B0A4600211B68BE
:101EA000184700BF787C00202DE9F04F93B00E4614
:101EB000044691461C9F4022002102A89A4610F039
:101EC000F7F9002338680193FCF70EFC9EB38046B7
:101ED000B0453846454628BF3546FCF711FC8346D9
:101EE00058BB524649463846FCF714FC834620BB93
:101EF000042238460DEB0201FCF70CFC8346E0B9E6
:101F000002A93846FCF710FC8346B0B95DB102ABBC
:101F1000611914F8012B13F801CBA1428CEA020CD1
:101F200004F801CCF5D19DF80730761B03F10103CD
:101F30008DF80730CCD14FF0000B02A84021FFF7FD
:101F4000ABFF584613B0BDE8F08F00BF2DE9F04756
:101F50001E4682B000231746DDF828800446CDE9EE
:101F6000003308BB8E420D4602D3761A0A2E04D8DF
:101F7000444C204602B0BDE8F0874346033E0122B0
:101F8000FF2103F8020B184688F80120324610F0B2
:101F90008FF9845530442A463946013010F0D0F983
:101FA000204602B0BDE8F087FCF70CFB0546002890
:101FB000DED020466A4601A9FDF72AFC0446002827
:101FC000D6D12846FCF790FB009B8246034403F1E0
:101FD00008027F2ACCD803F10A0200F10A018A42E2
:101FE000C6D3B242C4D8A6F10A09A9EB0309B9F1D4
:101FF0000A0FBDD94546A9F103090123FF2105F8C0
:10200000024B4A46284688F8013010F051F905F88D
:10201000094005EB090C3023009D06228CF80130A5
:102020008CF80330EBB28CF805202A468CF8063089
:1020300004338CF8043005F1080353448CF8023063
:102040000CF107030199184610F07AF9421903467A
:10205000052039465855131D0420547082F803A0FA
:1020600090705246184610F06BF9034608EB0602D2
:1020700053449A423FF47DAF31464046014CFFF74E
:102080000BFF76E780BFFFFF5AB10A4438B54C1EFC
:10209000551E10F021F904F8010FAC42F9D10020CF
:1020A00038BD0020704700BFF8B500F1080647684A
:1020B00004460D463046F1F75DFF874251D1636813
:1020C000B3F5007F4DD800213046F2F79BF9002888
:1020D00047DD00213046F1F7C1FE002841D0BDB3F5
:1020E00004F12C0500212846F2F78CF9002838DD90
:1020F00000212846F1F7B2FE98B304F1380500211B
:102100002846F2F77FF900282BDD00212846F1F759
:10211000A5FE30B3002104F11400F2F773F9002892
:102120001FDD002104F14400F2F76CF9002818DDEE
:10213000002104F15000F2F765F9002811DD0021BB
:1021400004F15C00F2F75EF900280ADD0020F8BD1A
:10215000294604F11400F2F755F9002801DD28465C
:10216000F8BD0148F8BD00BF80BFFFFF70B5154640
:1021700004460E46AC22002110F09AF8C4E9296505
:1021800070BD00BFF8B5054616461F460C4619B18E
:102190000830F1F74BFD30BB2EB1314605F12C0074
:1021A000F1F744FDF8B92FB1394605F13800F1F7E0
:1021B0003DFDC0B9069B2BB1069905F12000F1F752
:1021C00035FD80B9079B2BB1079905F11400F1F794
:1021D0002DFD40B954B105F10800F1F7CBFE0346DF
:1021E00000206B60F8BDA0F58140F8BD2046F8BD29
:1021F00070B504461D4661B100F108063046F1F79E
:10220000BFFE10B1A0F5814070BD3046F1F7B2FEBF
:1022100060603DB1049A294604F12C00F1F7B0FE4C
:102220000028EFD1059B3BB104F13800DDE9051230
:10223000F1F7A6FE0028E5D1079B3BB104F1200091
:10224000DDE90712F1F79CFE0028DBD1099B3BB1C9
:1022500004F11400DDE90912F1F792FE0028D1D152
:10226000002070BD2DE9F04F044600F1080B87B047
:1022700000F12C080021584604F13809F2F7C2F8A1
:1022800004F1200A002105904046F2F7BBF8002136
:1022900007464846F2F7B6F8002106465046F2F7E0
:1022A000B1F8002104F114030546421A18460493BC
:1022B00018BF01220392F2F7A5F80038DDE90432D5
:1022C00018BF012027B31EB3039900293DD0002871
:1022D0003BD00025002A44D035B11A464946534622
:1022E000404601F073FE58BB04F15C035246494678
:1022F0004046019304F15003009304F1440301F0BC
:10230000C9FEE8B90121204607B0BDE8F04FCBE691
:102310001AB317BB03990140002E14BF002101F02E
:102320000101354317D1B0B10029ECD01946584608
:1023300043465246CDF8009001F04AFD0028D3D024
:10234000A0F5814007B0BDE8F08F35B928B101256F
:10235000002AC1D105E00029E8D10A4807B0BDE84C
:10236000F08F4A46414658460393F2F7D1F9039B52
:102370000028E5D158460393F1F7FCFD039B60600C
:10238000AAE700BF80BFFFFF2DE9F84F00F1080862
:1023900005468A460021404691461C462DED028B9B
:1023A0000C9F0D9EF2F72EF880B93C4359EA0404C5
:1023B00057D1BAF1000F45D041465046F1F736FCEF
:1023C000002837D0BDEC028BBDE8F88F05F12C0B4F
:1023D00000215846F2F716F80028E6D005F1380338
:1023E0000021184608EE103AF2F70CF80028DCD06D
:1023F000002105F12000F2F705F80028D5D00021D2
:1024000005F11400F1F7FEFF0028CED0BAF1000F5D
:1024100029D1B9F1000F05D059464846F1F706FC1D
:102420000028CFD134B118EE101A2046F1F7FEFB88
:102430000028C7D137B105F120013846F1F7F6FB86
:102440000028BFD146B105F114013046BDEC028B26
:10245000BDE8F84FF1F7EABBBDEC028B3046BDE8B2
:10246000F88F0448AEE741465046F1F7DFFB0028FD
:10247000CFD0A7E780BFFFFF2DE9F04F2DED028BF6
:1024800087B01E4600F108090546129B0F464846D4
:10249000002101939346149B139C0293DDE915835D
:1024A0000393DDE917A30493F1F7ACFF88B944EA7D
:1024B0000804344361D1002F4BD05A463946484670
:1024C000F1F7C6FD002839D007B0BDEC028BBDE89E
:1024D000F08F05F12C03002118460593F1F792FFC8
:1024E0000028E4D005F138030021184608EE103A20
:1024F000F1F788FF0028DAD0002105F12000F1F77C
:1025000081FF0028D3D0002105F11400F1F77AFFF4
:102510000028CCD0059B002F31D136B1019A31462D
:102520001846F1F795FD0028CED13CB1029A21461C
:1025300018EE100AF1F78CFD0028C5D1B8F1000F94
:1025400007D0039A414605F12000F1F781FD0028EC
:10255000BAD1BAF1000F0AD0049A514605F114001D
:1025600007B0BDEC028BBDE8F04FF1F771BD5046EE
:1025700007B0BDEC028BBDE8F08F0648A4E75A46D1
:10258000394648460593F1F763FD059B0028C4D002
:102590009AE700BF80BFFFFFF8B50D460446002153
:1025A000083016461F46F1F72DFF88B3002104F1CD
:1025B0002C00F1F727FF58B3002104F13800F1F7A0
:1025C00021FF28B3002104F12000F1F71BFFF8B12F
:1025D000002104F11400F1F715FFC8B12DB104F189
:1025E00044012846F1F722FB78B92EB104F15001DD
:1025F0003046F1F71BFB40B92FB104F15C013846BE
:10260000F1F714FB08B90020F8BDA0F58140F8BD32
:102610000048F8BD80BFFFFFC0E92912704700BF26
:102620004068704770B500210446FFF73DFDD0B902
:1026300004F1080605463046F1F766FC7F2812D9FA
:10264000143429462046F1F709FC60B12046F1F721
:102650005BFC012807D931462046F1F781FE0028AE
:1026600001DA284670BD014DFBE700BF00BEFFFF49
:10267000F0B585B00446FFF7D5FF38BB01212046F1
:10268000FFF712FD10BB04F1140304F12C0504F153
:10269000380604F12007009329463B463246CDE92F
:1026A000010004F1080001F033FD78B904F15C0386
:1026B000284604F150053A460193314604F144039B
:1026C000009501F025FE08B905B0F0BD0048FBE714
:1026D00000BEFFFF38B505460C46FFF7A3FF90B9D3
:1026E0002046FFF7C5FF70B904F1080105F10800A5
:1026F000F1F736FE38B904F1140105F11400F1F7D1
:102700002FFE00B938BD014838BD00BF00BEFFFF35
:10271000F0B50C4687B0002105461646FFF7C4FC0D
:10272000002837D103A8F1F7F7F921466A6803A812
:10273000F1F726FC044638B1A4F5854403A8F1F767
:10274000F3F9204607B0F0BD05F1080403A82146BF
:10275000F1F706FE002806DB03A80F4CF1F7E4F9B9
:10276000204607B0F0BD05F1680203A923466F6853
:102770000846009205F11402F2F740FD04460028D5
:10278000DAD13A46314603A8F1F762FC0446002844
:10279000D4D0D1E7014CE3E77CBDFFFF80BFFFFF52
:1027A0002DE9F04F0D46A5B00121044616461F46FF
:1027B000FFF77AFC002840F0948106A8F1F7ACF905
:1027C00009A8F1F7A9F90CA8F1F7A6F90FA8F1F7F4
:1027D000A3F92DB118A8F1F79FF91BA8F1F79CF9FF
:1027E00012A8F1F799F915A8F1F796F91EA8F1F7D3
:1027F00093F921A8F1F790F93946626806A8F1F734
:10280000BFFB00B3A0F5864409A8F1F78DF90CA829
:10281000F1F78AF90FA8F1F787F9002D40F09681BA
:1028200006A8F1F781F912A8F1F77EF915A8F1F7DA
:102830007BF921A8F1F778F91EA8F1F775F9204680
:1028400025B0BDE8F08F04F1080706A83946F1F776
:1028500087FD002801DBBA4CD6E706A91EA8F1F7D0
:10286000E5F90028CED104F14403039304F15003A9
:102870000493002D00F0BF80D4F8A030002B00F0AE
:10288000958004F18C0B5A4659465846F1F740FFA3
:102890000346002840F0AB803A4659465846F2F7C6
:1028A00003FB0346002840F0A28004F198010A4689
:1028B00008460591F1F72CFF05990346002840F0E2
:1028C00096803A460846F2F7EFFA0346002840F0B1
:1028D0008E8006A95A460846F1F71AFF03460028DB
:1028E00040F0858006A93A460846F2F7DDFA03462D
:1028F00000287CD104F12C09012209A84946F1F7EE
:10290000CFFE0346002872D1012204F138010CA841
:10291000F1F7C6FE0346002869D133462A461C213A
:102920000FA8F2F71FFE0DF160080346002860D1E2
:102930000FAA09A94046F1F7EBFE0346002858D13B
:10294000039A41464046F1F721FE0346002850D144
:1029500033462A461C210FA8F2F704FE1BAE03469D
:10296000002800F0D88009A80393F1F7DDF80CA83F
:10297000F1F7DAF80FA8F1F7D7F84046F1F7D4F8F5
:102980003046F1F7D1F806A8F1F7CEF812A8F1F722
:10299000CBF815A8F1F7C8F8039B21A8A3F5864446
:1029A000F1F7C2F81EA8F1F7BFF848E704F1980A5A
:1029B0004FF00B0904F18C08616833462A465046F3
:1029C0000139F2F7CFFD03463A465146404673B906
:1029D000F2F77EFF034601214046C3463BB9F1F7BB
:1029E00011FD00287FD0B9F10109E5D1554B0DF15A
:1029F00060081BAEB7E704F12C0904F17403039AD5
:102A000006A912A800934B46F2F7F8FB00287FF4C2
:102A1000F9AE04F1800304F13806049A06A9009384
:102A200015A83346F2F7EAFB00287FF4EBAE15AAAF
:102A300012A906A8F1F7D2FD00287FF4E3AE04F155
:102A40005C0206A912A8F1F763FE00287FF4DAAE53
:102A50004A4612A906A8F2F727FA00287FF4D2AE58
:102A6000324606A912A8F1F753FE00287FF4CAAE39
:102A700012AA15A906A8F1F789FD00287FF4C2AEB5
:102A800085B106A904F198020846F1F741FE034614
:102A90000028ACD106A93A460846F2F705FA0346E3
:102AA0000028A4D104F168023B4606A921A800929F
:102AB00004F11402F2F7A2FB00287FF4A3AE1EA9D2
:102AC00021A8F1F74DFC002847D1626806A82E998D
:102AD000F1F7BEFA044600283FF496AEA0F586440E
:102AE00092E6194CABE651463A464046F3F726F8D3
:102AF000034600287FF47BAF04F1680304F114025D
:102B00004146404600933B46F2F778FB03460028D7
:102B10003FF4DFAE6BE70FAA0CA93046F1F7F8FDE2
:102B2000034600287FF41FAF049A31463046F1F780
:102B30002DFD034600287FF416AFCDE903865CE740
:102B4000FCBCFFFF80BBFFFF80BFFFFF18A8F0F7B2
:102B5000EBFF1BA8F0F7E8FF62E6014C54E600BF6C
:102B60008079FFFF2DE9F04F83B01546012B804699
:102B70000C460E9FDDE90C92019263D0019A002A67
:102B800018BF002C62D0B7FA87F14909002F5DD039
:102B900019F10C0FD8F8042058D809F10B00904215
:102BA00054D8A2EB09023970033A5BBB022307EB4E
:102BB000030A7B70002A4BD01A44BE184FF0640BF6
:102BC00003E0BBF1010B38D0B8BB012251462846C7
:102BD000A0479AF80030002BF3D070BB0AF1010A2D
:102BE000B245EBD1304600234A46019900F8013B3B
:102BF0000FF0A6FB3A463946404603B0BDE8F04F19
:102C0000FFF786BD0123BE1C7B7022B13046FF2139
:102C100016440FF04DFB304600234A46019900F858
:102C2000013B0FF08DFB3B462A46214640460C9760
:102C300003B0BDE8F04FFFF7B3BDA0F5894003B086
:102C4000BDE8F08FD0F8A420002A97D00148F6E71D
:102C50005646C7E780BFFFFF2DE9F04F012B8BB031
:102C600006460F46924604935AD0002F5CD096F841
:102C7000A800FBF7A7FC8046002855D0D6F804B082
:102C8000FBF732FD169B05469C1C03B204EB430484
:102C90005B005C45039347D8169B9C422CBF0024E5
:102CA0000124002C40D1DDF860905A462146484668
:102CB0000FF0FEFA09F8014B2A4649465046B8473C
:102CC00028B1A0F5894420460BB0BDE8F08F09EB90
:102CD00005034046DDE914120593FBF72FFD04467A
:102CE0000028F0D1169B0121ABEB03001A46039B91
:102CF00002382844C01A059B1954184408441799EF
:102D00000FF01EFB07A8FBF769FC2246414607A807
:102D1000FBF7ACFC044648B107A8FBF765FCD2E71B
:102D2000D0F8A430012BA0D01A4CCCE707AB0BF1A4
:102D3000FF3B05F101084A460093ABEB050B189BDE
:102D4000594698442B464046FFF7AEF80446002803
:102D5000E2D107AC5B464246294600944846FFF75D
:102D6000A3F804460028D7D107A8FBF73DFC049B35
:102D700033B9189A30461146FFF7CAFC0446A2E759
:102D8000189B5246394630460093FFF709FD04462A
:102D900099E700BF80BFFFFFF0B5D0F8A44087B02F
:102DA000DDE90C560E9F74B1012C09D10024029567
:102DB000CDE90367CDE90044FFF74EFF07B0F0BD52
:102DC000054807B0F0BDCDE90D670C9507B0BDE82B
:102DD000F040FFF7C7BE00BF00BFFFFF012BF0B5FB
:102DE000ADF5037D4AD04668A6F11004B4F5F87F2E
:102DF00000F2948002AD002B40F0878089992A462A
:102E0000FFF786FC044680BB687800212F78A6F186
:102E1000030E80F001000DF109040A46234614F860
:102E200001CF5B1BBCF1FF0F18BF41F001019E45B4
:102E300081F0010C52FA8CF2F0D80DF10A018B5C92
:102E40001144184301313843072A98BF40F001006C
:102E5000002856D14A1B8B9BB21A9A4253D8889BA2
:102E600004468A981A600FF06BFA4FF400712846F6
:102E7000FFF712F820460DF5037DF0BDD0F8A43021
:102E8000002B4BD14668A6F11003B3F5F87F45D867
:102E900002AD899B0095FFF783FC04460028E4D12E
:102EA00095F801C020462B78A6F1030E8CF0020C99
:102EB0000DF1090402464CEA030C214614F8013FC7
:102EC0005F42491B3B438E45C3F3C01383F00103AC
:102ED00040EA0300C0F1000343EA0003C3F3C01358
:102EE00083F001031A44E8D80DF10A03985C99189D
:102EF0004CEA00000131072A98BF40F00100002889
:102F0000A8D0074CB1E7074CAFE7899B0095FFF7C6
:102F100047FC044600283FF477AFA6E7024CA9E738
:102F200000BFFFFF00BCFFFF80BFFFFF012B2DE9AB
:102F3000F04F1C46ADF5197D82468946934666D012
:102F4000DAF80480A8F11002B2F5F87F63D89AF895
:102F5000A800FBF737FB064600285CD0FBF7C4FB54
:102F6000471C05467B00B8EB470F039353D3BCB90E
:102F70000DF160095046A5994A46FFF7C9FB044682
:102F8000DCB108AE4FF400714846FEF785FF4021E2
:102F90003046FEF781FF20460DF5197DBDE8F08F24
:102FA00049460DF160095A465046A59BCDF8009060
:102FB000FFF7F6FB0446002CE3D105A8FBF70EFB58
:102FC0002246314605A8FBF751FB0446D0B908F16B
:102FD000FF3B05AB4F442946ABEB050B00933A464C
:102FE0000DF161005B46FEF75FFF044650B905AB8B
:102FF000594638460DF1610200932B46FEF754FF07
:10300000044650B105A808AEFBF7EEFABAE7D0F8CF
:10301000A420012A94D02A4CBDE705A8FBF7E4FAC6
:10302000304608AEDDE9A2123346FBF787FB0446C3
:103030000028A7D10DF1610399F800002B44002D61
:103040003CD01D44314613F8017B11F8012BAB42F3
:1030500082EA070240EA0200F5D1039BB8EB030ABB
:1030600015D00AF1FF3A00236F1E05EB0A019C46BA
:1030700017F8012F1343B942C3F1000242EA0302D9
:10308000C2F3C01282F001029444F1D165442B785E
:1030900083F0010303430DD1691CA1EB0903A8EBE5
:1030A0000302A79B9A4207D8A49BA6981A600FF028
:1030B00047F967E7034C65E7034C63E71D46CCE738
:1030C00080BFFFFF00BFFFFF00BCFFFFF0B5D0F8DF
:1030D000A44087B0DDE90C56DDE90E7C7CB1012C03
:1030E0000AD10024CDE9047CCDE90256CDE90044A3
:1030F000FFF71CFF07B0F0BD054807B0F0BDCDE9F4
:103100000E7CCDE90C5607B0BDE8F040FFF766BE77
:1031100000BFFFFF2DE9F047012B84B0054689462B
:1031200092469DF830000F9FDDE90D1248D1D5F889
:10313000A430002B5BD100976B68FEF707FF0446B5
:10314000002839D16968012003910FF0CDF80646B7
:1031500000284ED0039901200FF0C6F880460028C1
:103160004AD0524649463B4628460096FFF718FB90
:103170000446D8B9424631462846FFF7C9FA044604
:10318000A0B96A6872B302F1FF3E08F1FF35781EFC
:103190002146C64415F8013F10F801CF754583EA72
:1031A0000C0341EA0301F5D1E1B1164C30460FF0B2
:1031B000AFF840460FF0ACF8204604B0BDE8F08709
:1031C00000971E466B68FEF7C1FE04460028F3D147
:1031D000002EB7D13A463946284604B0BDE8F0473C
:1031E000FFF796BA384631460FF0AAF8DEE7064CEC
:1031F000E2E76FF00F04DFE730466FF00F040FF0E7
:1032000087F8D9E700BDFFFF80BFFFFF2DE9F04F32
:10321000012B04460E4690462DED028B9BB09DF887
:103220009800DDF8A4B003935AD0002E5CD0D4F8F7
:1032300004A008BB94F8A800FBF7C4F907460028CF
:1032400052D0FBF751FA431C0546BAEB430F4FEA45
:10325000430949D35246002158460FF029F82A461F
:103260000AA94046B04770B1A0F5894318461BB083
:10327000BDEC028BBDE8F08FFBF7A4F9A0B3FBF720
:1032800033FA2790D6E704F108030490AAEB090962
:10329000184608EE103AF0F737FE01220AA9059009
:1032A0000BF80920D94491442A4648460FF048F8C3
:1032B00007A90846FBF792F9049B394607AF1A465F
:1032C0003846FBF7D3F9034680B107A80393FBF711
:1032D0008BF9039B18461BB0BDEC028BBDE8F08F49
:1032E000D4F8A430012BA0D0384BBFE73846FBF709
:1032F00007FA03460028E8D1A9440822384649467F
:10330000FBF708FA03460028DFD13846DDE927211C
:10331000FBF700FA03460028D7D12A460AA9384607
:10332000FBF7F8F903460028CFD149463846FBF7AA
:10333000FBF903460028C8D1059A0AF1FF3100972E
:10334000531E491B4A4613F0070F2B460CBF0120A2
:103350000020091A5844FEF7A7FD03460028B4D1FF
:1033600018EE100AF0F7D0FDFF23C0EBCA0240218F
:103370000AA8013213419BF8002013408BF800305B
:10338000BC2309F80530FEF787FD3846FBF72CF91A
:10339000039B5BB95A4659462046FFF7B9F90346E5
:1033A00018461BB0BDEC028BBDE8F08F5B46424671
:1033B00031462046CDF800B0FFF7F2F90346184633
:1033C0001BB0BDEC028BBDE8F08F00BF80BFFFFFDC
:1033D000F0B4D0F8A4409DF81050DDF81CC0DDE931
:1033E000056724B1012C09D00848F0BC7047CDE92D
:1033F000067CCDE90456F0BCFFF78CBECDE9067C17
:10340000CDE90456F0BCFFF701BF00BF00BFFFFFCE
:103410002DE9F04F012B83B0804699468A469346AA
:103420009DF83040476803D1D0F8A430002B51D12B
:10343000394601200EF058FF0546002856D039467F
:1034400001200EF051FF0646002845D020463B469D
:103450000096DDE90D12FEF779FD0446F8B9B9F1E1
:10346000000F2ED12A4640460F99FFF751F9044626
:10347000ACB9A7B107F1FF3E691E721EA446AE4467
:1034800011F8013F12F8010F714583EA00034CEA7D
:10349000030CF5D1174BBCF1000F18BF1C46394681
:1034A0002846FEF7F9FC28460EF032FF3046394632
:1034B000FEF7F2FC30460EF02BFF204603B0BDE8CD
:1034C000F08F5A46514640460F9B0095FFF768F92A
:1034D0000446CDE7084CF0E728463946FEF7DCFC09
:1034E00028466FF00F040EF013FFE6E76FF00F04AD
:1034F000E3E700BF80BCFFFF80BFFFFF2DE9F0477F
:10350000012BADF5187D05469DF880829DF88C92C3
:1035100000F086804668A6F11004B4F5F87F00F24A
:103520009680002B40F0868018AFA5993A46FFF7A9
:10353000EFF80446002C6ED1741E3B5DBC2B40F0AE
:10354000B880B8F1000F07D04046FBF73BF80028E1
:103550007DD0FBF7C9F8A1904846FBF733F88246C7
:10356000002874D0FBF7C0F80023814605F108005D
:10357000CDE90333F0F7C8FCC6F1010300F1FF38D1
:103580003A7808EBC3031A4161D118F0070F59D1FB
:1035900026460DF1610509F10203B34257D805A88B
:1035A000FBF71CF85146002205A8FBF75FF804461C
:1035B00070BBA6EB090105AB2846013900934B46C9
:1035C00005EB010A5246FEF76FFC044600BBC8EB50
:1035D000C608FF233A780AF1FF3143FA08F38D4217
:1035E00003EA02033B7066D22B4601E08B422BD0EC
:1035F0001A781D460133002AF8D0012A07D1A49B6E
:1036000001355A1CAAEB050623D09E4221D02B4C33
:1036100005A8FAF7E9FF20460DF5187DBDE8F0870B
:10362000D0F8A430012B12D14668A6F11003B3F5EF
:10363000F87F0CD818AFA59B28460097FFF7B0F885
:10364000044677E73D46A6E76A781D46D5E71C4C59
:10365000E1E705A8FBF754F804460028D8D103A9F0
:10366000082205A8FBF756F804460028D0D105A883
:10367000DDE9A121FBF74EF804460028C8D1324607
:10368000294605A8FBF746F804460028C0D108A93A
:1036900005A8FBF749F804460028B9D14A4608A90D
:1036A00050460EF025FE074B0028044618BF1C4666
:1036B000AEE7024CAFE72A789FE700BF00BFFFFFED
:1036C00080BFFFFF80BCFFFF70B5D0F8A84086B078
:1036D0009DF828507CB1E4B203940C9C0D9E02949A
:1036E0000B9C0596CDE900544FF0FF340494FFF78E
:1036F00005FF06B070BD2C46EEE700BF2DE9F04790
:10370000D0F8A44086B09DF83870DDF844A0DDE91B
:103710000F8904B3012C1AD19E46D0F8A8308446F4
:103720000E46154603BB3B464FF0FF342A46314652
:103730006046CDF814A0CDF8048000970494CDE93C
:1037400002937346FFF7DAFE06B0BDE8F08707483C
:1037500006B0BDE8F087CDE9109ACDE90E7806B045
:10376000BDE8F047FFF754BEDBB2DDE700BFFFFF67
:1037700010B504468C30F0F7D7F904F19800F0F753
:10378000D3F904F16800F0F7CFF904F12000F0F765
:10379000CBF904F13800F0F7C7F904F12C00F0F789
:1037A000C3F904F11400F0F7BFF904F10800F0F7D1
:1037B000BBF904F18000F0F7B7F904F17400F0F7F9
:1037C000B3F904F15C00F0F7AFF904F15000F0F741
:1037D000ABF904F14400BDE81040F0F7A5B900BF13
:1037E0002DE9F04F002918BF7F2B8FB0189D40F2B4
:1037F000ED80022D40F3EA801C46E30700F1E680ED
:1038000000F1140A804605A817460E46F0F784F921
:1038100008A8F0F781F90BA8F0F77EF92946504681
:10382000F0F7ECFA0246002840F0BC80C72C4FEAC3
:10383000540904F1010408F138054FEA540308F172
:103840002C040393A9F1630398BF00230293002281
:103850003346494620460097F2F712FC02460028FC
:1038600040F0A0803346494628460097F2F708FC0E
:10387000002840F096802A46214605A8F0F7AEFEC3
:10388000002840F08E8005A8F0F73EFB029B98428E
:10389000DDD9059B002B7FDB012221462046F0F776
:1038A000FFFE00287DD1012229462846F0F7F8FEC8
:1038B000002876D12A46214605A8F0F729FF0028DE
:1038C0006FD105AA514608A8F2F702F8002868D17E
:1038D000012108A8F0F796FD0028B8D12A46214614
:1038E00008A8F1F7F5FF00285BD1014608AB05AA4F
:1038F0000BA8F1F785F8002853D108F1200B0BAA8B
:1039000051465846F2F71AF900284AD15846F0F7BE
:10391000FBFA039B98429AD9012221462046F0F7F0
:1039200085FE024600283DD1012229462846F0F7AF
:103930007DFE0246B0BB08F108062A462146304605
:10394000F0F7E6FE024668BB3046F0F713FB08F1DD
:103950005C03C8F804005A46019308F15003294655
:103960002046009308F1440300F094FB0246C8B9D6
:103970004046FEF77DFE0246A0B9029005A8F0F78A
:10398000D3F808A8F0F7D0F80BA8F0F7CDF8029A12
:1039900010460FB0BDE8F08F29462046F0F790F9A9
:1039A0007AE70246A2F5834205A80292F0F7BCF836
:1039B00008A8F0F7B9F80BA8F0F7B6F84046FFF7FB
:1039C000D7FE029A10460FB0BDE8F08F004ADFE73D
:1039D00080BFFFFFD1E9002370B5C0E900230E4688
:1039E000054608310830F0F721F9044620B1284691
:1039F000FFF7BEFE204670BD06F1140105F114006C
:103A0000F0F714F904460028F1D106F1200105F180
:103A10002000F0F70BF904460028E8D106F12C014C
:103A200005F12C00F0F702F904460028DFD106F179
:103A3000380105F13800F0F7F9F804460028D6D12E
:103A400006F1440105F14400F0F7F0F804460028BF
:103A5000CDD106F1500105F15000F0F7E7F804462A
:103A60000028C4D106F15C0105F15C00F0F7DEF836
:103A700004460028BBD106F1740105F17400F0F78B
:103A8000D5F804460028B2D106F1800105F1800086
:103A9000F0F7CCF804460028A9D106F1680105F139
:103AA0006800F0F7C3F804460028A0D106F18C01A5
:103AB00005F18C00F0F7BAF80446002897D106F11A
:103AC000980105F19800F0F7B1F8044600288ED16E
:103AD000D6E92923C5E929238CE700BF2DE9F04762
:103AE000E4B0054605A8F0F717F8AC22002139A884
:103AF0000EF0DEFBA84A102105A8F0F795FE04465B
:103B000048B105A8F0F710F839A8FFF731FE2046B4
:103B100064B0BDE8F08705A93BA8F0F787F8002856
:103B200040F08C803BA8F0F725FA3A909B4A102190
:103B300005A8F0F779FE04460028E2D105A944A8BB
:103B4000F0F774F8002840F08280954A102105A80B
:103B5000F0F76AFE04460028D3D105A947A8F0F77C
:103B600065F800286FD18F4A102105A8F0F75CFE98
:103B700004460028C5D105A941A8F0F757F8002848
:103B80006AD1894A102105A8F0F74EFE04460028A4
:103B9000B7D105A93EA8F0F749F8002862D139A8A5
:103BA000FEF760FB04460028ABD1002D5ED139A89A
:103BB000FEF738FD002853D139A8FEF759FD00283B
:103BC0004ED10DAFDFF804E219AE4FF01808BC4635
:103BD00001970296CDF80080BEE80F00ACE80F0018
:103BE0009EE803002B462A468CE803006F4939A85B
:103BF000FFF7D2F8A0BB0DF14C0A0DF1100901231B
:103C000022466A4939A8CDF80C800196CDF808A063
:103C1000CDF80090FFF75AFA10BBD9F800205046B3
:103C200039460EF065FBD8B9384608AF41463A46EA
:103C300001F022FC002870D0012468E7B0F581442F
:103C40007FF45FAF72E7B0F581448CD059E7B0F5EF
:103C500081443FF47AAF54E7B0F5814491D050E706
:103C600001244EE7B0F5814499D04AE750480EF060
:103C700057FB39A8FEF7D6FC002849D139A8FEF732
:103C8000F7FC002844D14B480DAF0EF049FBDFF89C
:103C90003CC13D4619AE4FF0180801970296CDF889
:103CA0000080BCE80F000FC59CE8030023462246B5
:103CB00085E803003D4939A8FFF76EF840BB0DF1D8
:103CC0004C0904AD3C480EF02BFB0123224637493A
:103CD00039A8CDE90298CDE90056FFF7F7F9B8B950
:103CE0002A68484639460EF003FB88B9334808ADC8
:103CF0000EF022FB32480EF013FB414638462A46AE
:103D000001F0BAFB20B32F4801240EF015FBFEE6AC
:103D10002C4801240EF010FBF3E62A4601950425F9
:103D20000123224939A80095CDE90276FFF750FB1F
:103D3000002895D123462246214639A803960095AE
:103D4000CDE90147FFF7DAFC041E18BF0124D8E6CD
:103D5000042701232246154939A801940097CDE98B
:103D60000256FFF735FB0028D2D117480EF0D8FADB
:103D700023462246214639A803960097CDE90145FE
:103D8000FFF7BCFC04460028C2D10C480EF0D4FA60
:103D90000A200EF091FAB4E6B44A0020B84B002095
:103DA0003C4C0020C04C0020C44D00208920016004
:103DB000CC4D00203C4E00201C4E0020F83100204D
:103DC000E44D002048320020FC4D0020D41C00208F
:103DD0002DE9F0477C4C96B00546894690460DF19A
:103DE000200C1E461E9F0FCCACE80F000FCCACE899
:103DF0000F000FCCACE80F0094E803004CF8040B64
:103E0000ACF80010002E4ED0002F4CD0B368002B21
:103E100049D1B968002946D12846F0F7F3FA0028BD
:103E200041DD01214046F0F7EDFA00283BDD29464F
:103E30004046F0F795FA002835DA01214846F0F7B8
:103E4000E1FA00282FDD29464846F0F789FA0028D4
:103E500029DA05A8EFF760FE02A8EFF75DFE4A46F3
:103E6000414602A8F0F754FC044648B105A8EFF714
:103E70005BFE02A8EFF758FE204616B0BDE8F087BB
:103E800002A901220846F0F70BFC04460028EDD1F8
:103E900002A8F0F719F81FFA80FABAF1000F08D15A
:103EA0006FF00304E2E76FF00304204616B0BDE8AC
:103EB000F08781B202A8F0F747F904460028D5D16F
:103EC000AB681B6803F00709A9F10109B9FA89F980
:103ED0004FEA591909F1580305A86B4413F8381C27
:103EE000EFF78CFF2A4605A93046F1F7F1FC0446AE
:103EF0000028BBD101213046F0F784FA38B109F12E
:103F000001091FFA89F9B9F1360FE3D1C8E705A90C
:103F10002B4602AA00970846F1F770F904460028DC
:103F2000A4D14FF001081DE005A901220846F0F7D1
:103F3000B7FB05AA044611461046002C96D1F0F7AF
:103F4000E7FB05A904462A460846002C8ED108F155
:103F50000108F0F7A9FF04461FFA88F8002885D168
:103F6000C2452AD3012105A8F0F74CFA012220B35B
:103F700005A90846F0F75AFB04462A4605A930462B
:103F8000002C7FF473AFF1F7A3FC04460121304607
:103F9000002C7FF46BAFF0F735FA0128C4D1294625
:103FA0003046F0F7DDF90130BED1214633462A46CE
:103FB0003846F0F725FD044658E7012105A8F0F73B
:103FC00021FA00289BD06BE75C4E00202DE9F041E0
:103FD00086B0002B5BD0074688461846002116465F
:103FE0001D46F0F70FFA0446002850D1012138464B
:103FF000F0F708FA00284ADD01214046F0F702FAFE
:10400000002844DD21463046F0F7FCF900283ED078
:104010006846EFF781FD03A8EFF77EFD39460122E0
:104020006846F0F73DFB044648B16846EFF77CFD73
:1040300003A8EFF779FD204606B0BDE8F0814146C0
:10404000012203A8F0F72CFB04460028EDD103AAB7
:1040500069462846F1F73CFC04460028E5D103AA4E
:1040600069466846F0F754FB04460028DDD1014656
:104070002B466A466846F0F7C3FC04460028D4D1B4
:104080006A4631462846F1F759FD0446CDE76FF000
:104090000304D0E72DE9F04184B01D4606460F46E3
:1040A00001A89046EFF738FDADB10122314601A8D5
:1040B000F0F7F6FA044630B101A8EFF735FD2046D7
:1040C00004B0BDE8F081284601AA4146F0F7ECFEB5
:1040D00004460028F0D10A9B7BB10122394601A891
:1040E000F0F7DEFA04460028E6D101AA41460A9814
:1040F000F0F7DAFE04460028DED10B9B33B13246DE
:1041000039460B98F1F71AFD0446D5E71C46D3E76C
:104110002DE9F04F87B00C4680461546DDF84490F7
:1041200068461F46B9F1000B18BF4FF0010BEFF7BF
:10413000F3FC03A8EFF7F0FCB4F1000A18BF4FF04E
:10414000010AB9F1000F02D0BAF1000F4AD12E1EB8
:1041500018BF0126BBF1000F01D0002E4AD11AEA88
:10416000060A19D0B8F1000F61D02A4621466846E8
:10417000F0F7CEFA0646002847D06846EFF7D4FCA1
:1041800003A8EFF7D1FC16F5844F27D0A6F5844697
:10419000304607B0BDE8F08F109B002B18BF002FF2
:1041A00043D0B8F1000F40D001213846F0F72AF98A
:1041B00000280CDD01211098F0F724F9002806DD15
:1041C00041463846F0F7CCF80028C0F294804F4EB4
:1041D0006846EFF7A9FC03A8EFF7A6FC304607B046
:1041E000BDE8F08F129A49462046F1F711FF0028EA
:1041F000ADD0ECE74946129A2846F1F709FF0028AE
:10420000E5D11AEA060AADD1C6E701214046F0F72A
:10421000F9F80028DBDD41466846F0F7A1F80028F0
:10422000D5D1109B0BB1002FBED10026D0E7109B3B
:10423000002BFAD0002FF8D001212046F0F7E2F849
:104240000028C4DD01212846F0F7DCF80028BEDD97
:10425000109A39466846F0F75BFA064600288CD17A
:10426000012269466846F0F71BFA0646002884D109
:104270002146012203A8F0F713FA064600287FF42E
:104280007CAF03AA69466846F0F70EFE0646002892
:104290007FF473AF01466846F0F7B4F8002896D172
:1042A000109A39466846F0F733FA064600287FF43C
:1042B00064AF012269466846F0F7F2F90646002825
:1042C0007FF45BAF0122294603A8F0F7E9F906461F
:1042D00000287FF452AF03AA69466846F0F7E4FD70
:1042E000064600287FF449AF01466846F0F78AF891
:1042F00000289AD06BE741461098F0F731F8002873
:10430000BFF665AFBAF1000F8FD095E700BEFFFF93
:10431000F0B587B01F4604460D4668461646EFF7CF
:10432000FBFB03A8EFF7F8FB0FB31CB301222146F8
:104330006846F0F7B5F928B93946324603A8F0F7D0
:104340004DF940B110F5844F38D010F5814F11D0A0
:10435000A0F584440FE003A96A460846F0F7A4FDDF
:104360000028EFD1014603A8F0F74CF830BB0C9BB6
:1043700033B34DB9244C6846EFF7D6FB03A8EFF7EB
:10438000D3FB204607B0F0BD012229466846F0F76E
:1043900087F90028D6D132460C9903A8F0F71EF908
:1043A0000028CFD103A96A460846F0F77DFD002812
:1043B000C8D1014603A8F0F725F808B1134CDAE795
:1043C0000D9BF3B1002CD5D0002DD3D02A460D99EA
:1043D0006846F0F79DF90028B4D101226946684685
:1043E000F0F75EF90028ADD1224669466846F0F73D
:1043F0005BFD0028A6D101466846F0F703F80028C7
:10440000DCD10024B7E700BF80BFFFFF00BEFFFF85
:104410005C2200210DF04CBF10B15C21FDF73CBDCA
:10442000704700BF5C2208B50DF08AFF08BD00BFD1
:1044300010B403460D4C0E4900220E48C3E9024158
:1044400004F1294401F1544118611046A4F5961471
:1044500001F5A621A4F68B6401F26761C3E900228D
:10446000C3E905415DF8044B704700BF0123456770
:1044700089ABCDEFFEDCBA982DE9F04F95B04369DA
:1044800084680091D1F800804D688E6898FA88F8A9
:1044900013902DBA049436BA1293DFF888B3D0E99A
:1044A0000371806981EAB7020597109081EA0300E1
:1044B0002240DC4C3840109F4A4011913C19049F27
:1044C000584004EBF7644FEAB7092044D54C1C1957
:1044D000009B404488EA0608D3F80CE02244059B80
:1044E000D04C2A4489EAB3079EFA8EFE0C1902EBDF
:1044F000F06207401946344485EA0E0587EAB3079F
:10450000C84B274489EAB00403EBB10C009914406E
:1045100007EBF267F444D1F814A084EA09044FEAE7
:10452000B2029AFA8AFA09F1B5496444D1F810C086
:10453000D34409F51E399CFA8CFC04EBF7640BEBB1
:10454000B00B09F2991986EA0C06E14402968EEA4C
:104550000A0682EAB00E33460EEA070E8EEAB00E65
:10456000886900BACE4482EAB7098CEA00060EEBED
:10457000F46E09EA04094FEAB4043146009E89EA60
:104580000209D6F81CC0D94484EAB70B9CFA8CFC0B
:104590000BEA0E0B09EBFE698AEA0C06DFF884A22F
:1045A0008BEAB70B82440696009E924484EABE02D0
:1045B000D344DFF870A202EA0902E2440BEBF96B84
:1045C00062404FEAB9090AEBB70A376A3FBA524468
:1045D00088EA070680EA070802EBFB620196CDF83D
:1045E0002480009E706A009E00BA85EA00088CEA6A
:1045F000000A89EABE05DFF82CC2CDF80C8005EA76
:104600000B05BC44D6F82880A44485EABE05854C39
:1046100098FA88F8654489EABB0C0419F66A0CEA32
:10462000020C05EBF26504EBBE0436BA8CEA090C09
:104630004FEAB20287EA0807A444029C84EA080E03
:1046400080EA060477480CEBF56C0B9482EABB0415
:104650004044CDF81CE02C4083EA060E4844DFF8C5
:10466000C49184EABB04009BB144044482EAB500CF
:1046700009EBBB0900EA0C0004EBFC644FEABC0C3C
:1046800050404844D3F83090009B99FA89F900EBE8
:10469000F46088EA090881EA090BCDF83080D3F884
:1046A0003480019B98FA88F8CDF820B083EA080B93
:1046B000069B86EA0806594683EA080B8EEAF17ED5
:1046C000CDF804B00691734687EAF17E86EAF37668
:1046D000CDF828E08CEAB50E0D930E96514E0EEAF9
:1046E000040E4E448EEAB50E16448CEAB402B6446B
:1046F0004C4E024046440EEBF06E82EA0C024FEA4A
:10470000B00006EBB506039D02903244009E099866
:10471000B76B02EBFE62F66B3FBA36BA80EA070B64
:1047200007987D408AEA060A80EA06018BEAF37B55
:10473000089889EA0709019B88EA060880EAF5706B
:10474000CDF80CB083EAF17B8AEAF07ACDF800B0BC
:104750000B9B07900C9883EAF57BCDF820A0009B7B
:1047600080EAF17A0A9880EAF37303988BEAF07B87
:10477000089809938AEAF07A0E9880EAF370009B11
:104780000A9088EAF378079888EAFA7889EAF07953
:104790000298CDF8048089EAFB79DFF888804B46DF
:1047A00080EAB4090698B84409EA0E090F9387EA2B
:1047B000F0770398E04489EAB40987EAF0770A9829
:1047C000C84487EAF07C0298164F08EBF268CDF8EF
:1047D0002CC080EABE0CF71986EAF5760CEA020CCA
:1047E0004FEAB20207EBB407089C8CEA000C06986B
:1047F00086EAF476674482EABE0486EAF37C094BD3
:1048000004EA080407EBF86703EBF076029884EA01
:10481000BE04CDF830C0064482EAB80034443840C3
:1048200002E000BF9979825A03EBF57604EBF76456
:1048300050404FEAB70706EBBE0687EAB80C304493
:1048400003EBF1760CEA040C4FEAF17116440D9A71
:104850008CEAB80C00EBF460664403EBF2734FEAA9
:10486000F27203EBB80306EBF068069E82EAF57578
:1048700081EAF67C079E85EAFB7581EAF671009E67
:1048800082EAF672099E81EAFA718CEAF67C0A9E47
:1048900082EAF672019E8CEAF67C0B9E85EAF67E31
:1048A0000C9D079ECDF818E081EAF57ECDF834E046
:1048B00082EAFC7E87EAB402CDF838E002404FEA93
:1048C000B0007A4080EAB4051A44E04B85EA080556
:1048D00003EBF67102EBF8623944009F0D4403EBE1
:1048E000F77780EAB80107EBB407514005EBF265B2
:1048F0004FEAB202CC19039982EAB80703EBF171CF
:104900006F4004EBF5640144039839444FEAF077B3
:1049100087EAF670099E01EBF46187EAF6770F9E4D
:1049200080EAF6700B9E87EAF677069E80EAF670BC
:10493000009E87EAFE7E02900898CDF80CE082EA9D
:10494000B50E03EBF0778EEA040E4FEAB40407EBE2
:10495000B80784EAB50877444FEAF07E019888EA00
:1049600001088EEAF6768EEAFB7E86EAF0760C98EF
:1049700007EBF1678EEAF07E0D984FEAB70986EAF9
:10498000F07602988EEAF07E09980096764603EB60
:10499000F07E964484EAB102F04403EBFB7E7A4059
:1049A0000EEBB50E08EBF7680D9F02EB0E0503EB5F
:1049B000FA7289EAB10E144405EBF8658EEA080E26
:1049C00074444FEAFA7E8EEAF0720F980F9604EB69
:1049D000F5648EEAF07E82EAFC728EEAF77E009F32
:1049E0008EEAF67E0A9E82EAF772019F03EBF67A60
:1049F000CDF81CE089EAB80E0AEBB10A4FEAF6716D
:104A00000E9E8EEA050E4FEAB50581EAFB7B81EA30
:104A1000F771F244069F81EAF6718BEAF77B039FF8
:104A200081EAF27E0B9E85EAB801CDF820E003EB27
:104A3000F07E8BEAF77B6140019FCE440AEBF46A7B
:104A4000714403EBF77785EAB40E01EBFA6107EBEB
:104A5000B8078EEA0A0E4FEABA0A03EBF679BE44AB
:104A60008AEAB407A9440EEBF16E4F40B9444FEA0D
:104A7000F6770C9E87EAF075029887EAFC7785EA5C
:104A8000F075039809EBFE6987EAF077089885EAE4
:104A9000FB7587EAF078019803EBF677CDF8248070
:104AA0008AEAB10807EBB40788EA0E084FEAF67401
:104AB000009E4FEABE0E474484EAF078069888EAE2
:104AC000F6780F9E84EAF07407EBF96784EAF674CF
:104AD000079E88EAF6780D9ECDF8048084EAF57882
:104AE00003EBFC74CDF818808EEAB108544403EB54
:104AF000F07A88EA09080AEBB10AA04403EBF671E0
:104B00008EEAB90408EBF76871447C404FEAF67E00
:104B10004FEAB707029E54448EEAFC7C87EAB90A42
:104B20008EEAF67E079E8AEA080A8CEAF27C8EEA12
:104B3000F67E019E514404EBF8648CEAF67A069EF8
:104B400001EBF4618EEAF67C0E9E87EAB80ECDF892
:104B50002CC003EBF67C8EEA040E4FEAB4040CEB97
:104B6000B90CF4444FEAF67E009E8EEAF07908987C
:104B70008EEAF67E89EAFB798EEAF07E09980CEBE4
:104B8000F16C89EAF07902988EEAFA7ECDF82890E5
:104B900003EBF079CDF830E084EAB80EB94403981D
:104BA0008EEA010E0EEB090784EAB10E03EBF679EB
:104BB0000F9E07EBFC678EEA0C0E09EBB8094FEA73
:104BC000BC0C03EBF078CE448CEAB109A04403EBB3
:104BD000F67389EA07090EEBF76E03EBB103C844DD
:104BE0004FEAF6714FEAF0790298009E08EBFE68F2
:104BF000019C89EAF07081EAF67689EAF27986EA20
:104C0000F476099C81EAFB7189EAF479069C80EAD2
:104C1000F57081EAF4710A9C80EAF47000900B98B8
:104C200086EAF0760C9889EAF07900980D96CDF82E
:104C3000389081EAF0798CEAB70048EABE01CDF8F5
:104C40003C9080EA0E0008EABE0901E0A1EBD96EB3
:104C500001EAB7011844E34B41EA090103EBF2769C
:104C60001C4600EBF860664440EAB80C06EBF066C0
:104C70000CEABE0C0E4400EAB8014CEA010103EB59
:104C8000FB7C079B0CEBB70C01EB0C074FEAF37CAA
:104C900004EBF3710B9B8CEAF2728CEAF57C82EAEE
:104CA000FA728CEAF37C0D9B01EBBE0182EAF37E83
:104CB0000F9A07EBF667089B8CEAF27CCDF808E0C8
:104CC00006EAB00ECDF81CC046EAB00C01EBF76165
:104CD0000CEAB80C47EAB6024CEA0E0C02EAB00243
:104CE0008C4407EAB601114304EBF372019C4CEAD1
:104CF000B70E02EBB8020CEAB7090A444FEAF371A7
:104D00000A9B0EEAB60E81EAFB7B81EAF4714EEA59
:104D1000090E8BEAF37B0C9B02EBFC6281EAF371D8
:104D20000E9B8BEAF37B029B81EAF378AD4B03EB9E
:104D3000F571234601EBB00142EABC0001EBF261E0
:104D400000EAB7008E4402EABC010143A5480446CC
:104D500000EBF37000EBB600099E014404EBF67023
:104D60004FEAF676009C00EBB7000E9F86EAF575D9
:104D700086EAFA7685EAF47586EAF77685EAFB79BB
:104D80004EEAB20701EBFE614C4607EABC0786EA31
:104D9000F8790EEAB20600EBF160CDF8209041EA16
:104DA000BE05374305EAB20507EB000901EABE007C
:104DB0008C4F2843069D07EBF5760D9F06EBBC064E
:104DC00006444FEAF57080EAF3750A9B06EBF96634
:104DD00085EAF7750F9F80EAF37080EAF770079F06
:104DE000039485EAF77C7F4F46EAB905CDF804C005
:104DF00080EAF47C07EBFA703C46CDF818C009EA6B
:104E0000B10C00EBB20249EAB10002EBF66200EA33
:104E1000BE0005EAB10540EA0C00104406EAB902FA
:104E20002A4307EBF3750B9F05EBBE0500EAB60EB0
:104E30002A4404EBF77505EBB1014FEAF775009FC3
:104E400002EBF06285EAFA7A85EAF775029F01EBD8
:104E5000F2618AEAF77A079F85EAF775019F8AEA85
:104E6000F77A069F85EAF77C0C9F40EAB605CDF8F5
:104E700028C042EAB00C05EAB9050CEAB60C45EACE
:104E80000E050D4402EAB0014CEA010C04EBF77187
:104E90000D9C01EBB9014FEAF779614489EAF37798
:104EA000089B01EBF56187EAFB7741EAB50E87EADB
:104EB000F37C009F4B4B0EEAB20ECDF824C045EABE
:104EC000B20C03EBF77723460CEAB00C07EBB606FF
:104ED00005EAB20706EBF1664CEA070C89EAF479B9
:104EE00001EAB507B4443F4E4EEA070789EAF8796C
:104EF000344606EBF37689EAFA7906EBB0063744D6
:104F00000E9E04EBF6704FEAF67600EBB2020098C4
:104F100007EBFC6786EAF074029802EBF76286EA18
:104F2000F076039884EAF074089886EAF076099897
:104F300086EAF97E4CEAB106CDF830E00CEAB10E13
:104F400006EAB50684EAF07446EA0E0647EABC00B3
:104F5000164400EAB10007EABC02009610430F9E17
:104F6000204A02EBF67202EBB502009D02444FEAC2
:104F7000F670019E02EBF56280EAF375029B80EA0F
:104F8000FB7085EAF675069E80EAF6700A9E85EA51
:104F9000F67E144ECDF82CE006EBF37580EAF47E35
:104FA00005EBB105CDF834E0009905EBF26541EA77
:104FB000B70042EAB10E00EABC0001EAB7010EEA0E
:104FC000B70E08430099284402EAB10106EBFB75CD
:104FD000079E4EEA010105EBBC054FEAF87C294427
:104FE00002E000BFDCBC1B8F01EBF065BA4901EBAE
:104FF000F67E01EBF8710EEBB70E4FEAF677009EE6
:105000008CEAFB7801EBB601039E87EAF37387EA2B
:10501000F677019E83EAFA738CEAF67C099E0EEB22
:10502000F56E88EAF6780A9E8CEAF97C87EAF677CC
:105030000B9E83EAF6730C9E88EAF6780D9E8CEA46
:10504000F37C87EAF67B009E40EAB207CDF838B0E1
:1050500000EAB20B07EAB60745EAB00647EA0B07D3
:1050600006EAB206774405EAB00E46EA0E06009755
:105070000E444FEAB501994D06EBF7660A9F05EB22
:10508000F97905EBF77E049F05EBFA7BCDF81CE080
:1050900005EBF37E7B19009FCDF828E00F9381EAA2
:1050A000B0037B40039F05EBF77E009F0EEBB20E33
:1050B00081EAB702019F734405EBF77E724003EB70
:1050C000F663009F4FEAB6060EEBB00EB34472448F
:1050D00086EAB70E089F86EAB3068EEA030E02EB55
:1050E000F36205EBF770564008444FEAF771039FEF
:1050F000704481EAF77E079F00EBF26081EAFA7163
:1051000009EBB009029005EBF4708EEAF47ECDF85D
:105110000C9004904FEAB2020C988EEAF87E05EBF0
:10512000F87807EB020A81EAF071CDF8208005EBF0
:10513000F07881EAFC7105EBFC7CCDF81CC005EB36
:10514000F17C069F099805EBF771009CCDF830C003
:1051500005EBF07C01EBB401029C0CEBB30C82EA92
:10516000B30331444FEAF776019F634001EBF461EA
:1051700086EAF77782EAB4025B4486EAF0760B9817
:1051800003EBF1634A4005EBF0794FEAB101624469
:1051900087EAF0770E9802EBF36287EAF07705EB87
:1051A000F07C81EAB400049C05EBF77B039F584038
:1051B0000C4481EAB301504409EBB309514000EBC0
:1051C000F2604FEAB20239440D9F82EAB303904481
:1051D00001EBF061434082EAB00205EBF77A234429
:1051E0004A400AEBB00A0A9C03EBF1634A444FEAD7
:1051F000B10186EAF7760F9F81EAB0000C4402EB1A
:10520000F362584086EAFE7681EAB301404407EB38
:10521000F6765140089F00EBF2604FEAB20251442B
:1052200005EBFE7507EBB30E944482EAB303079FC8
:1052300001EBF061434082EAB00207EBB00823447F
:105240004A400C9C03EBF16372444FEAB10102EB5C
:10525000F36281EAB0000D4481EAB30158400BEBE0
:10526000B30751406044414400EBF2604FEAB202A0
:1052700001EBF06182EAB303144482EAB0024340D6
:1052800006EBB0064A402B44129D174403EBF16332
:105290004FEAB10107EBF36781EAB00005EBB30217
:1052A000139D584081EAB3036A61044410987B401F
:1052B000119A014404EBF7641E4402EBB702A961A2
:1052C0000020059906EBF4662A610B19C5E9026313
:1052D00015B0BDE8F08F00BFDCBC1B8FD6C162CA21
:1052E000C2B32DE9F843036806460D46144603F0A1
:1052F0003F079B18C7F14008036002D3436801339E
:105300004360C7B1444516D306F11C0929464246FD
:1053100009EB07000DF014F849463046FFF7ACF8EA
:1053200038B93C4445440746403C3F2C08D89CB91A
:105330000020BDE8F8833F2C02D80DE03F2CF6D9C1
:1053400029463046403C4035FFF796F80028F5D016
:10535000BDE8F8830020704706F11C00224629466C
:1053600038440CF0EDFFE3E770B504460068802296
:105370000D4600F03F0004F11C06231801303828C8
:105380001A7743D8C0F13802002130440CF090FF66
:1053900023683146666820465A0FDB0042EAC6029F
:1053A0001BBA12BAA3656265FFF766F800282CD114
:1053B000E37A2B7063896B70A3681B0AAB70A368D8
:1053C000EB70E37B2B71E3896B71E3681B0AAB71B4
:1053D000E368EB71E37C2B72638A6B7223691B0AAF
:1053E000AB722369EB72E37D2B73E38A6B736369A2
:1053F0001B0AAB736369EB73E37E2B74638B6B7473
:10540000A3691B0AAB74A369EB7470BDC0F14002C1
:10541000002130440CF04CFF31462046FFF72CF8B9
:105420000028F2D10146382230460CF041FFAFE7A8
:105430000A4A00230A49826002F12942A2F5961223
:1054400010B4A2F68B62074CC0E90033064BC0E9EA
:105450000341C0E905235DF8044B7047012345670C
:10546000FEDCBA9889ABCDEFF0E1D2C3FFF738BFCD
:10547000FFF77ABFFFF700B870B598B004460D4645
:10548000164600215C2201A80CF012FF124B2A469E
:105490002146039303F1883301A8049303F12943C0
:1054A000A3F59613A3F68B630593A3F188330693B4
:1054B0000A4B0793FFF714FF38B1044601A85C219B
:1054C000FCF7EAFC204618B070BD314601A8FFF792
:1054D0004BFF0446F2E700BF01234567F0E1D2C36A
:1054E000FFF7CABF2DE9F04FADF2744D3B4F0024DA
:1054F000DFF804B1DFF804A10646DFF804915C226E
:10550000002105A80CF0D4FE002E3CD1344B022C17
:10551000344ACDF82490CDE90A234FF00003CDE9B9
:1055200007BACDE905333BD02F4AC4EBC40305A825
:1055300004EBC30302F10C0152F824201944FFF7D5
:10554000CFFE804600283ED105A86946FFF70CFF34
:105550008046002837D16846142239460CF0C8FE30
:105560008046002835D19EB901341437032CCBD1A5
:1055700096B9B04605A85C21FCF78EFC40460DF2BA
:10558000744DBDE8F08F611C18480CF0C9FEBDE7F2
:1055900017480CF0D1FEE7E70A200CF08DFEE9E792
:1055A0004FF47A7561211CA82A460CF081FE01E0B7
:1055B000013DC9D04FF47A721CA905A8FFF790FEEF
:1055C0000028F5D08046002ED4D00A480CF0B4FE56
:1055D000D0E74FF00108002ECCD0F6E738CF0260BC
:1055E000F0E1D2C37654321074CF0260944E0020A2
:1055F000F8310020483200200123456789ABCDEF08
:10560000FEDCBA986C2200210CF052BE10B16C2165
:10561000FCF742BC704700BF6C2208B50CF090FE4E
:1056200008BD00BF30B40029174D184A034618BF03
:105630002A468166164C82601648174918BF0446F0
:10564000164A174818BF0A46DC60164C16491A61FC
:1056500018BF2146154A18BF0246154C15489A61D5
:10566000154A18BF2246154C5961DA61144918BF12
:105670000146144A4FF0000018BF2246196230BCA0
:10568000C3E900005A627047D89E05C167E6096AFF
:1056900085AE67BB07D57C3617DD703072F36E3C84
:1056A000310BC0FF39590EF73AF54FA57F520E5115
:1056B00011155868A78FF9648C68059BA44FFABE32
:1056C000ABD9831F19CDE05B2DE9F04F0646D7B06B
:1056D0000C4632690EADF16873690D9080680FC594
:1056E000326AB069F169736A25AE0FC515AAA8467A
:1056F0006378043414F8045C1B0414F8010C14F8E7
:10570000021C43EA0563034343EA012342F8043FD2
:105710009642EDD1B74A12AEB7490DF1580E059237
:105720000192B64AB64F159CCDF82080A446CDE92B
:105730000621B44AB44996E8400ACDE90327B34AA2
:10574000B046B34F02923E46B24ADDE90EA3DDE910
:1057500010058BEA09044FEAF8270EF1200E04EA3F
:10576000080487EAB81784EA0B0487EA78672744B5
:105770005EF8204C27445EF81C4C67445C444FEABA
:105780007A3C394488EA09078CEABA0C0D448CEA61
:10579000BA5C2F4087EA09073C444FEAF52787EABD
:1057A000B51787EA75673C4422444AEA0304871820
:1057B00004400AEA030004434FEAF720A44485EAC0
:1057C000080480EAB7108C443C405EF8181C80EA5C
:1057D000776084EA0804494421440CEA0A0401443D
:1057E00088194CEA0A011E1819404FEA7C332143FC
:1057F00083EABC0383EABC530B4485EA07011344E4
:1058000031405EF8142C69404CEA030442440CEA2F
:10581000030904EA0A0401EB02084FEA73324FEA73
:10582000F62144EA090482EAB30281EAB61182EA67
:10583000B35281EA766122448844029902445EF8B8
:10584000100C884443EA02094FEA72340AEB08015B
:10585000054487EA060A03EA020009EA0C0984EA19
:10586000B2040AEA010A49EA00094FEAF1208AEA89
:10587000070A84EAB25480EAB11055444C4480EAE5
:10588000716044440544039842EA040802EA0409AA
:1058900005444FEA743008EA030880EAB400AC44D7
:1058A00048EA090880EAB450404486EA0108054401
:1058B0005EF80C0C08EA0C0807444FEAFC2088EA62
:1058C000060880EABC10474404EA050880EA7C60C8
:1058D0000744049807444FEA753003EB070B44EA8A
:1058E000050380EAB500134080EAB55043EA080397
:1058F00018445EF8083C384481EA0C071E444FEA1D
:10590000FB2307EA0B0783EABB134F4083EA7B6361
:105910003E4405EA00071E44069B1E444FEA7033CE
:1059200002EB060945EA000283EAB003224083EA5B
:10593000B0533A438CEA0B07134407EA0907334490
:105940005EF8046C87EA0C078A194FEAF9214FEADE
:10595000733A81EAB9113A448AEAB30A81EA796171
:105960008AEAB35A0A4407990A4440EA030104EB5D
:105970000208294000EA03042143019C8A4492441E
:10598000254AA2420FD0D4E90A67D4E90812029747
:1059900020342769039767690497A7690697E76921
:1059A00001940797D5E646AA4446DDF820801946BB
:1059B0000C922346194A1A4F0A92A2F1D252CDF8FC
:1059C0000CC0BE46A2F50D22DFF864C0A2F6FE624E
:1059D000CDF82CC00992134A0892A2F1E452A2F524
:1059E0003522A2F63B0207920F4A06920F4A019215
:1059F00030E000BF2CD00260D55E1CABA4823F9289
:105A0000F111F1595BC25639982F8A42A5DBB5E9ED
:105A1000CFFBC0B5914437714CD00260DA88F9767B
:105A2000C1699BE4AA84744ACCA10C24C69DC10F11
:105A30008647BEEF059AD2E910E40B94946C01946A
:105A4000D46C0694146D0794546D0894946DD26DC3
:105A500009940A92D8F838408BEA0906059A08F1A9
:105A600020084FEAF44C58F81C7C20321E408CEA87
:105A7000744C059286EA0B06D8F804208CEA942C24
:105A800058F8204C22444FEAB744624484EAF714A1
:105A90004FEAF32C84EAD7048CEAB31C1419D8F823
:105AA00008208CEA736C3A44D8F81C70B444C8F8E7
:105AB000204004944FEAF747A444D8F81C40039EC2
:105AC00087EA7447B44458F8186C87EA9427F4447A
:105AD00017444FEAB642654482EAF61282EAD602D9
:105AE000174483EA09022A40BB44C8F8247082EABA
:105AF000090402970B9F04EB0B024FEAF52484EA9A
:105B0000B51484EA756414444AEA01022744024049
:105B10004FEA7A343844BB46049F84EABA044FEA19
:105B2000F74E84EABA548EEA774E8EEA972E0AEA46
:105B300001073A4358F8147C1444D8F80C20164452
:105B40004FEAB742644482EAF712764482EAD70207
:105B5000019F164409EB060C83EA0509C8F8286082
:105B600009EA000989EA030202EB0C094FEAF02274
:105B70004AEA040C82EAB0120CEA010C82EA706272
:105B80004A440AEA040917444FEA74324CEA090C01
:105B900082EAB402BE463944029F82EAB4520191BD
:105BA00062444FEAF74C58F8141C8CEA774C5A447C
:105BB0008CEA972CD8F8107044EA020B4FEA72393D
:105BC0000F4458F8101C89EAB2090BEA0A0B674423
:105BD0004FEAB14C89EAB2598CEAF11C8CEAD10C3B
:105BE0000199674485EA000C0CEA010C3B44C8F8B3
:105BF0002C708CEA050C63444FEAF12C8CEAB11C42
:105C00008CEA716C9C44069B9C4404EA02034BEAB8
:105C1000030BD8F81830E244D9444FEAF64BF1446C
:105C20008BEA764B58F80CEC8BEA962B03EB0E01C3
:105C3000D8F8143058F8106C1E444FEABE4383EA7B
:105C4000FE135E4442EA090B83EADE030BEA040B0F
:105C5000F318019E80EA060E0293C8F830301D4406
:105C60000EEA0A0E4FEA79338EEA000E83EAB90390
:105C7000754402EA090E83EAB9534BEA0E0B5B4402
:105C800063444FEAFA2C8CEABA1C09EA030E8CEA48
:105C90007A6CAC44079DAC4458F8085C64442646D2
:105CA000D8F81C402C4406944FEAF74484EA774421
:105CB00084EA97244FEAB5470C44019987EAF5171F
:105CC00087EAD5074FEA73353C4449EA030785EA7A
:105CD000B3051740204485EAB355C8F8344047EA75
:105CE0000E073D4481EA0A0731463740019E039181
:105CF0006544774058F804CC43EA050E07444FEA60
:105D0000F1200EEA090E80EAB11080EA716008996C
:105D1000074404980F440299604402EB070B029A6F
:105D200004904FEAF242069882EA714282EA912692
:105D300001994FEABC4206444FEA753082EAFC12F0
:105D400080EAB50082EADC0280EAB5503244039E64
:105D50001144C8F8382003EA05024EEA020E8AEA26
:105D600006024FEAFB2602EA0B02704486EABB16E3
:105D700082EA0A02384486EA7B66D8F800700A4450
:105D800045EA000C099916444FEAF4420CEA030C68
:105D900082EA74420E444FEA703182EA9422049CF3
:105DA000B14481EAB001224405EA000481EAB0511D
:105DB0004CEA040C4FEAB74484EAF714614484EADD
:105DC000D70431442244039C00EA0106C8F83C2071
:105DD000924484EA0B0202EA090262400A9C92445D
:105DE0004FEAF92282EAB91282EA796252444FEA12
:105DF000713A224440EA01048AEAB10A2C40134471
:105E00008AEAB15A3443A2440C9C444592447FF43C
:105E100011AE039A1C46109015920D9A1294544696
:105E2000131D02F1240011950EAACDF850B0CDF843
:105E30004C900F9101E052F8044F53F8041F214495
:105E400083421960F7D1002057B0BDE8F08F00BF42
:105E5000C2B32DE9F843036806460D46144603F025
:105E60003F079B18C7F14008036002D34368013322
:105E70004360C7B1444516D306F128092946424676
:105E800009EB07000CF05CFA49463046FFF71CFCB2
:105E900038B93C4445440746403C3F2C08D89CB99F
:105EA0000020BDE8F8833F2C02D80DE03F2CF6D946
:105EB00029463046403C4035FFF706FC0028F5D027
:105EC000BDE8F8830020704706F1280022462946E5
:105ED00038440CF035FAE3E770B5044600688022D8
:105EE0000D4600F03F0004F1280623180130382841
:105EF00083F8282062D8C0F13802002130440CF029
:105F0000D7F923683146666820465A0FDB0042EA1B
:105F1000C6021BBA12BA63662266FFF7D5FB0028D9
:105F20004BD1E37A2B7063896B70A3681B0AAB704B
:105F3000A368EB70E37B2B71E3896B71E3681B0A49
:105F4000AB71E368EB71E37C2B72638A6B7223693C
:105F50001B0AAB722369EB72E37D2B73E38A6B73CD
:105F600063691B0AAB736369EB73E37E2B74638B0A
:105F70006B74A3691B0AAB74A369EB74E37F2B7585
:105F8000E38B6B75E3691B0AAB75E369EB7594F8FA
:105F900023302B76638C6B76236A1B0AAB76236ADD
:105FA000EB76A36E4BB994F827302B77E38C6B77A5
:105FB000636A1B0AAB77636AEB7770BDC0F140027E
:105FC000002130440CF074F931462046FFF77CFB89
:105FD0000028F2D10146382230460CF069F990E7EA
:105FE0000029184B184A8166184910B4184C18BF7C
:105FF0002346184C836018BF2246174B18BF0B4628
:10600000164C1749C2600361164A18BF2246164B48
:1060100018BF0B46154C16498361164B18BF234613
:10602000154C4261C361154A18BF0A46144B4FF024
:10603000000118BF234602625DF8044B4362C0E9C9
:106040000011704767E6096A85AE67BB17DD7030DF
:10605000D89E05C107D57C3672F36E3C39590EF7D0
:10606000310BC0FF3AF54FA57F520E5111155868FC
:10607000A78FF9648C68059BA44FFABEABD9831F28
:1060800019CDE05BFFF7E4BEFFF726BFFFF71CBBAF
:10609000F0B59DB01C4606460F4615460021682205
:1060A00001A80CF005F9002C1B943A46224C31460D
:1060B000224B01A818BF2346214C0393214B18BF44
:1060C000234604F17944049304F574041E4B04F54B
:1060D000016418BF23461D4C05931D4B18BF234672
:1060E0001C4C06931C4B18BF234604F1D144079364
:1060F00004F5C014194B04F51E6418BF2346184C50
:106100000893184B18BF2346174C0993174B18BF19
:1061100023460A93FFF79CFE38B1044601A86C2180
:10612000FBF7BAFE20461DB0F0BD294601A8FFF7D7
:10613000D3FE0446F2E700BFD89E05C167E6096AB0
:1061400007D57C3685AE67BB72F36E3C39590EF7C6
:106150003AF54FA5310BC0FF7F520E518C68059B5D
:10616000A78FF964ABD9831FA44FFABE19CDE05BAA
:10617000FFF78EBF2DE9F04F0121A5B080464FF407
:1061800080600CF0B1F8002800F0C28000210746C2
:106190006C2209A8DFF8D8910D46DFF8D8B10CF0D1
:1061A00087F8614B022DA3FB0523CCBF00260126F7
:1061B00023F0010404EB53042C1BB8F1000F77D13A
:1061C000022D5A4B5A4AC8BF5B4623960B93594B34
:1061D000D8BF1346584A0D93584BD8BF1346584A58
:1061E0000E93584BD8BF134602F1D1420F9302F5DC
:1061F000C012554B02F51E62D8BF1346534A109386
:10620000534BD8BF1346A2F111621193A2F50C2291
:10621000504BA2F28E22C8BF134602F15A4202F539
:106220001C0212934FF0000302F2EE72CDE9093323
:10623000494BD8BF1346022C0C9345D0474BC4EBB7
:10624000C40109A804EBC10103EB840403F5E67360
:10625000D4F8C0211944FFF7FBFD8246002846D13F
:1062600009A801A9FFF738FE824600283FD1C6F1F0
:10627000080201A8494692000CF03AF8824600282C
:1062800040D1B8F1000F1BD1013509F12009062DCD
:1062900087D1B8F1000F31D1C24609A86C21FBF7B4
:1062A000FBFD38460CF034F8504625B0BDE8F08FC1
:1062B000C6F10801621C2A4849010CF031F87FE759
:1062C00028480CF039F8DFE74FF47A74612138463A
:1062D00022460BF0EDFF01E0013CC1D04FF47A7291
:1062E000394609A8FFF7B4FD0028F5D08246B8F179
:1062F000000FD2D01C480CF01FF8CEE70A200BF09C
:10630000DBFFCAE74FF0010AB8F1000FC5D0F1E793
:10631000B8F1000F02D14FF0010AC5E713484FF062
:10632000010A0CF009F8BFE7ABAAAAAAD89E05C1DA
:1063300017DD703072F36E3C39590EF73AF54FA500
:10634000310BC0FF7F520E518C68059BA78FF964FB
:10635000ABD9831FA44FFABE85AE67BB2CD00260B9
:10636000C44E0020F831002048320020A84E002002
:106370002CD1026067E6096AD82200210BF098BF91
:1063800010B1D821FBF788BD704700BFD82208B5EF
:106390000BF0D6FF08BD00BF034649B39FED1E0BAF
:1063A0009FED1F1B9FED202B9FED213B9FED224B6F
:1063B0009FED235B9FED246B9FED257B83ED127B8F
:1063C0009FED257B0020C3F8D01083ED040B83EDF7
:1063D000061B83ED082B83ED0A3B83ED0C4B83ED0D
:1063E0000E5B83ED106B83ED007B83ED027B7047CA
:1063F0009FED1B0B9FED1C1B9FED1D2B9FED1E3B6F
:106400009FED1F4B9FED205B9FED216B9FED227B4E
:10641000D4E700BFAFF30080D89E05C15D9DBBCB24
:1064200007D57C362A299A6217DD70305A015991B6
:1064300039590EF7D8EC2F15310BC0FF672633679B
:1064400011155868874AB48EA78FF9640D2E0CDB9E
:10645000A44FFABE1D48B547000000000000000030
:1064600008C9BCF367E6096A3BA7CA8485AE67BB67
:106470002BF894FE72F36E3CF1361D5F3AF54FA592
:10648000D182E6AD7F520E511F6C3E2B8C68059B6E
:106490006BBD41FBABD9831F79217E1319CDE05B26
:1064A0002DE9F04FADF54D7D1B902AAC0DF1B00AF2
:1064B0004AA80E79083111F8073C11F8012C11F89F
:1064C000085C1B0442EA066211F803CC43EA056348
:1064D00011F8067C11F8026C42EA0C4211F8055CD6
:1064E00043EA072342EA06222B4344F8082FA0423E
:1064F0006360DED1ACAF2CAA9046D2E91C01D2E990
:106500000246C30CD8F84CB0C50008324FEAD14E51
:106510004FEAC10C45EA51754EEA403E43EA413329
:106520004CEA507C80096B40156C8EEA0C0C40EAFA
:1065300081604FEA540E4340D8F800004FEA142916
:106540002D18D8F804008CEA911C4BEB000BE109E4
:106550005B194EEAC67E4FEA560849EA06694CEBDB
:106560000B0C350A8EEA090048EAC47845EA04654E
:1065700041EA466188EA0504414084EAD6105B1886
:106580004CEB00009742C2E91E30B5D11B9BDFF8EF
:10659000FC801A699969186A9D6A1C921D915A6B50
:1065A000D96B1E901F95586CDD6A5C6ADF695E6965
:1065B000A346209521921D6B9A6B22912390196C12
:1065C000986CDB6C2794289529922A912B9025961C
:1065D000269724931E4B04910E93249B229901939A
:1065E0001C4B06921893A3F13D53219AA3F58913EE
:1065F00003910292A3F24323089023981993164B18
:1066000007901648164C0C951F9DDDF880E0099503
:10661000144DDDF87890DDE91C210592124ACDE990
:106620001623124BCDE91403114BCDE91243114B44
:10663000114CCDE91053114BA446114D0D93114B44
:106640000F93114B0B93CDF8688088460A973FE073
:10665000A8D2026018816DDAA4823F9219D005B6E3
:1066600038B548F3BCDB89819B4F19AFF111F15963
:106670005BC25639A5DBB5E9982F8A422F3B4DEC1A
:1066800022AE28D7CFFBC0B591443771CD65EF233B
:106690009A6C1A92DA6C0B921A6D0D925A6D0F92D7
:1066A0009A6D1092DA6D11921A6E12925A6E1392BE
:1066B0009A6E1492DA6E15921A6F16925A6F17929A
:1066C0009A6FD3E9105C18924033DA6B0E931992EB
:1066D0000C9F0AF1400A029CBA0B0498BB0C42EAD8
:1066E000844243EA8433A10B5A40069B41EA874126
:1066F00043403B404340A00C40EA87304140F8050E
:1067000040EA5420039C4240D218079B84EA0300CD
:10671000029B079C00EA03004FEAC35343EA572356
:1067200080EA04004FEA167481EA03015AF8403CFB
:1067300041EB00010898D2185AF83C3C41EB0303A6
:106740001218019840EB03035219099D4CEB030307
:10675000A8184EEB030508900995059D290F45EAF9
:10676000080EA80741EA06110EEA090E40EA960053
:1067700044EA05144140B00740EA950044406806E9
:1067800005EA080540EAD6104EEA050E059D41408F
:106790000A9811EB0E0E4FEA466146EA000041EA04
:1067A000D51100EA0B0081EA04010A9C06EA040400
:1067B00040EA040041EB000006991EEB020E87EA56
:1067C0000104089F43EB000309983C404FEA973CC3
:1067D000019384EA01024CEA804CDDE9021408923C
:1067E000BA0C81EA040542EA803205408CEA020CC8
:1067F0005AF8382C6540049CA21804464FEA9030A1
:106800004FEA9441234640EA874041EA873180EAD3
:1068100001004FEAC75141EA5421079C8CEA010C60
:106820005AF8341C44EB0101089C089712194FEAEE
:10683000C35444EA572441EB050112EB0C0280EAF1
:1068400004051A98019B41EB050512180B984FEAB5
:106850001E714FEA1374059F40EB050519EB02000A
:1068600041EA031107EA0E0907904FEA8E704BEBDD
:10687000050C44EA0E1440EA9300CDF810C047EA34
:106880000E0C414098070CEA080C40EA9E004CEAC6
:10689000090C44404FEA4E6040EAD310414046EABA
:1068A00003000A9B11EB0C0C019900EA03004FEA6C
:1068B000416141EADE1181EA0401019C06EA040417
:1068C00040EA0400089C41EB00001CEB020C0C9A0F
:1068D00045EB0007049982EA0409069D0A97079F81
:1068E000099809EA0709BC0B89EA0209BA0C44EACB
:1068F000814442EA8132029954405AF8302C81EAAC
:10690000000BAA18049D0BEA050B4FEA95308BEAA1
:10691000010B4FEA954140EA874041EA873180EA1E
:1069200001004FEAC75141EA5521039D84EA010461
:106930005AF82C1C45EB010112EB0902049D0EEAEA
:106940000C0941EB0B0112194FEAC55444EA5724D4
:106950000A9F80EA04000D9C41EB000012190F9C75
:106960004FEA1C7144EB000018EB020441EA0711E6
:10697000254643EB00044FEA17783B4606944FEA5E
:106980008C7448EA0C1844EA97046140BC0744EA56
:106990009C0488EA04084FEA4C6444EAD714059F33
:1069A00061404EEA0C043C405F0647EADC1744EACB
:1069B000090488EA0708019F0C19019947EA0307AF
:1069C00001EA03012B4607EA060747EA010748EBFD
:1069D0000707A4184FEA953840EB0702DDE90717CF
:1069E0000392AA0C794029407940069F0C9842EA0C
:1069F0008732049D48EA874888EA02085AF8282C1A
:106A000010EB020B099A384682EA05091D4609EA8D
:106A100007094FEA97370C9589EA02094FEA904235
:106A200047EA8347034642EA853287EA02074FEA8C
:106A3000C55242EA5022029888EA02085AF8242CE9
:106A400040EB020211EB0B010CEA040B49EB0202D2
:106A500011EB08014FEAC35848EA552887EA0807AE
:106A600042EB0707109A11EB0208059A119941EBC6
:106A7000070712EB08014FEA1472084646EB0701BC
:106A8000039E0591A10742EA061241EA96014FEAE8
:106A900016794A40B10749EA041941EA940189EAA2
:106AA0000109610641EAD611760682EA01034CEA41
:106AB000040146EAD416019A029301EA0E010A9BE8
:106AC00089EA0609039E41EA0B011E431640029A19
:106AD0005118039A03EA020246EA020649EB060647
:106AE00011EB080305994FEA903847EB0602079E21
:106AF00048EA8148029386EA05070B92820C069DBC
:106B0000074042EA81327740064688EA0208089840
:106B10005AF8202C10EB020B04984FEA913280EACD
:106B2000050942EA864209EA010989EA0009304674
:106B30004FEA9146054646EA803682EA06024FEA67
:106B4000C056099846EA512688EA06085AF81C6C8D
:106B500040EB060617EB0B0749EB060617EB080799
:106B60004FEAC15848EA552882EA080246EB020279
:106B7000129EBF19139E46EB02021EEB070ECDF8C4
:106B800020E0019B0B9843EB020302994FEA107837
:106B90000D9501934FEA406E029B4EEAD11E1E0FE7
:106BA000029B9B0746EA001643EA90035E40029B65
:106BB00048EA0318830743EA910388EA03084B066F
:106BC00043EAD01388EA0E085E4044EA01030399C1
:106BD00003EA0C0341EA000E0A990EEA010E02993B
:106BE00004EA0109039943EA0903F31801EA0006DC
:106BF00001994EEA060E48EB0E0EDB19079F184668
:106C00000C9B42EB0E0E83EA0506089D2E404FEAD0
:106C100095385E40AB0C48EA814843EA813388EA04
:106C200003085AF8183CFB18DDE9052787EA020932
:106C30004FEA914209EA010942EA853289EA0709E5
:106C40004FEA913747EA854787EA02074FEAC5527C
:106C5000049D42EA512288EA02085AF8142C45EBB6
:106C60000202F618089D4FEAC15349EB020216EBE7
:106C7000080643EA552303994FEA1E7587EA030B7A
:106C8000149F4FEA107342EB0B0BF619159F43EA62
:106C90000E130A9A45EA001547EB0B0B1CEB060C8A
:106CA0000746CDF810C042EB0B0C82070997CDF8D0
:106CB0001CC042EA9E0253404FEA8E7242EA9002A2
:106CC0005540420642EADE125340029A42EA000967
:106CD0004FEA4E6242EAD0120B9809EA0409554085
:106CE00040EA0E020A4002990F4049EA070913EBF5
:106CF000090900EA0E0342EA030245EB02020D9D78
:106D0000049819EB0609089E4FEA90374BEB020BEB
:106D1000830C0C9A47EA8C476E4043EA8C3306405A
:106D200001985F405AF8103C6E406546D318059AAA
:106D3000294682EA000C04980CEA050C4FEA9535C6
:106D40008CEA020C4FEA914245EA804542EA8032E1
:106D500085EA02054FEAC052069842EA512287EAC4
:106D600002075AF80C2C40EB0202F61804984FEA7E
:106D7000C1534CEB0202F61943EA502309990298D9
:106D800085EA0307169B0B9D42EB0707F618179B36
:106D90004FEA197243EB0707A31942EA0B12069355
:106DA000039B43EB07044FEA897343EA9B03039475
:106DB0004FEA1B745A404FEA8B7344EA091443EAC2
:106DC00099035C404FEA496343EADB135A4041EAC6
:106DD000090303404FEA4B6040EAD91044404EEAB1
:106DE0000B00284001EA09052B43D3180EEA0B02D9
:106DF00040EA02000D9A44EB000013EB0608089CE1
:106E0000049E47EB0001069F84EA0600079EBD0B27
:106E10000A913840BB0C6040039C43EA843345EA46
:106E20008445019C5D405AF8083C6640D318039A9B
:106E300006EA020686EA04064FEA92344FEA9242D4
:106E400044EA874442EA873284EA02044FEAC7529E
:106E5000039F42EA5722059F85EA02055AF8042C4F
:106E600047EB0202C01846EB0202039E069F401940
:106E70004FEAC6530B9D43EA57230F4684EA0306A5
:106E8000029B4FEA117442EB0606189A44EA081472
:106E90008018199A42EB06061A184FEA88730C926A
:106EA00045EB060243EA9103099D02924FEA1872EC
:106EB00042EA01125A408B0743EA98035C404FEACA
:106EC000486343EAD11349065A4049EA080341EAB4
:106ED000D8112B4009EA08054C404BEA07012B4327
:106EE00001EA0E01D3180BEA070241EA02012B4A1C
:106EF00044EB01011B18059346EB01060E9B9A42D9
:106F00007FF4C6AB059A40461C9B1B9C9B181D99A1
:106F1000259A0A9F46EB020223610918269B1E98B8
:106F200047EB0303099D10EB0900C4E90521279AEB
:106F30001F994BEB020249190C9DC4E90730209BB5
:106F400028984EEB03034019069DC4E909212199B5
:106F5000029A42EB01022999C4E90B30491922989F
:106F6000039B049D43EB00032A98C4E90D214019BB
:106F70002399079A089D42EB01022B99C4E90F302F
:106F800049192498019B43EB00030020C4E9112117
:106F9000E3640DF54D7DBDE8F08F00BFE8D40260DD
:106FA000002A43D02DE9F84314460D460022064638
:106FB000D0E9003103F07F071B1951F10001C7F13F
:106FC000800828BF0122C0E9003132B18368013353
:106FD0008360C36843F10003C360C7B1444516D35F
:106FE00006F150092946424609EB07000BF0A8F9C3
:106FF00049463046FFF754FA38B9803C45443C4492
:1070000007467F2C08D89CB90020BDE8F8837F2C68
:1070100002D80DE07F2CF6D929463046803C8035D9
:10702000FFF73EFA0028F5D0BDE8F883002070474E
:1070300006F150002246294638440BF081F9E3E777
:10704000F8B50446006880220D4600F07F0004F188
:10705000500623180130702883F8502000F2FC807D
:10706000C0F17002002130440BF022F93146E26891
:10707000A768D200D4E9000342EA57725E0FDB0032
:1070800084F8C32046EAC70643EA5073C00036BA04
:1070900084F8CB3000BAC4F8C460C4F8CC00100E39
:1070A00084F8C000100C120A84F8C100204684F84D
:1070B000C2201A0E84F8C8201A0C1B0A84F8C920B2
:1070C00084F8CA30FFF7ECF9002840F0C480E37D73
:1070D0002B70E38A6B7063691B0AAB706369EB709A
:1070E000E37C2B71638A6B7123691B0AAB71236983
:1070F000EB71E37F2B72E38B6B72E3691B0AAB725C
:10710000E369EB72E37E2B73638B6B73A3691B0ADA
:10711000AB73A369EB7394F827302B74E38C6B7417
:10712000636A1B0AAB74636AEB7494F823302B75A3
:10713000638C6B75236A1B0AAB75236AEB7594F835
:107140002F302B76E38D6B76E36A1B0AAB76E36A0E
:10715000EB7694F82B302B77638D6B77A36A1B0A41
:10716000AB77A36AEB7794F8373085F82030E38E5D
:1071700085F82130636B1B0A85F82230636B85F834
:10718000233094F8333085F82430638E85F8253029
:10719000236B1B0A85F82630236B85F8273094F87B
:1071A0003F3085F82830E38F85F82930E36B1B0AE0
:1071B00085F82A30E36B85F82B3094F83B3085F85E
:1071C0002C30638F85F82D30A36B1B0A85F82E3089
:1071D000A36B85F82F30D4F8D030002B3BD194F836
:1071E000473085F83030B4F8463085F83130636C7C
:1071F0001B0A85F83230636C85F8333094F84330DD
:1072000085F83430B4F8423085F83530236C1B0AE9
:1072100085F83630236C85F8373094F84F3085F890
:107220003830B4F84E3085F83930E36C1B0A85F8F5
:107230003A30E36C85F83B3094F84B3085F83C30BD
:10724000B4F84A3085F83D30A36C1B0A85F83E300F
:10725000A36C85F83F30F8BDC0F1800200213044B6
:107260000BF026F831462046FFF71AF90028F2D134
:107270000146702230460BF01BF8F7E649B39FED4C
:107280001E1B9FED1F2B9FED203B9FED214B9FED84
:10729000225B9FED236B9FED247B33A3D3E9002377
:1072A000C0E9122300220023C0F8D01080ED041B97
:1072B00080ED062B80ED083B80ED0A4B80ED0C5BEA
:1072C00080ED0E6B80ED107BC0E90023C0E9022346
:1072D00070479FED171B9FED182B9FED193B9FEDFE
:1072E0001A4B9FED1B5B9FED1C6B9FED1D7B20A33D
:1072F000D3E90023D4E700BFD89E05C15D9DBBCB79
:1073000007D57C362A299A6217DD70305A015991C7
:1073100039590EF7D8EC2F15310BC0FF67263367AC
:1073200011155868874AB48EA78FF9640D2E0CDBAF
:1073300008C9BCF367E6096A3BA7CA8485AE67BB88
:107340002BF894FE72F36E3CF1361D5F3AF54FA5B3
:10735000D182E6AD7F520E511F6C3E2B8C68059B8F
:107360006BBD41FBABD9831FA44FFABE1D48B54787
:1073700079217E1319CDE05BFFF712BEFFF760BEE7
:10738000FFF78EB8F0B5B7B01C4605460E46174657
:107390000021D82268460AF08BFF84B39FED242B8E
:1073A0009FED253B9FED264B9FED275B9FED286BC7
:1073B0009FED297B36A1D1E9000137A3D3E9002352
:1073C000CDE91001CDE912232946324668463494AE
:1073D0008DED042B8DED063B8DED084B8DED0A5B9D
:1073E0008DED0C6B8DED0E7BFFF7DAFD0446C8B119
:1073F0006846D821FAF750FD204637B0F0BD9FED22
:10740000182B9FED193B9FED1A4B9FED1B5B9FEDDA
:107410001C6B9FED1D7B22A1D1E9000122A3D3E9C2
:107420000023CDE739466846FFF70AFE0446DFE74A
:10743000D89E05C15D9DBBCB07D57C362A299A62B3
:1074400017DD70305A01599139590EF7D8EC2F15C4
:10745000310BC0FF6726336711155868874AB48E11
:1074600008C9BCF367E6096A3BA7CA8485AE67BB57
:107470002BF894FE72F36E3CF1361D5F3AF54FA582
:10748000D182E6AD7F520E511F6C3E2B8C68059B5E
:10749000A78FF9640D2E0CDBA44FFABE1D48B5472B
:1074A0006BBD41FBABD9831F79217E1319CDE05B06
:1074B000FFF768BF2DE9F04F0121C9B081464FF4B5
:1074C00080600AF011FF002800F08E80DFF8448110
:1074D00000210746D82208F5C67312A80D46DFF82A
:1074E00038A101930AF0E4FEAAFB0523022D23F044
:1074F0000104CCBF0026012604EB53042C1BB9F178
:10750000000F41D1314612A8FEF746FF83460028FE
:1075100059D1022C44D0C4EBC401394B12A804EB5E
:10752000011103EB8404019BD4F800241944FFF7F4
:1075300037FD8346002846D112A802A9FFF780FD37
:10754000834600283FD1C6F1040202A84146120139
:107550000AF0CEFE8346002840D1B9F1000F1BD1BE
:10756000013508F14008062DBED1B9F1000F31D127
:10757000CB4612A8D821FAF78FFC38460AF0C8FE8D
:10758000584649B0BDE8F08FC6F10401621C1D48A1
:10759000C9010AF0C5FEB5E71B480AF0CDFEDFE7DA
:1075A0004FF47A746121384622460AF081FE01E0E8
:1075B000013CC1D04FF47A72394612A8FFF7F0FCB3
:1075C00083460028F4D0B9F1000FD2D00F480AF05A
:1075D000B3FECEE70A200AF06FFECAE74FF0010BB8
:1075E000B9F1000FC5D0F1E7B9F1000F02D14FF0AA
:1075F000010BC5E706484FF0010B0AF09DFEBFE7FF
:10760000A8D20260C44E0020F83100204832002089
:10761000A84E002028D50260ABAAAAAA70B4134EC7
:10762000336803BB12484CF6A944124D4CF6A841EE
:1076300000F5027C104A4CF2090302E052F8203FA8
:1076400033B19942FAD1137A2A2B01D040F8041BA6
:107650002CB1604503D2214655F8044FEAE70022D9
:10766000012302603360024870BC7047441301205C
:10767000341101200CD8026048DB026038B50546A1
:1076800070B1084C084803E054F8203F33B16068FB
:1076900029460AF005FE23460028F5D1184638BDD4
:1076A0000346FBE748DB0260D84E0020074B4CF254
:1076B0000902014602E01A6A20331AB19142FAD156
:1076C0001846704713461846704700BF48DB0260F3
:1076D000807A431E092B0AD8DFE803F0050505066A
:1076E000090905090707012070470220704700209B
:1076F000704700BF807A032806D9A0F10400B0FAD1
:1077000080F0400980007047003818BF01207047A2
:10771000807A042804D8022894BF002001207047F2
:10772000083802288CBF002001207047807A053875
:1077300003288CBF00200120704700BF064A4CF28E
:10774000090302E052F8203F1BB19842FAD1506879
:1077500070470248704700BF48DB0260004F0020BE
:1077600038B5054660B1074C074803E054F8200FD0
:1077700030B1606829460AF093FD0028F6D12068F0
:1077800038BD00BF48DB0260D84E00202DE9F0472D
:107790000446406984B00038E56B18BF012005F24B
:1077A000544501EB40091D44B9F5205F51D846000E
:1077B000206890462B4690F8CC200F4690F8C910D0
:1077C000C2F3400290F8C80005F0E8FF23682E22BB
:1077D000A91CD3E906A0D04720BBA36B3022D86DEB
:1077E000E36BC3F81024002837D0BC300121F8F730
:1077F000E1FC80B3E36B29462568D3F81024A06B25
:10780000EB69C06D0393AB69C9F52055CDF80080D5
:10781000BC300293D4F8C03001954B44F8F7A6FD74
:1078200000B916B904B0BDE8F087D8F80030D4F834
:10783000C0201B0AD355D4F8C030D8F800203B44F0
:107840005A70D8F800300233C8F8003004B0BDE8F0
:10785000F0870348E6E70348E4E70348E2E700BFB0
:107860000096FFFF0093FFFF0089FFFF4368102B86
:107870002DE9F04F9FB000F02D85C36B0446002B1F
:1078800000F0288505F0E2F8054648BB236893F828
:10789000CC309E0704D5E36B93F8EC31012B19D063
:1078A00063680C2B20D0112B00F21485DFE813F055
:1078B000D5048000A004C504E504DA046903BF040C
:1078C00025049703950491031205CF04CB049B0470
:1078D00012052300204606F063F80028E0D0054694
:1078E00028461FB0BDE8F08FE36BD3F88836002B35
:1078F00058D011236360204607F006F90646002899
:1079000040F0EB84A36F162B41F0F282226F1378C4
:10791000042B41F0F5822368D4F8A01093F8CC3002
:1079200003F00203002B0BBF0A23122304200C20B8
:107930009942C1F0E58202EB000952F80080B9F8E3
:1079400004707FBABFB23B44994241F0D982E36BE5
:10795000C3F888660C236360002FC1D0A36BD3E902
:107960001901FAF799FAA36B586E0AF0D1FCD4F812
:1079700038A039460120CAE919660AF0B5FC054667
:10798000002801F0878309F106013A460AF0D8FC85
:1079900098FA88F3CAF864503546CAF80860CAE90C
:1079A0001A739DE720461FB0BDE8F04F07F0F6BB05
:1079B00023689A69002A01F03F83A2682AB993F8E4
:1079C000CA20226193F8CB20626193F8C800002896
:1079D00000F0808493F8CC20D4F8C07093F8C910DC
:1079E000C2F340023B1D05F0D9FE2368E66B93F815
:1079F000CC2006F21441950740F1B584D6F8DC217D
:107A0000002A00F0B0840D6848688A68CB68C7F81F
:107A10000650C7F80A00C7F80E20C7F812304869A8
:107A2000CB690D698A69C7F82230C7F81650C7F8C4
:107A30001A00C7F81E20A16B8868A0F11003102B54
:107A4000A36800F23D85002B40F08A86E36BD3F8F3
:107A50007836002B00F037854B6E002B41F01781F4
:107A600007F1270987F8260049460023A26B1A442C
:107A70000133127B834201F8012BF7D3002808BFA2
:107A800001208144236893F8CC20900716D5E36B3E
:107A9000D3F8DC21002A00F0FC8693F8E03109F8E5
:107AA000013B4846E36B93F8E021D3F8DC110AF080
:107AB00047FCE26B236892F8E0219144626909F186
:107AC000020653F822502868002801F094814FF0F4
:107AD0000008FFF7EBFD226892F8C910C0B10369F6
:107AE000994215DB92F8CBC0314683699C450FDC87
:107AF00092F8CC309A0702D5037F5B0708D42B6835
:107B000008F101081B1201F8023B2B6873700E4646
:107B100055F8040F0028DCD1A3683BB9324608F1C0
:107B2000010802F8023BFF2373701646236893F89E
:107B3000CE30DD0708D53346562208F1010803F898
:107B4000022B002272701E464FEAD81332464FEACB
:107B500048084FF0000B89F80030012389F80180B4
:107B600002F8023B86F801B0D4F8C030D4F8D8004F
:107B700003F52059331D06920793002801F0C680B3
:107B80004B4500F299840AF08FFB079B00F109082E
:107B90000546A9EB03034345C0F08E84421DC3B2E2
:107BA00086F804B00B35120A337386F805B0B2714B
:107BB000C21C86F80AB0120A32725A1D0333F271DF
:107BC00002467372030A06F10D00F372D4F8D8105E
:107BD0000AF0B6FBD4F8C03003F52059069B1D44CB
:107BE000A368012B2AD14D4594BF002301232BBB51
:107BF000D4F8EC20A9EB050C053294451ED3AB70EC
:107C0000FF23681D04F1F0012B7001236B70D4F881
:107C1000EC300133EB70D4F8EC302B71D4F8EC205D
:107C20000AF08EFBD4F8EC3005339844D4F8C03019
:107C300008F1020503F52059069B1D44AB1DD4F83D
:107C400000E005939EF8C930032B54D1DEF874A0F0
:107C5000DAF80000002801F0FB805346CAF1040C5A
:107C600003EB0C0153F8042F002AF9D1A945C1F008
:107C700051800631A9EB050C8C45C1F0B28000287B
:107C800001F08581A946C5F1040B05F0F3FC4FF026
:107C9000030389F8060089F80730DAF8000005F0D8
:107CA000E9FC4FF0010389F808000BEB090289F8A1
:107CB000093009F104095AF8040F0028E5D1D3B2BC
:107CC00008F106086B7102339044EB70931C120AA2
:107CD0001B0A2A71AB7000232B700D236B7008F107
:107CE0000205069BD4F800E01D44D4F8C03003F52B
:107CF0002059AB1D0593DEF878A09AF80000002803
:107D000000F0F4834FF0000B04E01AF8010F002894
:107D100000F0ED830BF1020BF3F7E2F90028F4D148
:107D2000D4F8C03003F5205AAA4517D3AAEB0502B0
:107D3000052A13D900232B70AB706B710B236B706A
:107D40000223EB7001232B7108F10805069B08F153
:107D500006081D44D4F8C03003F5205A2368554561
:107D6000059398BF0021B3F8CC3088BF012103F4FC
:107D7000E073002B14BF084641F00100002800F01A
:107D80002F85059B93F8CD30580617D5B1B9AAEBCE
:107D90000502032A12D904232970A9706B70E970B7
:107DA00008F10605069B08F1040822681D44D4F872
:107DB000C030059203F5205A92F8CD309A0721D5AC
:107DC000059A92F8C920002A3AD0AA452CBF002172
:107DD0000121A9BBAAEB0502032A41F21280162356
:107DE0002970A9706B70E97008F10605069B08F10F
:107DF000040822681D44D4F8C030059203F5205AC7
:107E000092F8CD305B071BD5059B93F8C930BBB109
:107E1000AA4515D3AAEB0502032A11D900232B701A
:107E2000AB70EB7017236B7008F10605069B08F129
:107E300004081D44D4F8C03003F5205A2368059384
:107E4000059BD3F8A490B9F1000F53D0D9F80000E6
:107E5000002800F0DB874FF0000B0AF025FAC0B2D3
:107E60000130834459F8040F0028F6D1554564D8F1
:107E70000BF10602AAEB050393423BD3002305F165
:107E8000060A2B7010236B702368D3F8A4B0DBF8BC
:107E9000000098B10AF008FA8146504600F8019BAC
:107EA0005FFA89F9DBF800104A4609F101090AF086
:107EB00047FA5BF8040FCA440028EBD1AAEB050A85
:107EC000AAF106035FFA8AF2D044AAF1040A1B0A57
:107ED0002B714FEA1A23AB70931F043A6B71EA704F
:107EE00008F10205069B1D44D4F8C03003F5205A62
:107EF00023680593059B93F8CD30DB091DD05545CC
:107F000094BF00230123C3B9A26BAAEB050A926EAA
:107F1000101D824511D32B702323EA706B70130A56
:107F2000AB70A36B596E002900F00E87002A00F099
:107F30000B878044281D0AF003FAB8F1000F08D01F
:107F4000079B86F8038043444FEA1828069386F877
:107F50000280069B01221621DF1BD4F8C030C4E941
:107F600031171A70D4E9002392F8CC200133950719
:107F7000636000F1698420461FB0BDE8F04F04F053
:107F8000B9BD204606F0C0FD0346002840F07182CE
:107F9000A26F162A40F048812268D4F8A00092F817
:107FA000CC2012F002020CBF04210C21884240F0C8
:107FB0009787216F09780E2940F092876168013117
:107FC0006160002A3FF48CAC20461D4605F0BAFCE7
:107FD00086E420461FB0BDE8F04F05F029BCE26CF6
:107FE0000023204616680D9304F0E6FA05460028A3
:107FF0007FF476ACB37A03F0FD02052A00F06581C8
:108000000B2B06D84FF4146222FA03F3DA0700F1BF
:108010005C81D4F8D430002B00F05781E36B2168E9
:10802000002B00F0CB84D3F8C021002A00F0C684D6
:108030001168002900F049815268002A01F0278068
:108040000EAED3F804342046314698476369032BBB
:1080500000F03A86E36B2268002B00F0F086D3F83C
:10806000C001002800F0EB8640680421F8F7A2F870
:10807000002800F0DC864FF0060C1423042512AA19
:108080000026E16B2768002900F01886D1F8C001AE
:10809000002800F0138640682946FD690395BD69F4
:1080A0000295D4F8C050654400950DAD0195F8F7E0
:1080B00019F9054600287FF413ACD4F8C030162017
:1080C0000D9A0F213344120A1A71D4F8C0300D9A58
:1080D00033445A710D9BD4F8C0200633C4F8C40051
:1080E0003344C4F8C83020461170636801336360BC
:1080F00004F000FD0546FFF7F3BBE36C1E68B37A9E
:10810000022B00F03883A3F10902012A40F24381D7
:10811000033B012B8CBF00250125002D40F03B8146
:108120003046FFF703FB002800F093832368D3F861
:108130009420002A00F0AB87D3F89C20002A00F09E
:10814000A687D3F8A0309A1D0E93B2F5205F00F2F7
:108150008187D4F8C020190A1171D4F8C020537156
:108160002368D4F8C000D3E9271206300AF0E8F8F3
:108170002368B17AD3F8A020052902F1060700F0A0
:108180003D86072900F0C486062900F07D8608296F
:1081900040F02486D969D4F8C02001910EA99B69CA
:1081A0003A440093C7F52053E06B8030F1F746FE68
:1081B000054600287FF494ABB17A204605F0A8F973
:1081C000054600287FF48CAB0E9B1620D4F8C02007
:1081D00010213B44C4F8C40083E720461FB0BDE82B
:1081E000F04F05F06DB9204604F060F9FFF778BB59
:1081F0002046276F06F088FC0590002840F0368165
:10820000A36F162B00F0BB81A368012B40F0708692
:108210002268E368D2F8B4200133002AE360C0F298
:108220009982934240F39682AD4DFFF759BB2046A9
:108230001FB0BDE8F04F05F0B9B820461FB0BDE84B
:10824000F04F06F09DBD0F236360FFF749BB20464A
:108250001FB0BDE8F04F07F015B801221D4662605F
:10826000FFF73EBBE36C1B689B7A042B38D8002BCE
:1082700039D106236360FFF733BBE26C0023D2F8E9
:1082800000900C9399F80A30012B00F07082093BA2
:10829000012B40F2F180204606F036FC054600280E
:1082A0007FF41EABA36F162B40F02286266F337827
:1082B0000C2B00F0F38299F80A3003F0FD03052B34
:1082C00040F016860123C4F8A83063680133636068
:1082D000FFF706BB834DFFF703BB0546FFF700BB67
:1082E000093B012BC5D8204606F00EFC00287FF480
:1082F000F6AAA36F162B40F0FB856368226F01334B
:10830000636013780D2B0CBF01230023C4F8D43015
:1083100040F0B4822368D4F8A06093F8CC3013F016
:10832000020F0CBF04230C239E4214D9D15C5818B1
:1083300000F1030C66450ED96769032F00F0F38442
:10834000024403330B445178927842EA01221344E9
:108350009E423FF4C5AA322202212046624D04F01B
:10836000B9FEFFF7BDBAD3E906500422A847054677
:1083700000287FF4B5AA236806F583611C22D3E99F
:108380000650A847054600287FF4AAAAE16B01F22F
:108390001441FFF738BB2368D4F8C020D969E06BDB
:1083A00004320191996980304FF47A7300910EA9DB
:1083B000F1F744FD054600287FF492AA22684FF4A5
:1083C0000073E06BD1690191916900F25442009110
:1083D00000F582618030F1F773FD054600287FF4D7
:1083E0007FAA0427F0E6256F0EA9C2F340020DA86C
:1083F00005F10C0305F0E6F90D99022940F36086BA
:108400000E9B012B40F35C86226892F8C8008142E3
:1084100000F3568692F8C920934200F35186236FE9
:1084200005F10F06E26FAD7B13449B1BAB42C0F21C
:108430003E86E36BD3F8DC0109F06AFFE76B29465F
:10844000012009F051FFC7F8DC01002800F02B865D
:1084500031462A4609F074FF0123204687F8E0518F
:10846000636004F08FF8204605F06CFA059DFFF775
:1084700037BA0546FFF734BAA36BD86D002800F071
:10848000DE850221BC30F7F795FE002800F0D1858B
:108490000122D4E90E30DB6D8030D3F8C010F1F743
:1084A000A7FC0546002800F0BD81282202212046B5
:1084B00004F010FEFFF714BAD8460225FFF78EBB72
:1084C000002B40F04D814B6E1BB18B6E002B40F0AA
:1084D000E28307F1270987F82630FFF7D3BA00BFF8
:1084E0000089FFFF008FFFFF8085FFFF83464D451A
:1084F0003FF616ACA9EB050C0BF106039C45FFF407
:108500000FAC2368D3F878B09BF8000000283FF444
:1085100007AC059B4FF0000905945C4603F1FF3A58
:10852000D3469A46F2F7DCFD4288CC46120A0AF896
:10853000092009F1020942880BF8092014F8010FFB
:108540000028EFD1059CB9F1000F3FF4E9AB0CF125
:1085500004024FEA192308F108082870120A2B7147
:10856000E0440A23AA705FFA89F26B706A710232E2
:10857000069BEA7008F102051D44FFF7D1BB216894
:1085800091F8CC20900740F17F813B78032B3FF49A
:108590002AAFE36BD3F8DC0109F0BAFE059AE36B6E
:1085A00083F8E0212168C3F8DC2191F8CC30D4F8BD
:1085B000A00003F00203002B0BBF2A223222042367
:1085C0000C23824200F22B843A78022A40F027845E
:1085D00091F8CC201F4404F1140104F11000C2F3FF
:1085E00040023B4605F0EEF82368216993F8CA2063
:1085F0009142C0F2D784626993F8CB008242C0F204
:10860000D18493F8C800814200F3CC8493F8C93038
:108610009A4200F3C784D7F80260D7F80600D7F86B
:108620000A10D7F80E20E36BC3F83464C3F838049B
:10863000C3F83C14C3F84024D7F81260D7F81600EA
:10864000D7F81A10D7F81E20C3F84464C3F84804BA
:10865000C3F84C14C3F8502497F82280B8F1200FC7
:1086600000F2DD832368D4F8A01093F8CC3013F027
:10867000020F0CBF04230C23434403F12702914251
:1086800040F2AF8107EB080292F8260092F82760CB
:1086900046EA0026701E022840F2C18306F1280037
:1086A0000344994240F0BB8392F8233092F824A00F
:1086B0004AEA032A92F82530002B40F0CE84504637
:1086C000D4F84C90FEF7F2FFE36CC9F8000019688B
:1086D000002900F0CA84204604F002FFD4F83CB020
:1086E000DBF87836002B00F0C480B8F1000F00F002
:1086F000C080A368D4F8389023B9D9F800309A45DF
:1087000000F0128407F12301636809F10C0042466E
:10871000013363600023CBF87836C9F80880C9E9D3
:1087200000A309F00DFE2368626953F82220043A81
:1087300004E0A36B1B68984200F0628152F8040FBA
:108740000028F6D12F2202212046AA4D04F0C2FCB7
:10875000FFF7C6B80123A84DC4F8A830FFF7C0B88A
:10876000002307F1270987F82630FFF78BB9052387
:108770006360FFF7B5B8E36BD4F8C0205B68190AF3
:108780000E931171D4F8C0205371E56B05F1080008
:10879000EBF7F0FB23680146281DDD69D4F8C02003
:1087A00001959B69063200930E9BF1F729F8054667
:1087B00000287FF495A823684FF40972E06BD9690B
:1087C0000191996900F58263009100F254410430EF
:1087D000F1F776F8054600287FF482A80627F3E42F
:1087E000AAEB0502042A40F2AC8201232870A8708B
:1087F0006B70EB702368B3F8CC30C3F382132B712A
:1088000008F10705069B08F105081D44D4F8C0309F
:1088100003F5205A23685545059394BF0021012193
:10882000FFF7AFBAE36B93F88000F2F759FC48B159
:10883000E36B204693F8801004F04AFF05460028B9
:108840003FF443AD6D4D30E6204604F0D3FFFFF713
:1088500092BBB37A012B40F0C18203460EAA0421D9
:108860002046FEF793FF054600283FF4BAADFFF718
:1088700037B8D4F8389007F1230145E701230546BE
:10888000C4F8A830FFF72CB8D4F8A0002A2204239B
:1088900097E609F8012B2368FFF710B92368D4F88D
:1088A000A02093F8CC3013F0020F0CBF04230C234C
:1088B0003344164499F80A200C93062A18BF082A54
:1088C00002F0FD0002D0052840F04F82B11E8B421D
:1088D00000F27C8233F8021B49BA89B2771ABB4294
:1088E00000F2CB830B4405280C9340F03E82023A01
:1088F000022A3FF6EAAC236FDDF830A00593236827
:1089000093F8CC3013F0020F63690CBF4FF0040BE7
:108910004FF00C0B032B00F04D83022B00F35E8213
:108920004846FEF7D5FE011F80464F424F41BF002B
:108930000C9BB21E934200F22D8333F8029B99FAEE
:1089400099F90C931FFA89F9A6EB0906B34240F096
:108950002183059A5A44AAEB0203002F40F050836A
:1089600024210EAE20460D91314606F023FD00284D
:108970007EF4B5AFA36BD86D002800F0808341462C
:10898000BC30F7F717FC002800F05C83A36B32467D
:108990003946D86D0C9BBC30CDF8049000930D9BEC
:1089A000F7F712FC034600283FF48FAC3322022174
:1089B00020461D4604F08EFBFEF792BF896E0A46E4
:1089C00000293FF482AC086800283FF47EAC002BFD
:1089D0003FF432ABD3F8C021002A08BF0A46FFF7A4
:1089E0002BBB2633994240F01A82002607EB08027F
:1089F0005AE600BF8086FFFF0095FFFF0086FFFF5D
:108A0000FEF754FE6269089200283FF49BAE0369AA
:108A10009A42FFF697AE83699A423FF793AE236876
:108A2000079393F8CC300B939B0703D5037F59072B
:108A30003FF588AE08F12808A36B00220A9507EBE2
:108A4000080B09935A60DA460694002E00F0038260
:108A5000BAF80250BAF800206DBA52BAADB292B26A
:108A600005F10408B04500F2D981232A00F3BA8049
:108A700012B3013A222A1FD8DFE802F08F1E1E121D
:108A80001E1E1E1E1E1E741E1E1E1E441E1E1E1E8A
:108A90001EA6341E1E1E1E1E1E1E1E1E1E1E27006D
:108AA000079B93F8CD20520640F18580002D40F0C1
:108AB0008280099B01225A67761BC244721F043EC2
:108AC000022AC2D8AD4DFEF70BBF079B93F8CD200D
:108AD000D20970D0002D6ED1069BDA6B0123C2F84B
:108AE0008836E9E7079B93F8CD20570763D5002D1B
:108AF00061D1089B002B5ED0069BDA6B0123C2F884
:108B00008C36D9E7079BD3F8A470002F53D0032DE0
:108B100040F38481BAF80420A91E52BA92B28A4264
:108B200040F07C819AF80690EA1E914540F07681EB
:108B30003C68002C3FD00AF1070B03E057F8044FC4
:108B4000002C38D0204609F0AFFB8145F6D12146F4
:108B50004A46584609F0CCFB0028EFD1069BC3F8E3
:108B6000DC40A9E7002D00F059819AF804707A1CC6
:108B7000954240F05381F7B10AF1040101E0FB4254
:108B800019D011F8010FC1F1040301285344F6D89C
:108B9000069BDA6BC2F85C018EE7079BB3F8CC202A
:108BA00002F4E07139B1012D05D1C2F382129AF8B5
:108BB0000410914280D0069C2822022120466F4D4D
:108BC00004F088FAFEF78CBE079B93F8CD2093073C
:108BD000F1D5089B002BEED0002DECD1099B012292
:108BE0009A6769E74FF601739A427FF465AF069B77
:108BF0009A68002A00F0AC80D3F8EC204FEA420ECD
:108C00000EF101018D42D6D19AF804108E45D2D1D1
:108C10004FF000018DF83410002A00F00082053278
:108C200003F1F00702EB0A0C0AF1050212F8011B2E
:108C300017F8013B624581EA03019DF8343043EAAD
:108C400001038DF83430F1D19DF8341001F0FF00AC
:108C50000029B0D10EF10507069B8DF83800574466
:108C600003F1FC0012F8011B10F8013BBA4281EA43
:108C700003019DF8383043EA01038DF83830F1D113
:108C80009DF83820002A96D10123059314E78B6EB6
:108C9000002B3EF4E5AE23680C312022D3E90650C8
:108CA000A847054600287EF41BAE2020A36B07F1E1
:108CB0002709986087F82600FEF7D6BEB86E002810
:108CC0007FF4E9A9FFF7E8B9E36C1B685D7AD4F893
:108CD000C030072D00F0B980042206251A71E36B1D
:108CE0002268002B00F09580D3F8C001002800F026
:108CF00090804068D4F8C07004F08CFC32464FF08D
:108D0000080C002302267871FFF7BBB980460225C4
:108D1000FEF764BFDEF878A09AF8000000287EF421
:108D2000F1AFFEF7FDBF10444778807840EA072096
:108D3000844466457FF60FAB023101445818FFF7B3
:108D4000FFBA0146FFF71DB808F10408FFF7F5B8B0
:108D5000012D7FF430AF9AF80420002A7FF42BAF66
:108D6000069B0595C3F8E850A6E6023A062A35D8D0
:108D7000DFE802F01D0606341D3406008086FFFF82
:108D8000E06B32460CA98030F1F71EF8F0B9E36BC6
:108D900093F88000F2F7A4F9C0B1E36B204693F892
:108DA000801004F095FC88B999F80A209FE5E06BE3
:108DB00032460CA90430F0F727FC38B9E36B5A6847
:108DC0002368D3F8C430B3EBC20FEDD92F220221B0
:108DD0002046C04D04F07EF9FEF782BDBE4DFEF781
:108DE0007FBDDEF878A09AF8000000287EF48AAFF4
:108DF0008346FFF781BB8046FEF78EBE0E95FFF7D8
:108E0000DCB95B073FF508A8FFF71AB88346FFF700
:108E10002DB8906E00287FF46CAF6BE7069C322271
:108E200002212046AD4D04F055F9FEF759BD3246FA
:108E300005464FF0060C24230646FFF722B9906E34
:108E400000287FF411A9FFF710B905221A7146E72F
:108E50000146FEF70BBF069C0A9DD4F8E830002BB4
:108E600040F089800B9B03F03003202B3FF4A4AE2D
:108E7000A268012A7EF434AD002B3FF49DAE059B21
:108E8000D8077EF52DAD97E6E36B5B68991C0E93D2
:108E90003944B1F5205F00F2DD80D4F8C0101B0A20
:108EA000CB5502F10807D4F8C0300E991344D9719C
:108EB000E56B05F10800EBF75DF823680146281D16
:108EC000DD69D4F8C02001959B693A4400930E9B5C
:108ED000F0F796FC054600283FF46EA9FEF700BDAA
:108EE0003222022120467E4D04F0F4F8FEF7F8BC51
:108EF0000A22022120467B4D04F0ECF8FEF7F0BC7C
:108F0000322202212046784D04F0E4F8FEF7E8BC56
:108F100002230EAA39462046FEF738FC05460028F3
:108F20003FF44AA9FEF7DCBCD9F80430002B7FF4EB
:108F3000E9ABD9F8083007F1230198457FF4E4AB99
:108F4000424609F10C00069109F0D2F90699002871
:108F50007FF4DAAB0C232046636003F02DFB03465D
:108F600000283FF4E0AB5022022120461D4604F0C9
:108F7000B1F8FEF7B5BCA268012A7EF4B1AC012BB2
:108F80007EF4AEAC059BDE073EF5AAAC14E60246C5
:108F9000FEF795BE3222022120464E4D04F09AF88B
:108FA000FEF79EBC462202212046504D04F092F866
:108FB000FEF796BC0AF102039E42FFF407AF9AF84F
:108FC000000004F04FFB074600283FF4FFAE0C9B67
:108FD000587804F03DFB804600283FF4F7AE394650
:108FE000204604F085FB00287FF4F0AE0C9B484639
:108FF00002330C93FEF76CFB40453FF499ACE5E679
:109000000EAE00932046134631460DAA019706F096
:109010004DFA00283FF4AEAC0546FEF761BC9DF862
:10902000342002F0FF01002A7FF4C5AD8DF838101E
:1090300026E62F4DFFF739BA2E4DFEF751BC294DCC
:10904000FFF733BA282202212046294D04F042F8C6
:10905000FEF746BC284DFEF743BC2F2202212046D6
:10906000264D04F037F8FEF73BBC50220221204683
:10907000234D04F02FF8FEF733BC0C93A6E628220C
:1090800002212046174D04F025F8FEF729BC1D4D9E
:10909000FEF726BC502202212046A5F5FE4504F02D
:1090A00019F8FEF71DBC184B0593FFF7DFB90B4B02
:1090B000322202212046059304F00CF8FFF7D6B9BE
:1090C0000A4B462202212046059304F003F8FFF7DD
:1090D000CDB900BF0085FFFF0094FFFF8086FFFF32
:1090E0008084FFFF0089FFFF0092FFFF8091FFFF58
:1090F0000093FFFF008CFFFF0096FFFF808FFFFFB4
:10910000008FFFFF008AFFFF0081FFFF38B50B686B
:109110000D46991C914210D81C88296064BAA4B2EB
:109120000B199A4209D3C06B22460430F0F754FB66
:1091300028B92B6823442B6038BD024838BD02484B
:1091400038BD00BF0084FFFF8083FFFF03682DE967
:10915000F041D3F83C8082B007460E46B8F1000FCC
:1091600020D03468111B01294FDD34F8025B4FF623
:10917000FE716DBA3460ADB2681E884245D8121BCC
:10918000AA4242D3B8F1000F1BD0186C22462B46DE
:109190003946C04790BB34682C440020346002B08C
:1091A000BDE8F081D3F8941049B1D3F89C1031B1E7
:1091B000D3F8A01019B1D3F898100029D1D11448D0
:1091C000EDE7D3F8A020AA4218D1D3F89C1020468E
:1091D0008DF8078001EB050E11F8012B10F801CB7B
:1091E0009DF80730714582EA0C0243EA02038DF8CC
:1091F0000730F1D19DF80730002BCDD0732202212A
:10920000384603F067FF0348C9E70348C7E700BFD4
:10921000008AFFFF8093FFFF0084FFFF2DE9F04FDE
:109220001D46A1B04FF6FF73C66B04460F46ADF85E
:10923000503091460368002E00F0A980D6F8C00196
:10924000002800F09580D0F80480002800F09A8073
:109250000068BC30F6F7A6FF636907304FEAD00A12
:1092600083B1BB1C9945C0F09980C0F3C7203A7800
:10927000824240F0938079785FFA8AF2914240F01E
:109280008D801F4607EB0A03994540F08780012136
:109290004046F6F78FFF002800F0858023683946A6
:1092A0004FF0300E0DF11C0CDF695246404603971B
:1092B0009B69CDE900CE029314ABF7F743F8059014
:1092C0002368E06B93F8CC2006ABD0F88016C2F38D
:1092D0004002D0F87C0604F061FA21683022DDF803
:1092E0001C809DF850709DF818B09DF851909DF825
:1092F00019A0D1E9063008A99847B0BB87EA0B034B
:1093000089EA0A0988F03008059A43EA09033021FE
:1093100008AF0DF1500C43EA0803134305F2534222
:10932000C3F1000E32444EEA030EE36B4FEAEE7EC9
:10933000C3F810146FEA0E085FFA8EFE5FFA88F821
:1093400017F8011BA2F252431CF8019B01EA0E011F
:109350005B1B09EA08099B1B41EA090102F8011F8E
:10936000E16BD1F810149942EAD821B0BDE8F08F32
:10937000D3F86880B8F1000F0ED0D8F80480002828
:109380007FF466AF986E00287FF462AF61E7986E55
:1093900038B1D0F804805BE740465AE7034B0593A9
:1093A0008EE7804655E7024B059389E70084FFFF6F
:1093B000008AFFFFC0E91112C3647047036893F885
:1093C000CC30DB0716D570B515460446D0F8E00062
:1093D0000E4608F09DFF2946012008F085FFC4F8DD
:1093E000E00048B12A46314608F0AAFF0020C4F840
:1093F000E45070BD01487047014870BD008FFFFF09
:109400000081FFFF4368102B2DE9F04FAFB029D04A
:10941000C36B044633B303F019FB054618BB22683F
:1094200092F8CC309E0722D5E16B91F8EC31012BFC
:1094300000F08C806368122B14D8DFE813F045022B
:10944000830065043F02B900E10328025D02710157
:10945000A60151025702970348024E02660113000B
:1094600013006A01AC4D28462FB0BDE8F08F636849
:10947000122BF7D801A151F823F000BFC998016061
:109480004595016005990160BD980160B195016045
:10949000FF9B01608F980160F9980160219701603E
:1094A0008B970160E1980160ED9801606B9B016012
:1094B000CF980160DB9801600B97016065940160B3
:1094C00065940160139701600521204604F0BAFC01
:1094D00000286BD1636E1A78162A40F0E484226863
:1094E00001330EA90DA892F8CC20C2F3400204F07B
:1094F00069F90D9B022B40F3D684236893F8CC3096
:10950000980740F15385A368002B41F0CF80236E6C
:109510001A78002A40F0C7845E78002E40F0C38499
:10952000D3F802102046D4F8B020C2F80210DB882D
:10953000D38004F069FD002800F03585C4F8886008
:10954000C4F88060A368002BC4D1BDE7204604F0B6
:1095500027FA58BB6368122B84D801A252F823F073
:10956000C998016045950160FB9C0160BD98016050
:10957000B1950160FF9B01608F980160F9980160CF
:10958000219701608B970160E1980160ED9801607F
:109590006B9B0160CF980160DB9801600B970160C5
:1095A00065940160659401601397016005465AE770
:1095B000E16C00220E680D92B17A4A1ED2B2092ADD
:1095C00001F26F8040F2513020FA02F2D00700F130
:1095D0006D8404230629C4F8C83001D008290FD1AE
:1095E000D4F8C03000220521C4F8C8101A71D4F88C
:1095F000C830D4F8C010581CC4F8C800CA54B17A96
:1096000001F0FB03022B01F010800025042900F279
:109610007984022900F2798402390229D4F8C01031
:109620004CD8D4F8C8300B44002230465F1B0E9251
:10963000FEF74EF863698046032B01F0F682B67A96
:10964000042E01F0318124213B460FAF2A460E91B2
:109650002046394605F0AEFE0546002841F031812E
:1096600006466369032B01F03F83E36BD4F800C027
:10967000002B01F00983D3F8C031002B01F00483E3
:109680005868002801F00583D4F8C8303A463146BE
:109690009D1CDCF81C300393DCF818300293D4F8DE
:1096A000C0302B440DAD009301950E9BF6F71AFECA
:1096B0000546002841F00581D4F8C0100D9BBBB1D0
:1096C000D4F8C8201B0A501CC4F8C8008B54D4F826
:1096D000C8300D99D4F8C020581CC4F8C800D15423
:1096E0000D9AD4F8C830D4F8C0101344C4F8C83068
:1096F00016220C232046C4F8C4200B706368013383
:10970000636003F0F7F90546ADE6204602F0CEFEB1
:10971000A9E6024DA7E600BF008FFFFF8095FFFF7F
:10972000E36C20461E6805F0EFF9054600287FF43B
:109730009AAE2268236F92F8CC20A06F12F0020F2D
:10974000D4F8A0200CBF04250C25162803EB020733
:1097500003EB05010F9140F08F831B78102B40F035
:109760008B83B37A022B00F0EF87013B092B00F2C9
:109770009083DFE813F04E038E030D030D03840383
:109780006C03580333030D030D03E36C1B689B7AD2
:1097900003F0FD02052A00F07F830B2B06D84FF45F
:1097A000146222FA03F3DB0700F17683A36BDB6D0F
:1097B000002B00F07183204604F0CAFC10F5CB4F5B
:1097C000F9D000287FF4F2AE204604F0D9FA10F563
:1097D000CD4FF0D010F5CB4FEDD0054600287FF4EB
:1097E00042AE6368A26F0133162A636041F079824A
:1097F000226F13780F2B41F074822368616993F80C
:10980000CC3003F00203002B0BBF06250E250427E6
:109810000C27032901F08781A36B04213D46D86DF5
:10982000BC30F6F7C7FC002801F00A820426142396
:109830000DF14C08AF1CD4F8A01004938F4201F234
:109840005082206F00EB050C425D9CF8015045EA08
:1098500002257A19914241F04482E26B0FA9204619
:10986000D2F804249047A06B049B4246C06D314659
:109870000195256FBC303D440095F6F7A5FC0546E3
:1098800000287FF4F0AD204603F0C6F8EBE5D4F8ED
:10989000C0300E2204201621C4E931101A70D4E918
:1098A000002392F8CC2001339207636000F16C82B0
:1098B00020462FB0BDE8F04F03F01CB920462FB072
:1098C000BDE8F04F03F072BD01236360CBE5204695
:1098D0002FB0BDE8F04F03F0ABBF0F236360C2E5CC
:1098E00020462FB0BDE8F04F05F058BC20462FB001
:1098F000BDE8F04F05F0C6BC20462FB0BDE8F04FE4
:1099000005F03EBA9369002B01F00882D4F8C060DC
:1099100092F8CC20331DB71DC2F34002D4E90401F4
:1099200003F03CFF236804223946D3E90650A847D8
:10993000054600287FF497AD23681C2206F10A0132
:10994000D3E90650A847054600287FF48CADD6F829
:109950000650D6F80A00E36BD6F80E10D6F812209F
:10996000C3F83454C3F83804C3F83C14C3F8402493
:10997000D6F82220D6F81650D6F81A00D6F81E10BF
:10998000C3F85024C3F84454C3F84804C3F84C1433
:10999000E36BD3F87826002A00F0A1860C2320463A
:1099A000636002F009FE054600287FF45CADA36BFE
:1099B00006F127089B68404686F82630A16B8A6826
:1099C0000C3108F0BDFCA36B9A681B681B1208F8E9
:1099D00002309044A36B08F1030908F1050A1B68E3
:1099E00088F80130A36B5B6888F80230D4F8E8305F
:1099F000012B40F0DD86FF2288F8063088F805202C
:109A0000A268002A41F0EB8088F8083008F10A03C8
:109A100088F8072088F80920A3EB0A07BA1CA36B73
:109A200009EB020593F8701071B1002309F80230B8
:109A3000AB7001236B70EB70A36B93F870302B71DC
:109A4000FD1DA36B05374D445A6F52B1002304220C
:109A50002B70AB70EB70BB1D6A70174409EB0305EC
:109A6000A36B6269E2B19A6FB2FA82FB4FEA5B1BA9
:109A7000B2B11868FDF71AFE90B1007AEEF7B2F8AD
:109A800070B14378022B0BD1BB1D162285F800B0B4
:109A9000043785F802B085F803B06A7009EB030556
:109AA000E36BD3F88C2662B1626952B100231722AE
:109AB0002B70AB70EB70BB1D6A70043709EB0305AC
:109AC000E36BD3F8882652B1002323222B70AB70AE
:109AD000EB70BB1D6A70043709EB0305E36BD3F829
:109AE0008436DB070ED50B2200236A7002222B700E
:109AF000AB706B7107F10803EA70012206372A7117
:109B000009EB0305D4F8DC30E3B100232B701023FC
:109B10006B70D4F8DC0008F0C7FB0246E81DD11CCE
:109B2000D31D090A1F44DBB2A970511C090A29710F
:109B3000191FE970991F073B6971AB71D4F8DC10EC
:109B400008F0FEFB37B13B0A0AEB070988F80470FE
:109B500088F803301620A9EB0606D4F8C0200221AD
:109B6000C4E9310620461170A3E6E16BD1F88836CE
:109B7000002B00F0C181D4F8C03016210422C4F8B3
:109B8000C4101A700FAB2168D4F8C020886D0193FF
:109B90000EAB009302F520530D6D0A32A16BA8475E
:109BA000002840F03B850E9AC2F30726D1B20A3254
:109BB0000F9B0025D4F8C07020464FEA136C87F83D
:109BC00004C04FEA134CD4F8C07087F805C04FEAC0
:109BD000132CD4F8C07087F806C0D4F8C070FB719D
:109BE000D4F8C0301E72D4F8C0305972E36BC4F898
:109BF000C820C3F8885602F07DFF054633E4E16BC8
:109C0000D1F8C4310621E26C032BD4F8C09012685D
:109C1000616004D1236893F8CC30C3F38103927A56
:109C200002F0FD0105293FF41EAC0B2A06D84FF4C3
:109C3000146121FA02F2D1073FF515AC002B00F0B8
:109C40003E854FF0010A4022022309F1070589F8F9
:109C500005A089F8062089F80430D4F814B0BBF1C7
:109C6000030F00F0B5854FF008084FF0070A216890
:109C7000AA1C91F8CE3013F0020300F02D85E36B9F
:109C8000D3F8CC61002E00F0A28709F5205B0027F5
:109C900018E05A45756C18D8ABEB02039D4214D8F6
:109CA000A91C8B4211D313460F44290A03F8021B47
:109CB000184655702A46B16C08F042FBD6F8306160
:109CC000421916B1B369002BE3D1C7F30723FFB2E2
:109CD000A2EB090216212046C4F8C820C4F8C4101B
:109CE0000D21D4F8C0201170D4F8C02002F80A3039
:109CF000D4F8C03003F80870DBE5226892F8CC3065
:109D000099077FF5FFADE16B91F8E031002B3FF44F
:109D1000F9ADD4F8C03004330F9392F8CC20D4E9D5
:109D20000401C2F3400203F039FD23680F9E5D6C0D
:109D3000002D00F0AE80D4F8E420F71C0FA90F9797
:109D4000D86CD4F8AC30009242F64D121A44D4F8D4
:109D5000E030A847054600287FF485AB0F9B16210D
:109D60000320DB1BB3700F9BD4F8C020C4F8C410D1
:109D700012219B1AC4F8C83010702046616002F0AE
:109D8000B9FE0546FFF76FBB204603F033FD8FE5B4
:109D9000E06B521B8030F0F77BF8002840F0D18751
:109DA00022684FF40073E06BD1690191916900F270
:109DB0005442009100F582618030F0F781F800286C
:109DC00040F0E184204602F0F7FB054600287FF4CE
:109DD0004AAB636801336360FFF745BB3A460FA99E
:109DE0002046FFF7B3F9054600287FF43CAB0F99F6
:109DF000E06B7A1A8030F0F74BF8002840F0A1872A
:109E0000B17A204603F084FB05460028DAD0FFF73C
:109E10002ABB00233A462046FFF700FA05460028F1
:109E2000D0D0FFF720BB3A460FA92046FFF78EF9A6
:109E3000054600287FF417AB02233A460F992046C7
:109E4000FFF7ECF9054600287FF40DABD8E73A465A
:109E500020460FA9FFF77AF9054600287FF403ABE7
:109E60003A460FA92046FFF751F9054600287FF42E
:109E7000FAAA0F9B9F42C3D0814DFFF7F4BA3A462E
:109E80000FA92046FFF762F905460028F1D0FFF739
:109E9000EABA7C4DFFF7E7BA0A236360FFF7E3BA3B
:109EA000002A00F09081784DFFF7DDBA09390129C9
:109EB00090D8E36B2268002B00F08484D3F8C001B3
:109EC000002800F07F8440680221F6F773F900282B
:109ED0003FF47FAFE36B226803F18000002B00F0BA
:109EE0006B84D3F8C031002B00F066845B680022DD
:109EF0005968EFF77DFF6CE720462FB0BDE8F04FC3
:109F000003F0DEBA08297FF4D7AB22680023906FF4
:109F10000F930178002900F05386D4F83CC0DCF898
:109F2000B4713D683A46002D00F007842B4604E0EA
:109F300052F8043F002B00F000841B788B42F7D1CD
:109F40001368002B00F03C8619780CF18000F3F7C1
:109F50000DFA0546002840F0B4842168D4F8C830D2
:109F6000C869D4F8C020019089691A44C3F5205308
:109F700000910FA9E06B8030EFF7EAFE054600285C
:109F800040F09F84D4F8C8300F9A1D46D4F8C01012
:109F90001344C4F8C830B27A023A022A3FF68EABB4
:109FA0000D44FFF740BB204604F070F8A26EA36892
:109FB000168876BAB6B2002B40F07883B6F5205FEB
:109FC0003FF771AF2368204693F8CC3013F0020FAF
:109FD0000CBF05210D21314403F034FF00287FF42C
:109FE000E5AA236893F8CC3013F0020300F01F8435
:109FF00006F10D03C4F88830276F3246E36B204624
:10A000003946D3F800349847236893F8CC2012F0EF
:10A0100002000CBF04210C218E42FFF444AF3B78B8
:10A02000012B7FF440AF7B78002B7FF43CAF7B8823
:10A030005BBA11FA83F39E427FF435AF002833D028
:10A04000A368012B236F00F09C859888D4F83CC04E
:10A0500040BA80B2CCF8D4010130CCF8D80198795C
:10A0600050B9D87940B9187A30B993F801C003F1E2
:10A07000010E587A84450BD0044DFFF7F4B900BFA8
:10A080000084FFFF0094FFFF0087FFFF808FFFFF2A
:10A0900093F802C003F1020E987A8445ECD19EF841
:10A0A0000100DB7A9842E7D1761A7B18252E0493BB
:10A0B0007FF6F9AEC2F34002049B04F1140104F1EF
:10A0C000100003F07FFB2169E36B60692268C3F82D
:10A0D0007C16C3F8800692F8CA70B942C0F229868D
:10A0E00092F8CB70B842C0F2248692F8C870B94298
:10A0F00040F3DF82276192F8C9206261049AD2F8A6
:10A100000270D2F80600D2F80A10D2F80E20C3F876
:10A110001474C3F82024049AC3F81804C3F81C1458
:10A12000D2F81270D2F81600D2F81A10D2F81E2007
:10A13000C3F82474C3F83024049AC3F82804C3F87D
:10A140002C1492F82270202F00F2F58007F12408D9
:10A150004645C0F0F080A06B2022002187600C30C3
:10A1600008F0A6F8A06B049B82680C3003F1230171
:10A1700008F0E6F8236893F8CC20920740F1A88213
:10A180002337049AD25D1744F91C8E42C0F0EB8548
:10A19000D3F84890B9F1000F3FF482AEA1680029CE
:10A1A0007FF47EAED86C049B03EB0801D4F8E43056
:10A1B0000093D4F8E030C847E36B002800F05B85DB
:10A1C000012283F8E0217B1C07F102080593049823
:10A1D000059F10F80830C25D43EA022101290A9167
:10A1E00040F3A9807B18DA1C9642C0F0A48011F0DD
:10A1F000010A40F0A0800233C25C511E0F2900F218
:10A200009A8013445A1C9642C0F09580A16B03F1CA
:10A210000307C1F804A010D9BE42C0F08C800344EB
:10A22000825C9B7843EA022A0AF1FF33022B40F258
:10A23000828007EB0A039E427DD1049B56460B9514
:10A240001F440023CDE90633002E00F03F83032E88
:10A2500071D97D883B886DBA5BBAADB29BB205F10E
:10A260000408464567D3232B00F3A181232B5CD838
:10A27000DFE813F05F0145015B005B0051015B000B
:10A280005B005B005B005B00F800D7005B00B10087
:10A290005B005B0088005B005B005B005B005B00B9
:10A2A000790069005B005B005B005B005B005B00AA
:10A2B0005B005B005B005B005B0024000FA801F00B
:10A2C000D7FD2168D1F85490B9F1000F2DD00B6D56
:10A2D0005BB3E36B4FF0010AC3F888A62DB3A36804
:10A2E0001BBB886D2B463A1D0FA9C8478146002825
:10A2F00040F0C584D4F838B012A8DBF808200BF180
:10A300000C01119208F01CF8584601F0B5FD7C22B2
:10A310000FA9A06B08F014F80FA87C21F7F7BCFD7B
:10A32000E36BC3F878A6C3F888964744751B6B1F88
:10A330002E1F022B88D8322202212046B64D02F071
:10A34000C9FEFFF790B8002DF5D1216891F8CD3006
:10A350005B07EAD563694744002BE7D0E36B012232
:10A36000C3F88C26E2E7002DE5D1216891F8CD30C5
:10A370009A07DAD563694744002BD7D0A36B012233
:10A380009A67D3E72168D1F8A4301846002BCCD0C7
:10A39000032DD0DDBB88AA1E5BBA9BB29342CAD103
:10A3A00007F106094744B94500F04E824B4603E0E9
:10A3B00013449F4200F0488213F8012BF91A8A4295
:10A3C000B9D8002AF4D12F2202212046924D02F062
:10A3D00081FEFFF748B8012DB844ACDDBB885BBAFD
:10A3E0009BB29A1C9542A6D1DB07A4D40637B84588
:10A3F00013D9787803F02CF9814658B1387803F0F6
:10A4000031F9824630B10146204603F071F9002847
:10A4100000F058810237B845EBD80123474607932F
:10A4200084E7E06BD0F8843643F00103C0F884364B
:10A43000002D80D039794B1C9D427FF47CAF0029E0
:10A440003FF473AF3A1D05E0C2F104033B44CB4235
:10A450003FF46BAF12F8013F012BF5D84744C0F829
:10A460005C3163E7012D7FF766AFB7F804B09BFA64
:10A470009BFB1FFA8BF2931C9D427FF45CAFD007CD
:10A480003FF559AFD4F83CB0DBF8B431002B7FF482
:10A4900052AF53080421099201330C2B9A460893BA
:10A4A00028BF4FF00C0A504607F01EFF8146DDE939
:10A4B0000832002800F05F84CBF8B40107F1060BE6
:10A4C000002A3FF432AF012B7FF62FAF0BEB0203D4
:10A4D000089454469A4601E0012C0DD9BBF80000BF
:10A4E00040BA80B2F0F70CFE10B1013C49F8040B01
:10A4F0000BF1020BD345EFD1089C474416E7012D21
:10A500007FF461AF3B79042B3FF65DAFA26B47440C
:10A5100082F870300AE7002D7FF40DAF21684744C0
:10A5200091F8CD3059067FF501AFA36B01225A6730
:10A53000FCE62168D1F82C90B9F1000F3FF4F5AE9C
:10A54000012D7FF7F8AEB88840BA80B2831C9D42D7
:10A550007FF4F1AE022807F1060240F233838E4603
:10A5600009E0C3F1FF23624403F57F03FD33184480
:10A57000022840F22783B2F801305BBA9BB203F1A4
:10A58000030C84453FF6D7AE11780029E9D1033298
:10A59000DEF830002146C84700283FF4C6AE7022DE
:10A5A000022120461C4D02F095FDFEF75CBF4FF6E0
:10A5B000017293427FF4B9AEA368002B00F0E680ED
:10A5C000D4F8EC305A1C954240F081833A7993429A
:10A5D00040F07D8300228DF833209BB10533791D37
:10A5E00004F1FC0007EB030C11F8012B10F8013B00
:10A5F000614582EA03029DF8333043EA02038DF895
:10A600003330F1D19DF83330002B40F060830123CB
:10A61000474406938AE600BF0087FFFF00230A2213
:10A6200019461E460E93FFF7C3BA21680022D1F8DF
:10A6300084300F92002B00F0B580D1F89030002BC1
:10A6400000F0B080E06B01F188027C310430EFF75C
:10A650009FF80546002840F03481E56B05F10800BD
:10A66000E9F788FC23680146281DDD69D4F8C0207D
:10A6700001959B690093D4F8C8301A440FABEEF7EC
:10A68000F1FF0546002840F01C81D4F8C8300F9A2D
:10A69000D4F8C0101A44CD18C4F8C820B17AFEF717
:10A6A000B5BF0423C4F8C830FEF7AABFD4F8A06031
:10A6B000A2E492F8C9209042C8BF62611EE51D461F
:10A6C000FEF7D1BE52464946E06B01F0F3FBA1E62E
:10A6D00007F1230305937AE51F46FFF7F9BAA2684D
:10A6E000A06BA2B9826892B125682A6A7AB1014644
:10A6F000A86A9047E36B20B90122C3F87826FFF7D8
:10A700004DB9D3F87826002A7FF448A9A06B626877
:10A71000D3F8883601326260002B40F08C802368C9
:10A72000202200F10C018260D3E90650A8470546BB
:10A7300000283FF43CA9FEF796BE10F8011F00293F
:10A740007FF4F0ABFFF7FCBB3A460FA92046FEF7BB
:10A75000DDFC054600287EF486AE0F9B9F427FF409
:10A760008BAB23684FF40972E06BD9690191996949
:10A7700000F58263009100F254410430EFF7A0F835
:10A7800000283FF41FAB7E4DFEF76DBE012D40F05B
:10A790009E823B79002B40F09A824744C4F8E850EF
:10A7A0000695C3E5774D0023C4F8C830FEF75BBEBD
:10A7B00002220027FFF733B9936E002B7FF496AB8C
:10A7C0005B68FFDE906E00287FF47DABFFF77CBBFB
:10A7D00023685F6F3868002800F081824FF000081E
:10A7E00002F048FF064678B10146204602F04AFFD3
:10A7F00050B908F10403A84488F8026088F803A05F
:10A80000EE5488F805B0984657F8040F0028E7D1B1
:10A810004FEA182308F1090A89F8088089F80730F7
:10A8200008F1020308F10A081D44FFF720BAC4F832
:10A830008030FFF7E1BB002120220C3040F8041CDF
:10A8400007F036FDFFF7B3B8016829B308963E4616
:10A8500009950F460546384607F026FDB145834663
:10A8600016D0C84602E0D044464511D018F801ABD6
:10A87000D345F8D15A463946404607F039FD0028FD
:10A88000F1D13946099D3746089EC4F8DC104DE5E4
:10A8900055F8047F002FDED17822022120463A4D60
:10A8A00002F018FCFEF7DFBD00970FAF2B460EAA93
:10A8B00020463946019604F0F9FD054600283EF48D
:10A8C000D0AE15F5CA4F3EF4CEAD6CE7059E6FF0E5
:10A8D0000101049B02360B9D0A9833441E46C91A97
:10A8E0000233049303E00233CA1890420ED913F8DE
:10A8F000022C562AF7D113F8017C002FF3D12368DC
:10A90000616993F8C9309942C0F22682079B002BF7
:10A9100000F0C1816FF00101049B0A98891B13F8B4
:10A92000022C22B913F8012CFF2A00F0C081023357
:10A93000CA189042F3D8D4F8E810012900F0F18148
:10A94000236893F8CC2002F03002202A00F0BF8167
:10A95000A068012800F0B381626953F82280D8F81A
:10A960000000002800F0F0810A9B0021A246059516
:10A9700003F1FF39049B29F001099944049E0BE07F
:10A980000083FFFF008FFFFF0087FFFF4E4500F0B1
:10A99000B4800236D8F8000016F8022CC0F3072362
:10A9A0009A42F3D116F8012CC3B29A42EED1FCF7C9
:10A9B0007DFE074600283FF46CAADAF814300269DD
:10A9C0009A427DDC826993427ADCDAF8003093F8AF
:10A9D000CC309D0702D5037F5C0771D43846FCF765
:10A9E00097FE40B1DAF83C30D3F8B431002B67D091
:10A9F0001B68002B64D03846FCF798FE28B1DAF8C3
:10AA00000030DA6B002A00F02181DAF81430032BD1
:10AA10004AD03846FCF75CFEDAF83C300546D3F8FD
:10AA2000C841002C00F0C380002800F0BD804FF02A
:10AA3000000B20682946BC30F5F7BCFB002852D03B
:10AA40000FAB01223946206802F062FE00284AD18D
:10AA5000042D37D0DAF81430022B5FDC236893F82A
:10AA60002831042B5AD0BBF1000F08BFA346A468BD
:10AA7000002CDED15446059DDA46E36BC3F8C0A135
:10AA8000D8F80020A36BE16C1A60D4E900230F60B2
:10AA900092F8CC200133900763607EF5E4AC204649
:10AAA00002F050FFFEF7DFBC3846FCF723FE0146FC
:10AAB0000028AED0DAF83C0001F0F2F90028A8D165
:10AAC000012163E7DAF83C30D3F8B4212368D3F8E6
:10AAD000C0301978136833B11B788B42BAD052F862
:10AAE000043F002BF8D1A468002CA2D1BBF1000FC9
:10AAF000E6D05446059DDA46BFE758F8040F002813
:10AB00007FF43CAF5446002900F01E812822022128
:10AB100050469D4D02F0DEFAFEF7A5BC5346059D5A
:10AB2000A2461C46A9E7D4F8A030AB42C0F0D980B9
:10AB3000D05D02F097FD0646002800F0D280236F1A
:10AB40002046D95D02F09EFD002840F0CA80236FA8
:10AB5000042E3B440CBF0DF14C080DF13C08587815
:10AB600002F076FD0146002800F0BB80A36BD86D93
:10AB7000BC30F5F71FFB002800F0B3800023FEF780
:10AB800059BEB3F804C0D4F83CE09CFA9CFCDEF853
:10AB9000D8011FFA8CFC84457FF485A90CF10100D3
:10ABA000CEF8D801FFF75BBA059D544668E7002848
:10ABB000FAD0DAF800309C6E002C7FF438AF7FE7D3
:10ABC000724DF0E500283FF4B0ABFFF7FCBBCE6E52
:10ABD000002E7FF45AA837463346FFF779B8002392
:10ABE00004F1FC0188F80730D4F8EC305B00013345
:10ABF00088F80830D4F8EC305B0088F8093008F1A8
:10AC00000A03D4F8EC20184607F09AFBD4F8EC209D
:10AC1000034604F1F0011344184607F091FBD4F801
:10AC2000EC2003461344FEF7F7BE38B10146E06B53
:10AC300001F036F9064600287FF436AE544DB2E5F1
:10AC4000064624230DF13C08FEF7F4BDD3F894200A
:10AC5000002A3FF435AFD3F89C20002A3FF430AFF0
:10AC6000D3F8A020002A3FF42BAFD3F89830002B64
:10AC70007FF4CBAE24E783F8E001FFF7A4BA0FA876
:10AC800001F0FAF8FFF751BBDCF86830002B7EF4D6
:10AC9000F7AC404D87E50421204602F029FDB0FACB
:10ACA00080F040098100E06B01F012F932E6A36800
:10ACB000012B0CD00123C4F8E83023684CE60029AE
:10ACC0007FF44AAE1AB1069A002A3FF445AE282214
:10ACD00002212046304D02F0FDF9FEF7C4BB80464C
:10ACE00096E52E4DFEF7BFBBD4F8C8503046D4F8D9
:10ACF000C0906B1CC4F8C83002F0BCFC09F8050019
:10AD0000D4F8C8504046D4F8C0806B1CC4F8C83092
:10AD100002F092FC08F80500FEF7A7BC204DFEF7F4
:10AD2000A2BBA368012B02D1069B002BCFD02368C6
:10AD300012E64622022120461A4D02F0CBF9FEF718
:10AD400092BB194DFEF78FBB2822022120460F4DE2
:10AD500002F0C0F9FEF787BB022120460E4D02F03B
:10AD6000B9F9FEF780BB4622022120460A4D02F0C7
:10AD7000B1F9FEF778BB5022022120460B4D02F0BC
:10AD8000A9F9FEF770BB00BF8096FFFF808CFFFF24
:10AD90000094FFFF008AFFFF0087FFFF8082FFFF14
:10ADA000008CFFFF8091FFFF8083FFFF0081FFFF8A
:10ADB00070B50446C06B0D46164600F50270F4F7F8
:10ADC0004DF9E06B3246294600F51870FAF788FA1B
:10ADD000E06B3246294600F52F70FBF739F8E06B3F
:10ADE0003246294600F54A70BDE87040FCF7D8B8F5
:10ADF00070B50446C06B0D46164600F50270F4F7B8
:10AE00002DF9E06B3246294600F51870BDE8704018
:10AE1000FAF766BA30B5AFB005460C4601A8F3F7AD
:10AE2000A9FD17A8F9F7F4FAE96B01A801F5027179
:10AE3000F3F7AAFDE96B17A801F51871F9F7F2FA13
:10AE4000214601A8F4F74EF904F1100117A8FAF70A
:10AE50008BFA01A8F3F792FD17A8F9F7DDFA2FB0E6
:10AE600030BD00BF2DE9F041876BBCB004460D46F4
:10AE70001646002F3CD00FA84FF02408F3F77AFDB8
:10AE800025A8F9F7C5FAE16B0FA801F50271F3F7F0
:10AE90007BFDE16B25A801F51871F9F7C3FA154B95
:10AEA000154A06A90FA8002E08BF1A460592F4F706
:10AEB00019F90AA925A8FAF757FA01950C21E36BAD
:10AEC000059A07F12C0002913021CDF80080D3F8CB
:10AED0000C4406ABA0470FA8F3F750FD25A8F9F7DF
:10AEE0009BFA414606A8F6F7D7FF3CB0BDE8F081D3
:10AEF000476BC0E71062002020620020C06B00F5A5
:10AF00002F70FAF7A5BF00BF30B59DB005460C46BF
:10AF100001A8FAF777FBE96B01A801F52F71FAF7A1
:10AF20007BFB214601A8FAF7D7FF01A8FAF76EFBD1
:10AF30001DB030BD2DE9F041876BAAB004460D4627
:10AF4000164667B30FA84FF02008FAF75BFBE16BDA
:10AF50000FA801F52F71FAF75FFB124B124A07A9F0
:10AF60000FA8002E08BF1A460592FAF7B5FF019503
:10AF70000C21E36B07F12C00059A02913021CDF8EA
:10AF80000080D3F80C4407ABA0470FA8FAF73EFBAC
:10AF9000414607A8F6F780FF2AB0BDE8F081476B6D
:10AFA000D0E700BF1062002020620020C06B00F5D7
:10AFB0004A70FBF7F5BF00BF30B5B7B005460C4689
:10AFC0006846FBF7D9F9E96B684601F54A71FBF76A
:10AFD000DDF921466846FCF733F86846FBF7D0F9FF
:10AFE00037B030BD2DE9F041D0F83880C8B0044604
:10AFF0000E461746B8F1000F2AD012A83025FBF7ED
:10B00000BBF9E16B12A801F54A71FBF7BFF9124BCE
:10B01000124A06A912A8002F08BF1A460592FCF78B
:10B020000FF801960C21E36B08F12C00059A0291B0
:10B0300029460095D3F80C4406ABA04712A8FBF7AD
:10B040009FF9294606A8F6F727FF48B0BDE8F0812A
:10B05000D0F83480D1E700BF1062002020620020C9
:10B0600000487047808FFFFF00487047808FFFFFC8
:10B07000C26B0346416CD2F8FC01814231D010B45E
:10B08000D3F8B04083B05864EC46C2F8FC11206895
:10B090006168ACE80300D2F80002D2F804126A46F4
:10B0A00020606160DC6B03CAC4F80002C4F80412BB
:10B0B0005A6C72B1596901290BDDD2E90310D3F83A
:10B0C000BC20091A0A44C3F8C02003B05DF8044B41
:10B0D0007047D3F8BC20C3F8C02003B05DF8044B20
:10B0E000704770472DE9F04FB7B004468A469B463B
:10B0F00003A80192DDE94285F3F770FA2046F3F7E1
:10B1000061FA00287AD00746F3F7EEFA044658466B
:10B1100007F0CAF8419B00EB0409064609EB03025D
:10B12000802A69D816AB5946024603EB040B5846F1
:10B1300007F006F916ABDDE9401203EB090007F052
:10B14000FFF83946012203A8F3F790FA074618B131
:10B15000384637B0BDE8F08F419B5146019A03A8AD
:10B160001E44F3F7F9FA594603A83246F3F762FB97
:10B1700016A903A8F3F772FB002D3AD02644B9466E
:10B180000DF1180A03A8F3F799FB324616A903A894
:10B19000F3F750FB514603A8F3F760FB03A8F3F75E
:10B1A0008DFB224616A903A8F3F744FB16A903A8B2
:10B1B000F3F754FB4846A1442246A94503D9B5FB01
:10B1C000F4F204FB1252514640440AB107F0B8F8B9
:10B1D000A945D7D303A8F3F707FA16A88021F6F7F5
:10B1E0005BFE50464021F6F757FE384637B0BDE8C3
:10B1F000F08F0DF1180AEDE7014FA9E7014FA7E71E
:10B20000008FFFFF0094FFFF10B584B00093069BF2
:10B21000079C019313460A4601460898029403903E
:10B220000620FFF75FFF04B010BD00BF10B584B06B
:10B230000093069B079C019313460A460146089813
:10B24000029403900720FFF74DFF04B010BD00BF2C
:10B250002DE9F04F2DED028BABB093461E46369F85
:10B26000CDE9000102A8DDE93745F3F7B7F9584603
:10B2700007F01AF800EB070A0AF11408B8F1800F7A
:10B2800000F2E4808146024659460FA807F058F8BC
:10B290000AAB09F1140031463A46184407F050F859
:10B2A0000320F3F78FF90146002800F0D180012236
:10B2B00002A8F3F7DBF9074628B138462BB0BDECFE
:10B2C000028BBDE8F08F019B02A8009903F1010BEE
:10B2D0004FEA5B031A4608EE103AF3F73DFA0FA95E
:10B2E000524602A8F3F7A6FA0BA902A8F3F7B6FA9A
:10B2F0009DB3BB4605AE0AF1100705F00F0906E045
:10B30000002A08BF012207F01BF8AB4525D202A88E
:10B31000F3F7D4FA3A460BA902A8F3F78BFA3146B1
:10B3200002A8F3F79BFA02A8F3F7C8FA10220BA9B8
:10B3300002A8F3F77FFA0BA902A8F3F78FFA584691
:10B340000BF1100B102231462044AB45D8D94A46A8
:10B35000B9F1000FD4D1AB45D9D302A8F3F744F922
:10B360000420F3F72FF90146002871D0012202A82A
:10B37000F3F77CF9074600289FD1019B18EE102AAD
:10B3800002A8991A009B0B441946F3F7E5F90FA997
:10B39000524602A8F3F74EFA0AA902A8F3F75EFA9A
:10B3A000002D51D02B4B64423895BA46A3FB05398A
:10B3B00005AE4FEA191909EB8909A5EB89094D4634
:10B3C000DDF8E09002A80AF1140AF3F777FA424692
:10B3D0000AA902A8F3F72EFA314602A8F3F73EFABB
:10B3E00002A8F3F76BFA14220AA902A8F3F722FACB
:10B3F0000AA902A8F3F732FACA4521D84FF0140C73
:10B40000634231461A7811F8010B424003F8012BD0
:10B41000E2189445F6D8CA45A4F11404D2D302A880
:10B42000F3F7E2F80AA88021F6F736FD304614213A
:10B43000F6F732FD38462BB0BDEC028BBDE8F08F3D
:10B44000002DE8D0AC46DBE705AEE8E7024F34E775
:10B45000024F32E7CDCCCCCC008FFFFF0094FFFF32
:10B4600070B5044682B00D4668B1C06D20B105F0DC
:10B47000B9FDE06D06F04CFF606E06F049FF7C21DF
:10B480002046F6F709FD7C222946204606F058FFA3
:10B49000EB6D83B14FF49A71012006F025FFE06552
:10B4A00018B305F099FDEB6DE06DD3E9012105F0CE
:10B4B00007FE064688B96E6E66B1AA6E0120114677
:10B4C000019206F011FF606678B1019A0026696E5C
:10B4D00006F036FF304602B070BDE06D06F018FF92
:10B4E00000233046E36502B070BD014EF2E700BFB5
:10B4F0000081FFFF4FF48472002106F0D9BE00BF27
:10B5000090F8CC3061F3000380F8CC30704700BF76
:10B5100090F8CC3061F3410380F8CC30704700BF25
:10B5200090F8CC3061F3830380F8CC30704700BFD3
:10B53000C0E90D12704700BFC0E90612704700BF96
:10B54000C0E90412704700BFC0E90723009B816275
:10B5500043627047C0F8A810704700BF0165C0E99A
:10B56000152342B1084610B4144600222346114662
:10B570005DF8044B18477047C0E9141283657047A3
:10B58000C0E91712704700BF90F8CD3061F3C303D4
:10B5900080F8CD30704700BFC0F8C010704700BFC2
:10B5A000C0E92B12704700BF8162C0E908237047D1
:10B5B00098B191B110B50446806B60B1236893F8DF
:10B5C000CC30DB0707D4FFF74BFF18B9E36B012240
:10B5D000C3F8782610BD024810BD0148704700BF6F
:10B5E000008FFFFFC0E90011C0E90211704700BFE2
:10B5F000032A03D1032B98BF40F82310704700BFE4
:10B6000041667047C0E91B12704700BF70B5044621
:10B610000E4601200C21154606F066FE78B1002288
:10B62000A36EC0E90065826033B11A469B68002BA7
:10B63000FBD19060184670BDA066184670BD014BE6
:10B64000F8E700BF0081FFFF002B18BF00292DE99C
:10B65000F047089E43D0202A154640D89946330C1F
:10B660003DD1B6F5205F94BF00270127BFBB04463C
:10B67000D0F894008A4648B1D4F89810F6F70CFC3C
:10B68000D4F8940006F044FEC4E92577D4F89C0071
:10B6900020B106F03DFE0023C4E9273329460120EE
:10B6A00006F022FE0746C4F89400D0B131460120CE
:10B6B00006F01AFE8046C4F89C0090B151462A4616
:10B6C0003846C4F89850C4F8A06006F039FE3246F7
:10B6D0004946404606F034FE0020BDE8F0870848A1
:10B6E000FBE7384606F014FED4F89C0006F010FE86
:10B6F00000230448C4F89430C4F89C30EDE700BF40
:10B70000008FFFFF0081FFFF81B32DE9F041C56B82
:10B7100006464DB3202A144694BF4FF000084FF060
:10B720000108B8F1000F1FD1D5F8B8010F4658B184
:10B73000D5F8BC11F6F7B0FBF36BD3F8B80106F0FF
:10B74000E7FDF56BC5F8BC812146012006F0CCFD74
:10B75000C5F8B80160B122463946C5F8BC4106F0CB
:10B76000EFFD0020BDE8F0810248FBE7014870478B
:10B770000148F7E7008FFFFF0081FFFFC0E90F12CC
:10B78000704700BFF8B50C4600F17C071646054629
:10B79000102122463846E9F747F848B9883532463D
:10B7A00010212846E9F740F8044618B92046F8BDAC
:10B7B000044688353846E8F7B7F92846E8F7B4F97B
:10B7C0002046F8BDF8B500F17C0705461E46384610
:10B7D000E8F7D6FB48B98835069A31462846E8F797
:10B7E000CFFB044618B92046F8BD044688353846D4
:10B7F000E8F79AF92846E8F797F92046F8BD00BF20
:10B80000F8B500F17C0705460E4604313846E8F7E6
:10B810000DFA48B9883506F110012846E8F706FA0E
:10B82000044618B92046F8BD044688353846E8F77E
:10B830007BF92846E8F778F92046F8BDC0F8C4102F
:10B84000704700BF8167704741677047F8B504468D
:10B8500021B308460D4606F027FDFF28064630D8DE
:10B86000D4F8D87057B1384606F01EFD0146384668
:10B87000F6F712FBD4F8D80006F04AFD711C01203F
:10B8800006F032FD0746C4F8D800E0B1324629463A
:10B8900006F056FD00231846BB55F8BDD0F8D85029
:10B8A00055B1284606F000FD01462846F6F7F4FAA1
:10B8B000D4F8D80006F02CFD00231846C4F8D83080
:10B8C000F8BD0248F8BD0248F8BD00BF008FFFFF79
:10B8D0000081FFFF0346012070B50D460C21144680
:10B8E000DE6B06F001FD88B100238360D6F8C83115
:10B8F000C0E9005433B11A469B68002BFBD190601D
:10B90000184670BDC6F8C801184670BD004BF7E771
:10B910000081FFFFC36BC3E973127047C36BC3F8A9
:10B92000C4117047C0E90B12704700BF2DE9F04108
:10B93000804608680F4690B10D4600244FF6FF760A
:10B9400004E0B44208D855F8040F40B106F0ACFC4E
:10B95000431E0444FE2BF4D90348BDE8F0810020C7
:10B96000C8F8A470BDE8F081008FFFFFD0F8DC00BC
:10B97000704700BF80F8C81080F8C920704700BF2A
:10B9800080F8CA1080F8CB20704700BF90F8CE3006
:10B9900061F3000380F8CE30704700BF90F8CD30DF
:10B9A00061F3410380F8CD30704700BF90F8CD308F
:10B9B00061F3820380F8CD30704700BF90F8CE303D
:10B9C00061F3410380F8CE30704700BF042903467D
:10B9D00010D84A1E032A07D9B3F8CC20002061F3FF
:10B9E0008812A3F8CC207047034850F82220B2F503
:10B9F000205FF1D901487047441E0020008FFFFFEF
:10BA000090F8CD3061F3861380F8CD30704700BFD9
:10BA100090F8CD3061F3041380F8CD30704700BF4B
:10BA200090F8CD3061F3C71380F8CD30704700BF78
:10BA300090F8CD3061F3451380F8CD30704700BFEA
:10BA400090F8CC3061F3051380F8CC30704700BF1C
:10BA5000C0F8B410704700BF0A684B68C0F8B8203F
:10BA6000C0F8BC30704700BFD0F8A830012B11D00F
:10BA7000036893F8CC309B0705D5D0F88020D0F828
:10BA800088309A420BD8D0F8A0302BB9436F003BD6
:10BA900018BF012318467047C26F9342F6D20123A4
:10BAA00018467047436F0BB1C06F70471846704718
:10BAB000436B0BB1186E7047836B002BFAD14FF0BC
:10BAC000FF30704720B1436B13B11868FBF736BEE7
:10BAD00000207047036893F8CC3013F0020F4369DD
:10BAE00007D0022B0DD0084A0848032B08BF104688
:10BAF0007047032B03D8064A52F8230070470548C5
:10BB000070470548704700BF3C6200204862002033
:10BB1000FC1D0020004F002030620020436CC3B1A8
:10BB2000196DA1B14A78022A0DD0063A022A0ED820
:10BB30009B68026892F8CC2012F0020F0CBF05221D
:10BB40000D22981870475B694A691344F1E705486C
:10BB50007047036893F8CC3013F0020F0CBF052038
:10BB60000D2070470094FFFF0368B3F8CC30C3F397
:10BB70008213013B032B11D80B4A52F82330026B7E
:10BB800052B192F87020013A032A0AD8064951F8B6
:10BB90002220934228BF1346184670474FF4205383
:10BBA000EDE74FF42052F4E7441E002010B1406B43
:10BBB00000B1C06D704700BF0346084643B139B1BC
:10BBC000596B29B11B6893F8CC30DB0700D447E4EC
:10BBD00000487047008FFFFF08B3036810B50446A4
:10BBE000DBB16368102B16D02368B3B193F8CC3067
:10BBF000DA0705D52046FDF705FC0028F1D010BD79
:10BC00002046FBF733FE236893F8CC30DB07F1D4F2
:10BC10000028E6D0F3E7002010BD024810BD01481F
:10BC2000704700BF008FFFFFB0B1036810B5044636
:10BC300083B193F8CC30DA0704D52046BDE8104034
:10BC4000FDF7E0BBFBF712FE236893F8CC30DB076F
:10BC5000F3D410BD014810BD00487047008FFFFFAE
:10BC6000D022002106F024BB2DE9F0430D461646F4
:10BC70001F4601F0010102F0010390F8CC20C3B08F
:10BC8000044622F0030241EA4301114380F8CC103C
:10BC9000002D43D14FF0FF334F4AD0F8CC10C0F8FD
:10BCA000BA30A0F8BE3042644C4B4D4A83640A401F
:10BCB0004C4BA0F8B85013434FF47A72C0F8CC3014
:10BCC0001023C0F8AC204EF66022C0E92C23022FCE
:10BCD00063D0012E40F203314FF003024FF0000811
:10BCE0000CBF02230123A4F8C81084F8CA2084F8EA
:10BCF000CB30FBF793FC3C4B3C4A63676266C4E97C
:10BD00000200C4E90000EFF7CBF94FF48063A067AD
:10BD1000C4F8C430404643B0BDE8F0832E4B012D3B
:10BD2000D0F8CC2043642D4B8364314B43EA0203AB
:10BD30004FF47A72C0F8CC304EF66023C0E92B2362
:10BD40004FF01003C0F8B4304FF00003A0F8B83043
:10BD50004FF0FF33C0F8BA30A0F8BE30B7D14FF47F
:10BD60008072244900F17C0902A806F0E9FA022356
:10BD700002A94FF4807248468DF80430E8F700F9C4
:10BD80008046F8B92A4604F1880501A92846E8F753
:10BD9000F7F8804600289AD016E0174B4FF0033092
:10BDA0004FF000081549164AC4F8C80040466166BD
:10BDB000C4E90233C4E90033124BC4E91D2343B084
:10BDC000BDE8F08304F188054846E7F7ADFE284654
:10BDD000E7F7AAFE9EE700BF61B0016069B00160AD
:10BDE000F361FDFF089E0200C87C002050EC026059
:10BDF000001E0200F01C0020E07C002060EC0260CD
:10BE0000F07C0020EC7C002038B505467C30E7F75C
:10BE10008BFE05F18800E7F787FED5F8940050B156
:10BE2000D5F89810F6F738F8D5F8940006F070FABF
:10BE30000023C5E92533D5F89C0050B1D5F8A010F2
:10BE4000F6F72AF8D5F89C0006F062FA0023C5E957
:10BE50002733AC6E2CB12046A46806F059FA002CAA
:10BE6000F9D12846D021BDE83840F6F715B800BF13
:10BE70007C22002106F01CBA88B110B50446C06DC2
:10BE800020B105F0AFF8E06D06F042FA606E06F002
:10BE90003FFA20467C21BDE81040F5F7FDBF704712
:10BEA000012905D0042901D140787047002070474E
:10BEB00000787047012906D0042903D1437803B9DB
:10BEC0004270704770470378002BFAD102707047B8
:10BED00001704170704700BFB0B110B504465030DA
:10BEE000EBF7B2FE04F19000EBF7AEFE04F1380080
:10BEF000F2F77AFB04F14400F2F776FB2046D021FA
:10BF0000BDE81040F5F7C8BF704700BF70B5C66BFD
:10BF1000002E4AD006F50270F2F730FD06F51870D3
:10BF2000F8F77AFA06F52F70F9F770FB06F54A7004
:10BF3000FAF726FA301DEDF7BDFD06F18000EDF7AA
:10BF4000E3FED6F8B40106F0E3F9D6F8B80138B14B
:10BF5000D6F8BC11F5F7A0FFD6F8B80106F0D8F96D
:10BF6000D6F8C8412CB12046A46806F0D1F9002CBF
:10BF7000F9D1D6F8DC0106F0CBF9D6F8E40106F0E9
:10BF8000C7F9D6F8F0414CB12546E468286806F0B8
:10BF9000BFF9284606F0BCF9002CF5D130464FF425
:10BFA000D261BDE87040F5F777BF70BDF0B5C56CE4
:10BFB00083B004469DB105F15000EBF745FE05F155
:10BFC0009000EBF741FE05F13800F2F70DFB05F1AB
:10BFD0004400F2F709FBD0212846F5F75DFFA56B79
:10BFE0006DB1E86D20B104F0FDFFE86D06F090F949
:10BFF000686E06F08DF97C212846F5F74DFFE36B5E
:10C0000013B12046FFF782FFE36C002B7CD0A36BBB
:10C01000002B00F08280E36B002B00F08780E26C45
:10C02000002A00F08D80A06B002800F089807C221F
:10C03000002106F03DF9E56CD0220021284606F0EB
:10C0400037F905F15000EBF7FBFD05F19000EBF738
:10C05000F7FD05F13800F2F7C1FA05F14400F2F7F7
:10C06000BDFAE56B4FF4D262002105F5027605F5C5
:10C070001877284606F01CF93046F2F77BFC384664
:10C08000F8F7C6F9304605F52F76F2F783FC384607
:10C09000F8F7CEF93046F9F7B5FA00213046002618
:10C0A000F9F7C0FA05F54A700190FAF765F9012130
:10C0B0000198FAF771F92A4B281D2E70C5F8003443
:10C0C0006E70EDF79DFA05F18000EDF717FE23681D
:10C0D000032293F8CC30C5F8C4219A0711D55B0030
:10C0E000E26B616C03F00203C2F8FC1182F8EC31E0
:10C0F000636D33B1206D324631469847304603B008
:10C10000F0BD002003B0F0BDD021012006F0ECF816
:10C11000A36BE064002B7FF47EAF7C21012006F04E
:10C12000E3F8E36BA063002B7FF479AF4FF4D261A7
:10C13000012006F0D9F80346E06300287FF46FAFD2
:10C14000184606F0E5F8E06C06F0E2F8A06B06F0A1
:10C15000DFF800230348E363E364A363D2E700BF8F
:10C16000B1AD01600081FFFFF8B504460F46012024
:10C1700042F64D11276006F0B7F8E065002842D07E
:10C18000064642F64D11012006F0AEF80546C4F809
:10C19000AC0090B397F8CC3013F0020F00F10D0310
:10C1A00019D100F108020B3506F10801C4F8C030BE
:10C1B000C4F8B42006F10B02C4F8B000C4E92E5351
:10C1C00006F10D03C4E9186120462367C4E91A2368
:10C1D000BDE8F840EAE6C21C0B35F11CC4F8C030DB
:10C1E000C4F8B02006F10B02C4F8B400C4E92E5321
:10C1F000C4E9181606F10D03E6E7304606F088F8A4
:10C200000248E565F8BD0148F8BD00BF0081FFFFA9
:10C210000022436D70B504460D46426013B11146CD
:10C22000006D9847E26D00230D32C4F8EC30C4F87D
:10C23000F030C4F8F430C4F8F830C4F8FC30C4F876
:10C240000031C4F80431C4F8E830C4E90233C4E969
:10C250001C23C4E91E330DB9C4F88050002000210E
:10C260000023C4E92401C4E92601D4F8AC00C4F8D1
:10C27000883000F10D02A4F88430C4F8A830C4F866
:10C28000C02094F9D020C4F8CC30C4E92833C4E9E4
:10C2900031330AB184F8D030002142F64D12C4E99E
:10C2A000101106F005F8002D37D0A66CC6B106F1C6
:10C2B0005000EBF7C9FC06F19000EBF7C5FC06F166
:10C2C0003800F2F791F906F14400F2F78DF9D02128
:10C2D0003046F5F7E1FDA06C06F01AF80023A364E0
:10C2E000666B96B1F06D20B104F07CFEF06D06F047
:10C2F0000FF8706E06F00CF87C213046F5F7CCFD97
:10C30000606B06F005F8002363630023C4F8DC309B
:10C3100055B12046BDE8704048E642F64D12294628
:10C32000E06D05F0C5FFC0E7D4F8E00005F0F0FFD0
:10C330002046C4E93855BDE8704037E6002167E77C
:10C3400010B50446FFF732FE80B9236893F8CC306D
:10C350009A0702D5A268032A09D0002201232046A9
:10C36000C4E90123BDE81040FFF736BC10BD13F04F
:10C37000010F4FF00102E36B14BFC3F8D421C3F8DF
:10C38000D821EAE7002800F08F8038B50446D0F8BD
:10C39000AC0038B142F64D11F5F77EFDD4F8AC0093
:10C3A00005F0B6FFE06D30B142F64D11F5F774FDC2
:10C3B000E06D05F0ADFFA56CB5B105F15000EBF7F0
:10C3C00043FC05F19000EBF73FFC05F13800F2F774
:10C3D0000BF905F14400F2F707F92846D021F5F7EB
:10C3E0005BFDA06C05F094FFE36B8BB32046FFF779
:10C3F0008DFDE56C9DB105F15000EBF725FC05F1D5
:10C400009000EBF721FC05F13800F2F7EDF805F1AB
:10C410004400F2F7E9F8D0212846F5F73DFDA56B79
:10C420006DB1E86D20B104F0DDFDE86D05F070FF41
:10C43000686E05F06DFF7C212846F5F72DFDE06B59
:10C4400005F066FFE06C05F063FFA06B05F060FF90
:10C45000656B85B1E86D20B104F0C4FDE86D05F0B1
:10C4600057FF686E05F054FF28467C21F5F714FD50
:10C47000606B05F04DFFD4F8D85055B1284605F053
:10C4800013FF01462846F5F707FDD4F8D80005F05C
:10C490003FFFD4F8E00005F03BFF20464FF48471E5
:10C4A000BDE83840F5F7F8BC704700BF8368C26B41
:10C4B000012B70B50446D2F8786603D1022200231E
:10C4C000C0E90223656B9DB1AA6FA36BE86D9A6703
:10C4D00020B104F087FDE86D05F01AFF686E05F0E5
:10C4E00017FF28467C21F5F7D7FC606B05F010FF9D
:10C4F00000222368A16BC4E90D125A6A1AB1886838
:10C5000008B1002E3AD093F8CC309B070DD5E36BE1
:10C51000D3F8F0314BB1636D63B30022206D114647
:10C52000984763680133636070BD2046FFF7EEFCF7
:10C53000E06B05F0EDFE0023A56CE363B5B105F1FA
:10C540005000EBF781FB05F19000EBF77DFB05F167
:10C550003800F2F749F805F14400F2F745F82846AB
:10C56000D021F5F799FCA06C05F0D2FEE26C002317
:10C57000C4E9122363680133636070BD986A904711
:10C580002368C0E710B50446C06B00F50270F2F7EF
:10C5900001FAE06B00F51870F7F74AFFE06B002135
:10C5A00000F52F70F9F73EF8E06B012100F54A70B5
:10C5B000BDE81040F9F7F0BE2DE9F04F836BD9B01C
:10C5C000C76C054604933B68C46B187AEBF70AFB0B
:10C5D000002800F0FA813B688046587AF1F7F2FFB4
:10C5E0000690002800F0F1816B69022B29DCDFF84E
:10C5F000E8A2B44AB44BC4F80834D4F87836C4F886
:10C600000424C4F80CA423BBEB6BD3F88C26012ABA
:10C6100000F06481049B04F25449D4F8101404F22D
:10C6200014462C33A94A48460593019330230293BC
:10C63000402300933346D047034630B90DF1600ADA
:10C640006EE1032B00F09381A14B184659B0BDE871
:10C65000F08F049B04F214460DF1600A04F2544971
:10C660002C330593B4460DF1200BDCF800000CF1DF
:10C67000100C5CF80C1CDE465CF8082C0BF1100B5F
:10C680005CF8043CCC45AEE80F00EED10DF1400E55
:10C690000DF1200C4FF04009BEE80F0030607160D2
:10C6A000B260F360BEE80F0030617161B261F361A6
:10C6B000BCE80F00C4F83404C4F83814C4F83C24AF
:10C6C000C4F84034BCE80F00C4F8440408A8C4F817
:10C6D00048144946C4F84C24C4F85034F5F7DCFB40
:10C6E0004FF480737B4A3021029333460598CDE99D
:10C6F000009AD4F80C44A04703460028A5D1494627
:10C700003046F5F7C9FBD8F80440E4087C6098F897
:10C71000013003F0FD02082A54D0062B52D0069CAB
:10C72000012207F138002146F1F7A0FF0346002857
:10C730008BD10122214607F14400F1F797FF034610
:10C74000002882D12046F1F7CFFF049B81465B6F22
:10C75000012B14BF02460A227A61D8F80C60FE60F1
:10C7600098F80130072B00F04281049B9B6F012B4E
:10C77000D8F8143000F03D81B2FBF3F203FB023332
:10C780006A69BB60012A05D9023A012A3FF65CAF0B
:10C790003344BB602B680AEB000293F8CC3013F0F3
:10C7A000010F03B240F002817C680AEB430B079251
:10C7B0003A69002A18BF164604EB43020AEB02034B
:10C7C0000493C2E00A2B4FF00C034FF000010CBFA2
:10C7D0000C260426FB6008BF08463B6818BF0820EB
:10C7E00079613E611B7F13F0020F2B6818BF08228E
:10C7F00093F8CC3008BF102213F001030244BA6052
:10C8000000F09C8089460AEB040BCDF810A0CDF80F
:10C8100018A032460BEB040107F1280005F090FD4B
:10C82000A119324607F118005944CDF81CA005F0B3
:10C8300087FD6B69002B7FF707AFB9F1000F40F060
:10C84000A8802B68DC6D3CB1186E4B4601967A6867
:10C85000059900925246A04707F1500441462046F0
:10C86000EBF702FA034600287FF4EFAE903741461B
:10C870003846EBF7F9F9034600287FF4E6AE0123CA
:10C880005946D8F804202046EBF71AFA0346002848
:10C890007FF4DBAE04993846D8F80420EBF710FAA1
:10C8A000034600287FF4D1AE98F80120022A00F058
:10C8B0008E804FF4807150460493F5F7EDFA049B97
:10C8C000C3E600BF15AE016065AE01607062002076
:10C8D0000094FFFF8062002051B201600DF1600AF8
:10C8E000D3F804342846514698476B69032B1DD072
:10C8F0002423D4F8101404F254490093049B4846AE
:10C900003D4A2C3301930593302302935346D4F8C8
:10C910000C64B047034600287FF497AE04F2144637
:10C920004FF409714846F5F7B7FA9BE6EB6C1B68C4
:10C930005B7A072B0CBF30232023DAE79946D346D6
:10C940000AEB0403CDF81CA00493049B324607F1C4
:10C950001800191905F0F4FC049B3119324607F14F
:10C960002800194405F0ECFCCDF818A061E73B68FD
:10C97000224A5B7A2249072B224B08BF9A46224B58
:10C9800018BF9246214A08BF1A46214B08BF0B46E2
:10C9900031E606994A4607F13800F1F7DDFE4A46CE
:10C9A000079907F14400F1F7D7FE4AE77C68069241
:10C9B0000AEB43023E6904EB430304920AEB030BC8
:10C9C000002E7FF426AFFE6823E7124B3DE604906D
:10C9D00004212046EBF79CF938B904213846EBF7DF
:10C9E00097F9049B00283FF464AF03462DE6BA6034
:10C9F000D0E61344C4E600BF5862002009B20160CB
:10CA0000E5AF01602DB20160B9AF016009AF01600F
:10CA100035AF0160008FFFFF4368102B10B504464F
:10CA200007D0C36B8BB1D3F80034D0F8A020016FCE
:10CA30009847236893F8CC309B0706D5E36B23B166
:10CA4000D3F8D8210132C3F8D82110BD38B5C56953
:10CA5000002D47D0D0F8CC20044652B93CE0D4F8A1
:10CA6000CC208242A2EB000238D3C4F8CC20B2B171
:10CA7000E5692068D4F8C83090F8CCC09B1AD4F887
:10CA8000B4101CF0020FA06A0CBF4FF0050C4FF061
:10CA90000D0C63441944A8470028E0DC38BD082287
:10CAA000154607E02368154693F8CC3003F00203DF
:10CAB0009A420FD9691ED4F8B000013A435CD2B251
:10CAC0000133DBB24354002BECD0236893F8CC3015
:10CAD00003F002039D4203D0002038BD024838BD58
:10CAE000024838BD024838BD0094FFFF8094FFFF24
:10CAF000008FFFFF036893F8CC309B072DE9F04FC0
:10CB0000044699B0D0F8C85018D5C76B002F00F074
:10CB1000C28097F8EC31D0F8C460012B02D0162EF9
:10CB200000F0BE8097F8EC31012B04D026F0020310
:10CB3000142B00F01F82F3B2E8B206E0D0F8C43044
:10CB4000162B00F0AD80DBB2E8B2D4F8B42013703D
:10CB5000216891F8CC60D4F8B410B607D4E9043257
:10CB600000F11481DBB2D2B24B702D0A8A70D4F876
:10CB7000B8301D70D4F8B8305870656C002D00F0D6
:10CB8000F280226B002A00F082802B6D002B00F0D7
:10CB90002B82D4F8C8105F78B1F5205F0E4600F202
:10CBA0002982072F00F0FB80022F00F0808107F020
:10CBB000FD03082B01D0062F69D14FF000090DF1BC
:10CBC00030082B68C246D4F8B0701B7F386813F069
:10CBD000020F7968D4F8C4202368D5E903CEAAE807
:10CBE00003008DF8382018BF4FF0080A93F8CC10D6
:10CBF00008BF4FF0100A8807D4E9043200F1E6813B
:10CC0000DBB2D2B28DF83930330A8DF83A208DF884
:10CC10003C608DF83B30EB680C2B38D1BEF1040F33
:10CC200000F0FF81BEF10C0F31D10DF1240BE96949
:10CC30002A6AA8695B4607C37A1E0DF127010737E8
:10CC400012F8010F11F8013FBA4283EA00030B709A
:10CC5000F6D10C22ACEB0E0C434659460CEB060009
:10CC6000C4F8C80005F15000CDF818A00296D4F819
:10CC7000C050039501953544059508AD04950D25E3
:10CC80000095EBF7DBFA18B9089BB3425CD0B848C3
:10CC900019B0BDE8F08FD0F8C460162E7FF44BAF0A
:10CCA000D4F8C0301E78002E00F0BD80E26B002A60
:10CCB000EDD02A1F110C5970110AD4F8C0309970A8
:10CCC000D4F8C030DA70236893F8CC30990732D5A5
:10CCD000D4F8C830C3F52053072B40F28B81D4F829
:10CCE000C0000835011D0C3005F0FAFAE36BD4F8EA
:10CCF000C820D3F8D431D4F8C01008321B0AC4F8C5
:10CD0000C8200B71E26BD4F8C030D2F8D4215A712C
:10CD1000E16BD4F8C020D1F8D4310133C1F8D4315B
:10CD20000023D3801372D4F8C030B3F80110DA783E
:10CD3000A3F80910DA72E36B2A46D4F8C010204633
:10CD4000D3F800349847A5E0D4F8C8305344C4F869
:10CD5000C830B9F1000F9AD1D4F8B820190A11706F
:10CD6000D4F8B820537022682046D4F8C83092F81E
:10CD7000CC2012F0020F0CBF05220D221344C4F880
:10CD8000CC3019B0BDE8F04FFFF760BE022A00F0CA
:10CD900025815242D2B2C3F10103DBB2E4E66369FA
:10CDA000002B7FF774AF0822D4F8B01005F13800DB
:10CDB0000DF13008F1F73EFD606C0322D4F8B41099
:10CDC0003830F1F737FD606C0222D4F8B8103830F3
:10CDD000F1F730FD606CD4F8C820D4F8C0103830BA
:10CDE000F1F728FD606C41463830F1F737FD606C93
:10CDF0003830F1F763FDD4F8C830D4F8C0004146AC
:10CE00001844636C5A6905F09BFA656CD4F8C860E5
:10CE1000062F696931440E46C4F8C81040F0A2805C
:10CE20004FF00109CDE62A1FE8B2110C5970110A22
:10CE3000D4F8C0309970011FD4F8C030D97023687D
:10CE400093F8CC309B0740F1D780D4F8C830C3F5B5
:10CE50002053072B40F2CE80D4F8C0000835011DC6
:10CE60000C3005F03DFAD4F8C830D4F8C0200833AF
:10CE7000C4F8C8301671D4F8C0305E71D4F8C03030
:10CE8000DE801E72D4F8C030B3F80110DA78A3F84F
:10CE90000910DA72236893F8CC309F0740F1A08024
:10CEA000E76BD4F8C460002F7FF43CAE43E6936F89
:10CEB000002B3FF474AF00260023481C0993EA6856
:10CEC000B0FBF2F502FB1500101A824200F09780C9
:10CED000C5B201E0D4F8C810D4F8C0200A44D55433
:10CEE00001339842F6D2D4F8C82061690132D4F8EF
:10CEF000C030012902EB0005C4F8C85040F38C8013
:10CF0000616C2368CA681831D3E90650A847002825
:10CF10007FF4BEAE616CD4F8BC00CA68183105F06D
:10CF20000FFA606CD4F8C850C268D4F8C030A918A1
:10CF3000C4F8C81009A9CDE90053029100F1180105
:10CF40005030EBF751F900287FF4A2AE099B9D42C7
:10CF50007FF49DAE6369012B56DD002E77D0D4F8A7
:10CF6000C830F9E6022F7FF492AE0126A4E700BF95
:10CF70000094FFFF1021012005F0B6F9804600283B
:10CF800000F0A280D4F8C8900120494605F0ACF921
:10CF9000C8F80000002800F092804A46D4F8C0107B
:10CFA00005F0CEF90022F3B2C8F80490C8F80C20BE
:10CFB00088F80830D7F8F021002A44D01146D2680A
:10CFC000002AFBD1E8B2C1F80C80BEE5022A26D0C7
:10CFD0005242D2B2C3F10103DBB213E6FF22DAE61A
:10CFE00094F8C430E8B2B0E5D4F8C830B3F5205FA7
:10CFF0007FF64DAE35484BE694F8C430A5E5D4F83D
:10D00000C020184653546EE7606CC26800F1780186
:10D01000183005F095F9A0E7606CC2688AE7FF2236
:10D02000D8E7AB690DF1240B09930AAB796838682E
:10D0300003C3D4F8BC307A6839685A601960D4F8F0
:10D04000C860EA6806E6E8B2C7F8F0817DE5D4F882
:10D05000B030186859680CAB03C3D4F8B4300CA9CD
:10D0600018889A78D4F8C830ADF838008DF83A208E
:10D070001A0A606C8DF83B200D2238308DF83C3058
:10D08000F1F7D8FB606CD4F8C820D4F8BC10383065
:10D09000F1F7D0FBD4F8C830D4F8BC10606C194458
:10D0A0003830F1F7DBFB606C3830F1F707FC636C6C
:10D0B000D4F8C8205B691344C4F8C8304CE6404635
:10D0C00005F026F90248E3E50148E1E5008FFFFF9E
:10D0D0000081FFFFA8B110B4046874B102244FF0BE
:10D0E000150CC0E931C4D0F8C0402170D0F8C03070
:10D0F0005A705DF8044BFFF7FDBC03485DF8044B24
:10D1000070470148704700BF008FFFFF0368D3F8E6
:10D11000B420002A10DAD3E92B32B2FBF3F2013249
:10D120004FF0010303D001335208DBB2FBD1C268D8
:10D1300001329A42C2600CDC1621D0F8C0300022C5
:10D1400010B40424C0E931141A705DF8044BFFF7E1
:10D15000D1BC0020704700BF88B102687AB11521A8
:10D16000022210B4D0F8C040C0E931122270282148
:10D17000D0F8C03059705DF8044BFFF7BBBC0148D4
:10D18000704700BF008FFFFF28B302681AB392F800
:10D19000CC20D20709D54268102A1CD10321D0F82F
:10D1A000CC2081604AB1FFF751BC8268012A10D0BF
:10D1B0004368102B0FD1FFF7C3B810B41621042415
:10D1C000D0F8C030C0E931141A705DF8044BFFF795
:10D1D00091BCFEF701BD0148704700BF008FFFFF03
:10D1E0004368102B01D0002070478368032B70B573
:10D1F000044682B024D0016891F8CD309B061FD53B
:10D2000091F8CC50B831006E05F002052944C5F103
:10D2100008022844CDE9001205F06AF80646D4F861
:10D22000B000DDE90012284405F062F8002E01DCB0
:10D23000002805DD204602B0BDE87040FFF7A4BF1E
:10D24000002002B070BD00BF70B5044600681546EE
:10D25000B0F8CC30C3F38213013B032B1FD81B4A19
:10D2600052F82330226B52B192F87020013A032A0F
:10D2700027D8164E56F82220934228BF13469D42C7
:10D2800004D990F8CC2092071ED41D46D4F8CC3097
:10D2900043B12046FFF7DAFB00B9284670BD4FF4D2
:10D2A0002053DFE717232A46D4F8C000C4E93135FC
:10D2B00005F046F82046FFF71DFC0028EED1284671
:10D2C000ECE74FF42052D7E7014870BD441E002020
:10D2D000008FFFFF002841D0036870B50446002B83
:10D2E0003AD00E461546FFF77BFF70BB6368102BE4
:10D2F00003D02046FEF770FC38BB236893F8CD308E
:10D30000DB0623D5012D21D96369012B1EDC636C5B
:10D310001B6DDBB15B78022B18D194F9D0304BB97F
:10D32000012231462046FFF78FFF00280DDD012343
:10D3300084F8D0306A1E711C2046FFF785FF002854
:10D3400003DD0023013084F8D03070BD2A46314619
:10D350002046BDE8704077E7014870BD004870473F
:10D36000008FFFFFF0B10268E2B1D0F8CC2022B903
:10D370004168102903D010467047FFF767BB10B40F
:10D380004FF0150C0224D0F8C010C0E931C44FF0A2
:10D39000010C81F800C0D0F8C0305A705DF8044B21
:10D3A000FFF7A8BB00487047008FFFFFC36C1B68E6
:10D3B0002DE9F0419B7A05460B2B0BD86FF41662D2
:10D3C00042FA03F3DA0705D46B68002001336B607F
:10D3D000BDE8F0812A6892F8CC30DB0725D4D5F877
:10D3E000D430002BF0D0EB6B13B1D3F8C06126BB67
:10D3F000966E16BB072331463046D5F8C020107113
:10D400001620D5F8C02051710B21D5F8C020967197
:10D41000D5F8C020C5E93103117028466B68013387
:10D420006B60BDE8F041FFF765BBEB6B8BB3D3F8E6
:10D43000C06176B33368002B39D036680723002EDD
:10D4400037D042F2FD7716E0D5F8C01001F803C0DE
:10D45000D5F8C01019444870D5F8C01019448C7024
:10D46000D5F8C000B168404404F06AFFD6F83061D6
:10D4700004EB0803A6B17468F91A03F10308A1428A
:10D480004FEA144C4FEA14202246DDD20A48BDE888
:10D49000F081966E5EB1316849B1002BA5D1CCE721
:10D4A000DE1FC6F30740C6F30721F6B2A5E703481F
:10D4B0008EE731463046A0E7008BFFFF808AFFFFF2
:10D4C00010B401221424D0F8C010C0E931420A700F
:10D4D00042685DF8044B01324260FFF70BBB00BFAE
:10D4E0004369022B04DCC36B064AC3F8002470476F
:10D4F0004B7A072BC36B0CBF034A044AC3F80024C2
:10D50000704700BFF1AD0160ADAF0160FDAE0160DD
:10D510002DE9F043C56B85B003680646D5F8B881A0
:10D5200005F5CF67D3E92524B8F1000F58D0D5F819
:10D53000BC41052943D0072938D0062952D00829F3
:10D5400062D1DA6905F2564903A905F1800001921A
:10D550004A469B69009340F22223ECF7B1FC10BBD2
:10D56000039B09EB030285F855341B0A85F85434F4
:10D57000BB1A012B46DD1346210A03F8021B9F420A
:10D5800054703FD3FF1AA7423CD322464146184667
:10D5900004F0D6FEF26B0346002002F2544123440D
:10D5A0005B1AC2F8103405B0BDE8F083002305F221
:10D5B000864285F85434302385F85534D8E7220A5A
:10D5C00005F2564385F8554485F85424FA1AA242C8
:10D5D00018D322460021184604F06AFE0219C7E754
:10D5E0009046A6E7DA6905F25649281D0192494698
:10D5F0009B6940F22222009303ABECF761F900280B
:10D60000AED0D0E70148CEE70148CCE7008FFFFF5E
:10D610000094FFFF10B501210446F2F7CBFD08B1DD
:10D62000012010BD04212046F2F7C4FD00280CBFE4
:10D630000020032010BD00BF022807D0042805D019
:10D64000A0F10100B0FA80F0400970470320704754
:10D65000012805D0A0F10300B0FA80F04009800055
:10D66000704700BF431E052B02D80230C0B270477E
:10D6700000207047C31E052B02D80238C0B2704785
:10D68000002070474369032B05D1042905D00529E3
:10D690000FD0022907D00A487047C36B0020094AFF
:10D6A000C3F804247047C36B0020074AC3F804245E
:10D6B0007047C36B0020054AC3F80424704700BFBD
:10D6C000009AFFFF09AF016015AE0160B9AF0160BC
:10D6D00003689A6F4AB113781BB906E012F8013F4C
:10D6E0001BB19942FAD1002070474FF0FF307047CC
:10D6F00003685A6F4AB113681BB906E052F8043F39
:10D700001BB18B42FAD1002070474FF0FF307047B9
:10D71000012A70B504461E4614D0802103F0D8F9C2
:10D72000054638B91B490822204603F0EDF950BBE5
:10D73000284670BD33684FF0FF35164943F4006347
:10D740003360F0E78B7A013B092B12D8DFE803F056
:10D750000D05050511110D110F0F8021204603F055
:10D76000B7F940B900250C49DDE72021F6E708218B
:10D77000F4E70021F2E733684FF0FF35064943F440
:10D7800000633360CFE733684FF0FF3543F48053D5
:10D790003360CDE7A8420020903D0020012A04D04C
:10D7A000C0B2C9B2187059707047022907D04942F7
:10D7B000C9B2C0F101005970C0B218707047FF21A2
:10D7C000F7E700BF012A04D01A7802605B780B608B
:10D7D000704793F800C040F20112A2EB0C02026005
:10D7E0005B78FF2BC3F5807201D00A60704702237B
:10D7F0000B607047026838B5D2F8AC200446C36BA2
:10D80000456DC3F8E8211DB19108006DA847E36B91
:10D81000A26F162A03D0022283F8EC2138BD226FB2
:10D820001278142A14BF0222032283F8EC2138BD97
:10D830004369012B70B5044677DDC16CD0F8BC306C
:10D84000D1E90321521A13442268191DE06B92F8A2
:10D85000CC20C4F8C03002F00102D0F808342046D1
:10D8600098476369D4F8C05004F1F000002B05F12B
:10D8700004010BBF24220C2228261026C4F8EC2019
:10D8800004F05EFD16221423C4E931262B70E26BEE
:10D89000D2F87836002B41D0236893F8CC30D907E2
:10D8A00025D50A21616013F0020325D0D4F8B030E9
:10D8B000616CC2F8FC11186859680023C2F80002B4
:10D8C000C2F80412D4F8B020C2F80230D380D4F8E1
:10D8D000B02053780133DBB253708BB9D4F8B02049
:10D8E00013780133DBB2137053B9154870BD0F21A3
:10D8F00013F002036160D9D1D4F8B02013605360F3
:10D900002368E16C93F8CC30A26B9B0761642263BF
:10D910000ED42046BDE87040FFF7ECB8D4E9000310
:10D92000591C90F8CC306160BDE7D0F8BC308BE773
:10D930002046FFF75FFF2046BDE87040FFF7DAB8EA
:10D940008094FFFFC36B70B5D3F8F041064654B125
:10D950002546E468286804F0DBFC284604F0D8FC7F
:10D96000002CF5D1F36B746D0022D3F8D811C3E904
:10D970007C22C3F8F8111CB11146306DA047F36B3F
:10D98000B26F162A03D0002283F8EC2170BD326FEB
:10D990001278142A14BF0022032283F8EC2170BDF0
:10D9A000C36B70B593F8EC210546012A2CD0D3F84F
:10D9B000F021C3F8F421FDF75BFBEB6B0122D3F8F8
:10D9C000F44183F8EC211CBB6A68102A2AD1032297
:10D9D000204683F8EC2170BD0B78142B1DD06268B3
:10D9E000D5F8C00004F0ACFC6168E2682846C5F8D0
:10D9F000C810EB6B217AC5F8C410C3F8F421FFF707
:10DA000079F80028E7D1EB6BD3F8F441002CDBD098
:10DA1000237A2168162BE2D1DEE72846FDF728FBA2
:10DA20002168DCE7022283F8EC216E6D36B1D3F871
:10DA3000E821286D9108B047204670BD304670BD82
:10DA40002DE9F84F0368C16F93F8CC3013F002034F
:10DA50000CBF04220C2291423FD3076F0646BC78CC
:10DA60007878240244EA0044F87804431444C6F861
:10DA7000A040EBB1D6F83C80BB88B8F1000F2ED0A7
:10DA800072685BBA102A9BB217D0D8F8D8219A4294
:10DA900016D0D8F8F821013A9A4206D13B78032BE8
:10DAA00003D03046FFF77CFF28B9B048BDE8F88FB7
:10DAB000A1421AD30020BDE8F88F3A78012AE8D1B4
:10DAC000A14280F02F81A4F10C09D8F8E45175B17E
:10DAD0002A783B789A4200F0FD80A548EBE7A14206
:10DAE00003D3BB79002B00F0DC80A248E3E7B4F558
:10DAF000205FFAD819F0070309F10C014FF001007B
:10DB000018BF012301EBD901194404F0EDFB0346D2
:10DB1000C8F8E401002800F0278138681860BA8846
:10DB20009A80D8F8E431DD801D72F36BD3F8E431CC
:10DB3000B3F80120A3F80920DA78DA72F36B376FB3
:10DB4000D3F8E45197F807B02C44BB794FEA0B2B7C
:10DB500097F80A804BEA034B7B7A4FEA082848EA99
:10DB600003483B7A4BEA030BFB7A48EA03080BEBCA
:10DB700008034B45B1D808F10C0AF36F9A45ACD8AD
:10DB80000BF10C00424607F10C01284404F0D8FBCD
:10DB90000BF00702C2F1080392B198454FEADB008F
:10DBA00040F2AC80A8F108089B4401259044225C17
:10DBB000013B05FA03F10A43D2B2002BF8D12254FB
:10DBC00018F0070310D008EB0B050120A8EB0308A1
:10DBD000C3F10803ED08625D00FA03F101330A4363
:10DBE000082BD2B2F8D162554FEAD802FF2104EBDC
:10DBF000DB0004F05DFB5FEAD9000AD0411E631E22
:10DC0000214401E0994204D013F8012FFF2AF9D0F2
:10DC10004BE719F0070910D0215CCB093FF445AF61
:10DC2000C9F10709062302E0D2077FF53EAF4B4555
:10DC300041FA03F203F1FF33F6D1F36F9A45FFF493
:10DC400054AFD6F88020D6F888108A4215D9D6F875
:10DC5000A040521A306F736E2044F46D19441D1B9E
:10DC6000C31A42F64D14C6F888301344641BC6F834
:10DC70008030A34254D804F033FBF36BD6F8A020D5
:10DC8000D3F8E411306F04F05BFBF36BD3F8E401DD
:10DC900004F03EFB0023F26B1846C2F8E431BDE805
:10DCA000F88FFB79002B7FF420AF3B7A002B7FF4B9
:10DCB0001CAF797A7A7891427FF417AFB97ABB1C9E
:10DCC000BA7891427FF411AFFA7A5B789A427FF486
:10DCD0000CAFEFE66A78681C7B78791C9A427FF477
:10DCE000FCAE10F8012F11F8013F9A427FF4F5AE17
:10DCF00042784B789A427FF4F0AE23E7B8F1000FF8
:10DD00003FF479AFA3EB0808225C012505FA08F17E
:10DD100008F101080A434345D2B2F7D122546AE719
:10DD20001548C8E6BB79002B7FF4CDAEFB79002BFC
:10DD30007FF4C9AE3B7A002B7FF4C5AE0322791C79
:10DD400007F1090004F0D4FA38B9D8F8E451002DED
:10DD50003FF4B0AEA4F10C09BAE6A4F10C09B8F195
:10DD6000000F7FF4B2AEC0E60448A4E6809AFFFF3D
:10DD7000008EFFFF808FFFFF0096FFFF0081FFFFF7
:10DD800038B5836F0446162B19D0152B0CD0236899
:10DD900093F8CC3013F0020304D0E06B18B1636841
:10DDA000102B19D0002038BDE36F022B3BD1226F1E
:10DDB0001378022B39D0012B07D01E4838BDFFF74E
:10DDC0003FFE0028EFD1A36FDFE753787BB3642BCE
:10DDD000184808BF002038BD2046FEF797F8E06BD2
:10DDE00004F096FA0023A56CE363B5B105F1500089
:10DDF000E9F72AFF05F19000E9F726FF05F1380061
:10DE0000F0F7F2FB05F14400F0F7EEFB2846D021D5
:10DE1000F4F742F8A06C04F07BFAE26C0023A264F1
:10DE20001846E36438BD044838BD044838BD04488A
:10DE300038BD00BF8099FFFF008EFFFF8088FFFF85
:10DE40008087FFFF036A2DE9F04104460F46002B4F
:10DE500073D0606E42F64D13E26D821A9B1ABB427C
:10DE60006ED3236893F8CC309A0736D5636D002BB8
:10DE700066D0A36D002B63D0D4F88810002961D13F
:10DE8000D4F880309F4225D9002B40F09D80A36DAF
:10DE9000206D13B19847022861D06368102B00F001
:10DEA0009880E36BD3F8E831616E42F64D12E06D75
:10DEB000656A081A121A002D00F09780A06AA84718
:10DEC000002800F0848010F5D04F48D0002802DBF5
:10DED000C4F880000020BDE8F081D4F88060B7422B
:10DEE000354615D8F6E723682A46616EA06AD3F84E
:10DEF000A8303144C047002869D0ECDBA84263D881
:10DF0000D4F880608519BD422E46C4F88050E1D215
:10DF1000A36D7D1B206D23B19847022830D0D4F823
:10DF20008060D4F82480B8F1000FDCD1616E2A46FD
:10DF3000A06A3144236A9847DDE7436A002B88D101
:10DF40002C48C8E7D4F8802091423DD8521AC4F832
:10DF5000802082BBC4F88820002F98D1BAE7636D77
:10DF60001BB10022206D114698476368102B0AD11F
:10DF7000236893F8CC30DB0702D5A368032B2CD0A1
:10DF80001D48BDE8F081E16B2268D1F8E831D2F894
:10DF9000B0209342F4D2B3EB430F4FEA430002D8D0
:10DFA000824228BF02462046C1F8E821FFF7F8FC6C
:10DFB000002890D117E0014404F092F90022D4F82F
:10DFC0008030C4F888205DE70C48BDE8F0810C483B
:10DFD00081E72368D3F8A83066E72046FFF796F874
:10DFE00000287FF478AF074875E7236AA06A98474E
:10DFF00066E700BF008FFFFF0098FFFF0094FFFF60
:10E00000808DFFFF0097FFFF036893F8CD3013F07A
:10E01000080336D0026E10B492F804C0D379517957
:10E0200043EA0C6392F806C0947843EA0143D1783E
:10E03000D0F8902043EA0C2341EA0421D0F8944020
:10E040009A4274EB010C18D3D21A64EB0104402AF3
:10E0500074F1000417D2C2F12001A2F12003D0E92B
:10E060002604D04004FA01F124FA03F308431843CC
:10E0700040F300005DF8044B704700205DF8044B4E
:10E080007047184670474FF0FF30F3E7036893F886
:10E09000CD301B0758D5026E30B492F804C0D37946
:10E0A000547943EA0C6392F806C0917843EA04433A
:10E0B000D478D0F8902043EA0C2344EA0124D0F825
:10E0C00094109A4271EB04051FD29A1A64EB010175
:10E0D000402A71F1000138D2A2F1200CD0E926517A
:10E0E000914005FA0CFC41EA0C01C2F1200C05FA42
:10E0F00002F225FA0CFC42F0010241EA0C01C0E9EF
:10E100002621C0E9243430BC7047D21A61EB0401E7
:10E11000402A71F10001F6D20121A2F12003C2F1DF
:10E12000200401FA03F301FA02F221FA04F4D0F810
:10E13000981023431143D0F89C20C0F898101A433C
:10E1400030BCC0F89C207047704701220021D6E700
:10E15000D0F8A0102DE9F04F04469DB0002900F042
:10E16000F080456F002D40F06E81C26F9142C0F08B
:10E17000FC80C567C0F8A0502368204693F8CC30D7
:10E1800013F0020F0CBF05210D21FFF75BFE0546C2
:10E19000002840F0D2802068D4E919231778A767B7
:10E1A0001D8890F8CC306DBA9907ADB2E56700F1E3
:10E1B000D18051789278A7F11406032E00F2CA8319
:10E1C00026698E4240F0DA8390F8C9109142C0F27D
:10E1D000D583226FE66D911B42F64D12521A95427D
:10E1E00000F2CC8313F0020800F0DD80226EB4F858
:10E1F0008410128852BA92B28A4200F0C280DB07C1
:10E2000040F13A816368102B40F03681002A40F0DB
:10E210003381162F40F03081D4F880200D2A40F24F
:10E220002B81737B012B40F02781D0F84CA0D4F8D0
:10E23000AC50D0E91187D4E93839B8F1000F76D065
:10E24000002F74D03C2A72D9317816296FD1F17819
:10E2500000296CD13179002969D1F17C002966D17E
:10E26000317D002963D1717D002960D196F83B1082
:10E27000A2F13D0081425AD8A2F13C00721892F8F6
:10E280003C20824253D83D315046CDF80090314475
:10E290000993B847002800F0D8803168504672686A
:10E2A000B768D6F80CC02960C5F80CC06A60AF60CA
:10E2B00031697269296110A96A61327E099B2A76E7
:10E2C00003226A73FE226A76FF22AA7605F11C02F7
:10E2D000CDF80090109205F52052C047002840F07C
:10E2E0001483109A521BD1B2A1F11C03A1F11900A1
:10E2F0000D39EB76A2F119032973C1B2297629747D
:10E30000A2F10D01090AE972C3F30741C3F3072320
:10E31000A975A973EB75EB73E369D4F8AC10A06A27
:10E320009847236893F8CC30980740F1FD8200238A
:10E33000A14DC4F88830C4F8803028461DB0BDE82F
:10E34000F08F436F23B1002528461DB0BDE8F08F44
:10E35000C36711E791785678FF29C1F5807240F2C2
:10E36000011108BF0222891B25E7521A006FE267DC
:10E37000014403F0B5FFE36FC4F8A050002BE2D1D5
:10E38000FAE62046FFF740FE002875D1142F00F072
:10E39000C382172F07D16368102B04D0A268012A0B
:10E3A0006AD1022B68D1236C002B00F0A0829B68FD
:10E3B0009D42C0F0A1826269002A04DD03F5245366
:10E3C0009D4200F29982B8F1000F20460CBF052152
:10E3D0000D212944FFF736FD05460028ADD12668FA
:10E3E00096F8CC2012F002021FD1276CC4F88020CE
:10E3F000002FA2D0D4F82CC0BCF1000F23D0E16FC5
:10E40000D7F89030002B00F0BC82B86888465B7863
:10E410008142C0F0BA82023B082B14D8DFE803F037
:10E42000D2131313321332133200E16F276C01F150
:10E430000D03C4F88830002F00F06382D4F82CC09C
:10E44000BCF1000FDCD15D4D77E701212046FDF7DF
:10E45000DFFE0546002800F03F83236893F8CC30A8
:10E4600099077FF56AAF15F5CF4F3FF466AF15F505
:10E47000CE4F7FF45CAFE56F05F10D034E4DC4F850
:10E4800088305AE73B681B7FD7E9030E13F0020F71
:10E49000A0EB0E0314BF4FF0080C4FF0100C6344B8
:10E4A0009942C0F00D8201EB0E09D4F860A00DF185
:10E4B0004008A36FA9EB00094246A9EB0C09C4F878
:10E4C0007C90DAF80410DAF8000003C28DF84830C6
:10E4D00096F8CC10266F8907D4E9042300F16082F6
:10E4E000D2B2DBB28DF84A304FEA19238DF84920B9
:10E4F0008DF84C908DF84B30FB680C2BA3D1BEF1FE
:10E50000040F00F0CB82BEF10C0F9CD10DF1300E48
:10E51000F96A3A6BB86A734607C30AF1FF320DF124
:10E5200033010AF1070A12F8010F11F8013F5245B1
:10E5300083EA00030B70F6D10BAA0196434671469D
:10E5400004920D2207F19000CDF818C000920C2221
:10E55000CDE902964E440596E9F7AAFE002800F0A0
:10E56000788210F5C64F00F0A6812668054696F819
:10E57000CC309F0740F1DA8125F0800313F5E44F9A
:10E580007FF4DBAE15F5E34F636814BF0022012270
:10E590000B2B00F001820D2B00F0FE81D6F8C0207D
:10E5A000002A3FF4C4AEA36901339A42A3613FF647
:10E5B000BEAE034DC1E600BF809AFFFF0094FFFF8F
:10E5C000808EFFFF6069002301280B9340F3E181F7
:10E5D000FB684FEA430E18467145C0F07181D7F8C9
:10E5E00014E00EF101094B449942C0F06981DCF856
:10E5F0007890236FB9F1010F00F0DB814FF0000933
:10E60000B1FBF0F600FB1616002E40F05481626953
:10E61000012A12DD091AA8EB0008E16768B1D4F8F5
:10E620006CE0324631461EF802C04A1C394481F87B
:10E6300028C0D1B281420A46F5D30BA9024607F1A0
:10E640009000029107F12801CDE90083E9F7CCFDA4
:10E6500000288AD10B9B98457FF4F5AE61690129AA
:10E6600040F32682E26F89F00109236C206F09F0E4
:10E670000107D3F814A08318099713F8018C08F147
:10E68000010808EB0A039A4280F01B82002F00F079
:10E6900018820023984600297FF7D5AE424534BF43
:10E6A000002703F001070AF52051A2EB08034FF001
:10E6B000000C08F1FF398B428CBF4FF0000B07F0C4
:10E6C000010B01210BFB0303581E6346984594BFC1
:10E6D000002101F0010110F801EF0133CE4514BF14
:10E6E000002701F00107B3F5807FBC44EED1C4459B
:10E6F00014BF00270BF00107C7EB472303EA080804
:10E70000099BA2EB0802E267002B00F0E381A2EB79
:10E710000A02A36EE267120A1A70A36EE26F5A70C1
:10E720006369002B7FF78FAE206CE36F026808EB04
:10E730000309527A062A00F0968140F29081072A56
:10E740007FF481AE1D3309F11D02DB09C3EBD21347
:10E75000C7EB072A0822216E44300AEA030AF0F7C1
:10E7600069F8206C0322616E4430F0F763F8206C86
:10E770000222A16E4430F0F75DF8206CE26F443065
:10E78000216FF0F757F8236FE26F1344B8F1000FD1
:10E7900009D003EB08014FF0000813F8012B8B425E
:10E7A00088EA0208F9D18DF82C800DF14008206C20
:10E7B00041469DF82C304430F0F750F8206C216F22
:10E7C0004430F0F7CDF8B24506F10106F6D1206CE1
:10E7D000B9F5807F4E4600F1440038BF4FF4807693
:10E7E000F0F76CF8236CA6F58076226F58699119C2
:10E7F0008144B9EB060307D09144002311F8016B63
:10E80000494583EA0603F9D18DF82A309DF82A306C
:10E810000023E16F8DF8303080B110445318421856
:10E8200013F8016B18F8010B9A4286EA00069DF86E
:10E83000300040EA06008DF83000F1D19DF830300C
:10E84000002B38D1002F36D0002940F02381636996
:10E85000032B00F04481D4F8A4300133032BC4F817
:10E86000A43028DC236893F8CC20900700F10581C0
:10E870000822164608E02368164693F8CC1001F0EB
:10E880000200824240F21F81711E206E013A435CF9
:10E89000D2B20133DBB24354002BECD0236893F89F
:10E8A000CC20920700F1E680E36FB3F5205F7FF69E
:10E8B00044AD914D41E5266896F8CC2002F0020265
:10E8C000C2B363680D2B02D00B2B7FF467AE8B4D68
:10E8D0000223D4F8C01015222046C4E931230B705E
:10E8E0001422D4F8C0305A70FEF704F925E56B1EE7
:10E8F000B3F5205FFFF467ADB8F1000F7FF417ADFB
:10E90000D7E72046FFF7C2FB17E5236893F8CC3022
:10E910009D077FF598AD0AE563680A2B3FF443AD88
:10E920000C2B3FF440ADA7E5754D06E515F5E34F1B
:10E930007FF403ADD4F8C0100223152014226F4DCC
:10E94000C4E931030B702046D4F8C0305A70FEF78A
:10E95000D1F8F2E49A073FF5EAACD4F8C0100223EC
:10E9600015200A22C4E931030B702046D4F8C030C8
:10E970005A70FEF7BFF8236893F8CC30980798D503
:10E98000D5E4BB689942BFF45EAD002AD2D05B4D9E
:10E99000F8E5F86886461FE6002A3FF4CEAC97E714
:10E9A000022BC2F1010208BF0123D2B25B42DBB2EB
:10E9B00098E5A1EB0E080993D4E91826C4F87C80E9
:10E9C000106851680CAA03C2B27807F14400378876
:10E9D0000CA98DF83A204FEA1822ADF838708DF85E
:10E9E0003B200D228DF83C80EFF724FF206CE26F76
:10E9F000E16E4430EFF71EFF206C10A94430EFF7B2
:10EA00002DFF206C4430EFF759FF0022276C8DF862
:10EA10002B207A69E66EE16F099B9AB132440DF1C1
:10EA2000400C0E4402EB010E16F8010B1CF8012BF2
:10EA3000B64580EA02009DF82B2042EA00028DF8DC
:10EA40002B20F1D19DF82B20002A7FF434AFF868F9
:10EA5000D6E50B9B99457FF4F6ACE16FF4E6033AFB
:10EA6000012A3FF6F0AC153309F115029B09C3EBFF
:10EA700092136DE6022E2BD0E16FB1F5205F7FF689
:10EA800040AF62681E460B2A3FF413AF0D2A7FF495
:10EA900085AD0EE70023C4F8A430E3E6BB6A0DF1B0
:10EAA000300EE26E0C930DAB1068516803C343E562
:10EAB000206C00F1B801C268283003F041FC6169A4
:10EAC000D0E50123E7E58907D4D4002A7FF4ECAE32
:10EAD0000C4D32E41146B7E6A0F5CF452DE4A36F07
:10EAE000172B3FF4B8AE266896F8CC309B077FF51D
:10EAF000E0AE014D46E500BF008EFFFF808EFFFFB8
:10EB00008095FFFF8094FFFF38B5D0F8A830054608
:10EB10008BB100231C46C0F8A830204638BD2846DB
:10EB2000002CFAD1FFF72CF910F5CD4F044602D096
:10EB300010F5CB4F0ED12846FFF70AFB10F5CB4F4F
:10EB40000446ECD12846FFF703FB10F5CB4F0446F3
:10EB5000F1D0E4E70028E0D1AB6F162BDDD12846D9
:10EB6000FDF75AFFD9E700BF002800F0FE800368D8
:10EB70002DE9F0410446002B00F0F58093F8CC30ED
:10EB80000E4615469F0709D5FDF760FF68B9E36B90
:10EB900023B193F8EC31012B00F0D5802046FEF72D
:10EBA0001FFB10F5D64F02D008B1BDE8F0816368B5
:10EBB000102B44D1616F002940F0B4804FF015084C
:10EBC00002271EE0A36F172B7FD0162B2AD0A26836
:10EBD000032A5DD0152B00F0C280172B2DD163685E
:10EBE000226F102B62675ED0236893F8CC30DB076E
:10EBF00003D5A368032B00F08E80616F002940F0DD
:10EC00009180A36D1BB1206D9847013053D02046F1
:10EC1000FFF77AFF00285DD1E36F002BD2D0A36FFE
:10EC2000162BD4D12268216F92F8CC300978D807FE
:10EC30000ED5012914D09907DFD44D48B5E72046F9
:10EC4000FCF7CAFF10F5D64FB4D00028ADD1B1E71C
:10EC50000029F0D19807D4F8A01058D40429ECD199
:10EC600092F8CD2092063ED5D4F8E820002A37D07D
:10EC700003F00303022B01D10323A3602046FDF719
:10EC80005FFB10F5D64FB8D00028B6D0BDE8F081B4
:10EC90002268D2F8B41000299CDBE268013291426C
:10ECA000E26097DAC9E7636D002B9DD00022206DEA
:10ECB0001146984798E72368D3F8A820D4E91403AD
:10ECC000002BA4D091089847A1E72046FFF71CFF2E
:10ECD0000028A4D010F5E54F7FF467AF002064E76B
:10ECE00013F0300FC4D16369002B3ADDD4F8C03083
:10ECF00001222046C4E931871A706422D4F8C0305A
:10ED00005A70FDF7F7FE00283FF477AFBEE70C29F5
:10ED10007FF473AFA4E72046FEF7F8F900283FF42C
:10ED20006CAFB3E7E26F3046954228BF15462A46DE
:10ED300003F006FBE36F5B1BE3675BB92846636781
:10ED4000C4F8A83031E72046FEF72AFE00283FF439
:10ED500025AF2AE7636F28462B44636725E70548FC
:10ED600023E7054821E705481FE70448704700BF2F
:10ED70000089FFFF0097FFFF0094FFFF008FFFFF58
:10ED8000C26C03682DE9F04FD2F80080044693F876
:10ED9000CC3085B098F80A20C3F381000B2A40F2EA
:10EDA0009F8003F00103E26BD2F8C491B9F1030F25
:10EDB00008BF8146B9F1000F02D1002B40F0CF808F
:10EDC0002046FFF7A1FE0546002840F092806368C8
:10EDD00001336360236893F8CC20D10700F192805F
:10EDE000A36F162B40F0A380236F19780B2940F0F6
:10EDF000C38002F00200D4F8A01000280BBF0A2242
:10EE0000122204260C269142C0F0B6809A19985D11
:10EE10005778937843EA0723002840F0AD80033603
:10EE20003344994240F0A880A76BF86D30B102F0EE
:10EE3000D9F8A36BD86D03F06BFAA76B4FF49A71F6
:10EE4000012003F051FAF865002800F083810027C3
:10EE5000DFF840B3DFF840A302F0BEF8D4F8A030EA
:10EE6000F01CB34240F2B880984200F29580216FC6
:10EE70008A198E5D002E40F08F805678014492787A
:10EE800042EA06227F2A00EB020640F285809E427B
:10EE900000F28280A36BD86D02F012F910F5165FB4
:10EEA000074667D0584528DA10F5225F28D050452C
:10EEB000D4D02A222368002B00F00B81D4F8C01094
:10EEC000022315203D46C4E931030B702046D4F8D7
:10EED000C0305A70FDF70EFE284605B0BDE8F08F31
:10EEE0006FF416611141CD0731D4636800250133F9
:10EEF0006360284605B0BDE8F08F0028AED0D8E7A3
:10EF00005022D7E76369002B3FF46AAF02F0020397
:10EF1000D4F8A010002B18460BBF07230F2304269C
:10EF20000C2699427FF45CAFA36F162B39D0D4F82E
:10EF3000C010022315200A22914DC4E931030B7041
:10EF40002046D4F8C0305A70FDF7D4FDD1E7072A27
:10EF500003F001037FF427AF002BC6D123E76368DA
:10EF60000025A26B8021013328461166636005B03D
:10EF7000BDE8F08F2B229DE7D4F8C01002231520A6
:10EF80003222804DC4E931030B702046D4F8C030E2
:10EF90005A70FDF7AFFDACE72368002BECD1794D3B
:10EFA000A7E7236F1A780B2AE6D19A5D1E44002A40
:10EFB0007FF423AF72780136002A7FF41EAF727897
:10EFC000002A7FF41AAFA26B40216F4B1166B9F192
:10EFD000010F18BF1D468CE7266896F8CC30DB077A
:10EFE00002D4A368012B5ED0B9F1000F71D0E36B9E
:10EFF000D3F8CC71002F00F09E80D3F8D021A16B04
:10F00000B06BD1F85CC06031736E03906046766B74
:10F01000CDE90116D4F8D8100091394601F0C0FDB1
:10F02000A36B06460221D3F85CA00AF1BC00F1F7FD
:10F03000C1F800284FD1206890F8CC204146A06B41
:10F04000D24300F16003C06D02F00102FEF760FBE5
:10F05000002862D0002E60D1B9F1010F3FF449AF12
:10F06000B9F1020F74D1002F72D1484DA36B1B6E02
:10F07000DE055ED4580769D413F4DC3F18BF2B2398
:10F080006FD02268002A3FF434AF0222D4F8C010B7
:10F090001520C4E931020A702046D4F8C02053700C
:10F0A000FDF728FD25E7636BDB6D5BB1A26BD16DCE
:10F0B0005A684868824205D18968986803F018F94F
:10F0C000002891D03122022120462E4DFEF702F871
:10F0D0000FE73D460DE72068DAF8C030826F1978F7
:10F0E0003AB113782BB19942A6D012F8013F002B08
:10F0F000F9D190F8CC204146A06B224BD243002E90
:10F1000008BF1E46036E02F0010243F4803C034632
:10F11000C06D43F860CFFEF7FBFAB9F1010F0DD0D7
:10F1200017B9B9F1020FA0D0002E3FF4E2AE354678
:10F130009CE73123A5E7D6E91B7260E716F51C5F53
:10F140003FF4D7AE16F5F44FEED1D2E62A2398E776
:10F150000C4D8BE75022022120460D4DFDF7BAFFE2
:10F16000C7E6D90707D49A0707D413F0080F14BFCE
:10F1700030232E2385E72D2383E72C2381E700BF4F
:10F180000089FFFF0086FFFF808BFFFF8089FFFF64
:10F190000081FFFF81DAFFFFD2D9FFFF10B50446DF
:10F1A000FFF7B2FC00282DD1A36F142B45D1E36FDC
:10F1B000012B30D1236F1B78012B2CD12368E16CFC
:10F1C00093F8CC30A26B9B072164E2621BD5B4F8A4
:10F1D000843001339FED267B9BB284ED247B84ED4C
:10F1E000267BA4F88430002B39D06369012B10DD15
:10F1F000E26CD2E903329B1AE26E1A44636822671A
:10F200000133636010BD236E186058606369012B81
:10F21000EEDCE26EF2E723681BB3D4F8C0100223E1
:10F2200015203222C4E931030B702046D4F8C030D7
:10F230005A70FDF75FFC104810BD23689BB1D4F8ED
:10F24000C010022315200A22C4E931030B702046A6
:10F25000D4F8C0305A70FDF74DFC084810BD08487E
:10F2600010BD054810BD054810BD00BFAFF30080BC
:10F2700000000000000000000082FFFF0089FFFF87
:10F280008094FFFF0268C36B92F8CC20D3F8083457
:10F29000D24370B584B0044602F0010201A9984738
:10F2A0002046FFF731FC0546002847D1A36F162BF7
:10F2B00061D1216F0B78142B70D12668D4F8A0206F
:10F2C00096F8CC3003F00203002B0BBF102018205F
:10F2D00004230C2382423ED101F10C0E0DF1040CEB
:10F2E00019448DF803509E4411F8012B1CF8010BB2
:10F2F0009DF803308E4582EA000243EA02038DF84E
:10F300000330F1D19DF803302BBB0C2201ABC4F8C4
:10F31000EC2007CBE36BC4F8FC00C4F80011C4F880
:10F320000421D3F8783663B9626896F8CC3001329C
:10F3300062609B0702D52046FEF704FB284604B016
:10F3400070BD96F8CC30DA0702D40A226260F0E78A
:10F350000F226260EDE7D4F8C0100223152032229C
:10F36000124DC4E931030B702046D4F8C0305A70F6
:10F37000FDF7C0FBE2E72368ABB1D4F8C01002236D
:10F3800015200A22A5F5EE45C4E931030B7020468D
:10F39000D4F8C0305A70FDF7ADFBCFE72368002BDF
:10F3A000D9D1024DCAE7024DC8E700BF8081FFFFF7
:10F3B0000089FFFF2DE9F041AEB080460F461546AB
:10F3C00001A81E46EFF7D6FA17A8F5F721F801A80D
:10F3D000EFF7E0FA68B1044601A8EFF7CFFA17A8F3
:10F3E000F5F71AF8B8F1000F1AD120462EB0BDE893
:10F3F000F081D8F83C10402201A801F21441EFF747
:10F400002DFE044630B93246294601A8EFF726FE04
:10F410000446D8B101A8EFF7B1FA17A8F4F7FCFF3A
:10F42000D8F80030002BE0D0D8F8C0100223152205
:10F430004046C8E931230B705022D8F8C0305A70CA
:10F44000FDF758FB20462EB0BDE8F081394601A8F3
:10F45000EFF748FE04460028DCD117A8F4F7E8FFD0
:10F4600004460028D6D1D8F83C10402217A801F253
:10F470001441F5F735FF04460028CBD13246294622
:10F4800017A8F5F72DFF04460028C3D107F1100196
:10F4900017A8F5F769FF04460028BBD101A8EFF7CC
:10F4A0006DFA17A8F4F7B8FF9FE700BFF0B587B073
:10F4B000144605460E469DF834001F46EFF782F8C5
:10F4C0000190EFF711F9206003A8EFF787F8019991
:10F4D000002203A8EFF7CAF8B8B1044603A8EFF773
:10F4E00083F87DB12B686BB10223D5F8C0101522CB
:10F4F0002846C5E931230B705022D5F8C0305A7028
:10F50000FDF7F8FA204607B0F0BD03A8EFF7F8F8CA
:10F5100004460028E2D1E96B402203A801F214411D
:10F52000EFF7F8F8044618B103A8EFF75DF8D9E74C
:10F530000C9A394603A8EFF7EDF804460028F3D1FA
:10F54000314603A8EFF7F0F804460028ECD103A8F1
:10F55000EFF74AF8D6E700BF2DE9F04FC5B0002419
:10F560009046054604AF0E4601914FF48072214645
:10F570003846039402F09CFEB8F1000F74D0214687
:10F58000DFF8F4904446DFF8F4B0DFF8F4A0A368A5
:10F59000002B56D0A0450ED0344B2846344A0029C3
:10F5A00008BF1A46314602F0A7FE002858DBB042D9
:10F5B00056D2361A054403A92046EFF7B5FF0028B6
:10F5C00047D1039B52463146284602F095FE00285B
:10F5D00046DBB04234BF00230123002B40D1226917
:10F5E000361A0544F2B138461A460BE01E2902F1DC
:10F5F000010298BF3F2300F8013B2369934211D9D0
:10F60000FF2A0FD063699B5C03F17F011F2BC9B2F6
:10F6100001D97F2BEAD13F23013200F8013B236956
:10F620009342EDD800213B462846B9544A4631461C
:10F6300002F062FE002813DBB04211D2217F361A9D
:10F640000544A469002CA2D1019B981B45B0BDE8DC
:10F65000F08F5A463146284602F04EFE0028B8DAAE
:10F66000044845B0BDE8F08F4046FAE7B462002098
:10F67000B062002080D6FFFFC4620020BC62002080
:10F68000B86200202DE9F04F576887B090460646D3
:10F69000202F039108D8002F57D0012F94BF4FF08F
:10F6A000000A4FF0010A02E04FF0010A1C27D8F8C7
:10F6B00008000024039D294ADFF8AC90DFF8ACB0C5
:10F6C000CCB9BAF1000F16D003782BB348462946BF
:10F6D0000090304602F010FE002819DBA8421F4AB5
:10F6E00016D20134291A0644A74217D9D8F80800BF
:10F6F0000D46002CE5D0791E035DA1428CBF484623
:10F70000584629460090304602F0F6FD0028E5DA1A
:10F71000134807B0BDE8F08F0124D1E7D8F80420E2
:10F72000BA4214D0059030460E4A049102F0E4FD2E
:10F730000028EDDB04998842EAD2059B5B1B184444
:10F74000039B184407B0BDE8F08F3846FAE7401B2A
:10F75000039B184407B0BDE8F08F00BFC0620020D3
:10F7600080D6FFFFC862002074220020683D002080
:10F77000002070470020704770B5ADF5207D53AD77
:10F78000002835D1284601F027FC354B354A28465C
:10F790001968126802F054F8044618B120460DF5B5
:10F7A000207D70BD06AE304601F016FC2E4B2F4A70
:10F7B00030461968126802F043F804460028EDD17B
:10F7C00005A923462246284600913146CDE9014449
:10F7D00001F0F2FB04460028E0D13046002401F09D
:10F7E00001FC284601F0FEFB20460DF5207D70BD92
:10F7F0001F4802F095FD284601F0EEFB184B194A10
:10F8000028461968126802F01BF8044630B11948FE
:10F8100002F092FD20460DF5207D70BD06AE30460B
:10F8200001F0DAFB104B114A30461968126802F0F9
:10F8300007F804460028EAD10F4802F071FD05A937
:10F8400023462246009128463146CDE9014401F085
:10F85000B3FB04460028DAD1084802F06DFDBCE78E
:10F86000747C0020382E0020707C0020342E002074
:10F87000D062002048320020EC620020B03200202C
:10F880002DE9F041054682B0884614463B4F3123AE
:10F890006A4641462846E3F729F9002866D12E68D2
:10F8A000009B1E44302301AA31462846E3F71EF987
:10F8B00048BB2B68F21A002A54DD1878224606232A
:10F8C000314642F8040B2846E3F710F9D8B9D5F8C9
:10F8D00000C0D4F804E0C4F808C00CEB0E03F21A20
:10F8E0002B60002A3EDD1CF80E201E2A1BD00C2A9D
:10F8F00019D01C2A03D827FA02F2D20713D42048C1
:10F9000002B0BDE8F081A0F50E500028F8D12B68B8
:10F91000B3421DD001202021207702F0E5FCA06138
:10F9200048B30446BEE7013304F1100231462846CD
:10F930002B601CF80E30E360E3F78CF80028E2D16E
:10F940002A68236962611344B3422B60A061E1D14C
:10F9500098450ED02021012002F0C6FCA06150B1D4
:10F96000044694E7074802B0BDE8F081A0F50E50C8
:10F97000C6E70020C4E70448C2E700BF08005810EB
:10F980001EDCFFFF20DCFFFF80D7FFFF08B5E3F799
:10F9900051FA00B908BDA0F50C5008BD08B5E3F751
:10F9A000EDF900B908BDA0F50C5008BD2DE9F041F6
:10F9B00004241E4614238EB00C7014703360036848
:10F9C000302B40F0C280D0E901431C440193A34294
:10F9D0003CD00F461546A023214602AA01A8E3F712
:10F9E00085F8002836D010F1620F47D1DDF8048089
:10F9F00044452BD0A12302AA214601A8E3F776F8BB
:10FA0000002840D010F1620F38D1019FBC421DD0B8
:10FA1000A22302AA214601A8E3F768F8002800F013
:10FA2000818010F1620F29D1019DAC420ED0A32339
:10FA300002AA214601A8E3F759F8002800F08780C0
:10FA400010F1620F1AD1019B9C4269D100200EB0C7
:10FA5000BDE8F081DDE9012301A802EB030805AA56
:10FA60004146E3F7E7F9002838D1394605A8EFF712
:10FA700069FE18B9019B4345BAD051E0A0F50C507E
:10FA80000EB0BDE8F081DDE9017305AA01A81F44AD
:10FA900008AB3946E3F772F9002852D1069A092AD1
:10FAA00068D10799354802F023FC002862D1089BF1
:10FAB000302B4AD10A9B099A039303EB0208434572
:10FAC0005AD21B780CAA414603A80B930623E3F7EE
:10FAD0000DF838B1A0F50C50F0B1B8E7B0F50C5006
:10FAE000C3D0B4E7039B29460C9A0BA80D9313448B
:10FAF0000393EFF727FE0028ECD1039B98450BD02A
:10FB0000052303A804AA4146E2F7F0FF049B034340
:10FB1000E0D1039B984503D1019BBB423FF476AFF4
:10FB2000174894E7019D3246029B01A81D442946CF
:10FB3000E3F71EF80028A1D1019BAB423FF475AF5B
:10FB4000EEE7B0F50C50A9D081E70E487FE7DDE97C
:10FB500001530BAA01A81D442946E3F709F8002820
:10FB60008CD1019BAB42DBD10B9A012A3FF46CAFE5
:10FB700005486CE705486AE7054868E71063002018
:10FB80009ADCFFFF9EDCFFFF00DDFFFF52DFFFFF7F
:10FB9000A0DCFFFF70B51546026882B08B1A002BFF
:10FBA00013DD167801AA0446E3F744F848B9236840
:10FBB000019AAB6023681344C5E90062236002B078
:10FBC00070BDA0F5125002B070BD0148F7E700BF4C
:10FBD00020DBFFFF2DE9F041DDF818801D46D8F845
:10FBE000003073BB17460E462A463946EFF73EFDF6
:10FBF000044670B92B78062B10D03368052B00D043
:10FC00002BBB7268144B002A18BF1C462046BDE867
:10FC1000F081A0F518542046BDE8F08108210120AC
:10FC200002F062FB0546A0B1031D394630462A4664
:10FC3000FFF7BCFE044630B92046C8F80050BDE8C6
:10FC4000F081064CE2E7284602F062FBDEE7024C58
:10FC5000DCE7034CDAE700BF00DDFFFF00D8FFFF61
:10FC600080D7FFFF03682DE9F0471446CA1A82B017
:10FC7000002A40F3FD801A780546172A00F0F48028
:10FC8000182A40F0F3800426013301AA28462B608D
:10FC9000E2F7E0FE20B1A0F5105002B0BDE8F08719
:10FCA000019F06F108039F42C0F0DA802B682060B4
:10FCB00006EB030E1A789C460133303A092A00F20B
:10FCC000CF8021689E4501EB81014FEA410121600F
:10FCD0002B6013F8012CA2F130020A442260E9D112
:10FCE000022E05D1312AD8BF643202F26C72226032
:10FCF00000220CF1030C62601A7819460133303A85
:10FD0000092A00F2AD8062689C4502EB82024FEA4C
:10FD1000420262602B6013F801ECAEF1300E7244C7
:10FD20006260E9D101F103080021A16093F800C0ED
:10FD30009E460133ACF1300CBCF1090F00F290800B
:10FD4000A168984501EB81014FEA4101A1602B6058
:10FD500013F801CCACF1300C6144A160E6D14FF056
:10FD6000000C0EF1030EC4F80CC093F800C09846C6
:10FD70000133ACF1300CBCF1090F71D8D4F80CC0D0
:10FD80009E450CEB8C0C4FEA4C0CC4F80CC02B605D
:10FD900013F8019CA9F13009CC44C4F80CC0E4D19B
:10FDA0004FF0000E08F10308C4F810E093F800E0EB
:10FDB00099460133AEF1300EBEF1090F50D8D4F898
:10FDC00010E098450EEB8E0E4FEA4E0EC4F810E090
:10FDD0002B6013F801ACAAF1300AD644C4F810E045
:10FDE000E4D1BF1BA7F10806012E39D9002609F17D
:10FDF000030966619846013398F80060303E092E89
:10FE00002ED866694B4506EB86064FEA46066661C4
:10FE10002B6013F801ACAAF1300A56446661E9D1AF
:10FE20000B2FA7F10A0325D0D3B9236842F20F7430
:10FE3000A34215D8BCF1170F12D8BEF13B0F0FD853
:10FE40003B2E0DD80C2A0BD8012441F2AA55944020
:10FE50002C4217D01F23994202DC00293FF71DAF27
:10FE6000184802B0BDE8F08702260DE7164814E7EF
:10FE7000164812E798F801305A2BF1D108F1020325
:10FE80002B60D2E714F4256F01D01E23E3E7022A8A
:10FE9000E6D19A070BD10E4C0E4A04FB032204F163
:10FEA0008044013CB4EBB20F01D21D23D3E7094AD1
:10FEB000074C04FB0323084AB2EB331F2CBF1D235E
:10FEC0001C23C8E700DCFFFF9EDBFFFFA0DBFFFF7A
:10FED000295C8FC250B81E050AD7A30038B5036845
:10FEE0001546CA1A002A19DD1A7802F07F02022A82
:10FEF00012D15A1C044602602A461B7842F8043B81
:10FF0000E2F7A8FD28B922686B68AA601344236051
:10FF100038BDA0F50A5038BD014838BD014838BD8C
:10FF20001EDDFFFF20DDFFFF70B51546026882B0C1
:10FF30008A421BD016782A4643F0A003044642F8B2
:10FF4000046BE2F7D3FD08B102B070BD2268302324
:10FF50006E682046AA60164401AA3146E2F7C6FD43
:10FF600038B92368019A13449E4206D1002002B09A
:10FF700070BDA0F5145002B070BD0148E4E700BFA9
:10FF80009ADAFFFF2DE9F04186B0074610460022BD
:10FF90000D4605A91E469DF830800592EFF790FBAF
:10FFA00088B1244A2946384602F0A6F90446002CB6
:10FFB0003DDBAC423BD2062EA5EB04050BD0204620
:10FFC00006B0BDE8F081059B29461B4A384602F081
:10FFD00093F90446EBE74046EEF7F4FA0D9B8046B2
:10FFE0001878EEF7EFFA0646B8F1000F1BD040463E
:10FFF000EEF782FB0346C6B130460393EEF77CFB77
:02000004600298
:10000000039B0D990090381949680C4A01912946C3
:1000100002F072F900280ADBA84208D20444204604
:1000200006B0BDE8F081034BE5E70248E9E7044C80
:10003000C5E700BF1C630020C462002020630020CD
:1000400080D6FFFF1346074A10B50C4602F054F95C
:10005000002805DBA04234BF0020012000B910BDFC
:10006000014810BD3863002080D6FFFF38B5054633
:1000700008460C46F0F7D2F9012811D006280FD017
:10008000831EDBB2022B15D862680123A96812789F
:10009000013A93400B420CBF4FF0FF30002038BDB7
:1000A0002046F0F77FF8EB6898424FF0FF3028BF0A
:1000B000002038BD4FF0FF3038BD00BF70B504469A
:1000C00096B090F828010E46EEF77CFA06AB05468E
:1000D000D4E90421EEF732FB00BBD4F82C112846FA
:1000E00094F8283194F8295105910493EEF7FCFA1D
:1000F00006AB06F1BC020599CDE900302846D4F8DC
:100100002051049B0395D4F824410294F0F788F819
:10011000003818BF0120404216B070BD4FF0FF30CC
:10012000FAE700BF2DE9F04105460E462A6833681C
:100130009A4243D173686A689A423FD1B168A8680D
:1001400002F0D6F80746002838D1EC68D6F80C80C3
:10015000444538D00C2C01D0132C2FD1B8F10C0F02
:1001600002D0B8F1130F29D132692B69934225D1FE
:1001700068697469B3B1013B00F1FF3C013C18446C
:100180001CF8013F14F801EF23F02002734583EAC5
:100190000E01A2F1410203D020290FD1192A0DD856
:1001A0006045EDD12A7F337F9A4207D1AD69B669A8
:1001B00055EA060304D00DB1002EB7D14FF0FF373A
:1001C0003846BDE8F08133692A699A42C2D1716923
:1001D000686902F08DF80028BCD1E3E72DE9F0470B
:1001E000002951D01546089A814600F14C079B1A08
:1001F0000C464FF0000848F2010A5E1C04F16C0145
:100200003846FFF78FFFF8B935B3A369022B23DC1B
:10021000D4F80031002B01DDB34215D32146484606
:10022000FFF74CFF80B904F1A400FFF7A1FA38B939
:1002300004F18C00FFF79EFA10B92046BDE8F08764
:10024000B8F1000F08BFA046D4F83041002CD5D13A
:1002500044462046BDE8F087D4F8FC30002BF3D0AC
:10026000D4F8F830590706D5D4F804315A07EBD53D
:1002700013EA0A0FE8D1D4F80031002B01DDB342B4
:10028000E2D3002DCFD0C9E70C46D6E7F8B54568D4
:1002900006460C4695423AD0204602F005F8022D5B
:1002A00032D9B7683B782A2B2ED17B782E2B2BD1D5
:1002B00050B3621EC4F1010E161801E0B24223D001
:1002C0000EEB020112F8013F2E2BF7D1E1B1013DF7
:1002D000401AA84218D1BC4604EB010E384401E094
:1002E0001EF8013F1CF8012F22F020019A4282EAF9
:1002F0000304A1F1410103D0202C05D1192903D811
:100300008445EDD10020F8BD4FF0FF30F8BD836883
:10031000002DF7D06719013903F1FF3E013F11F8B5
:10032000013F1EF801CF23F02002634583EA0C0051
:10033000A2F1410203D02028AED1192AACD88F42B5
:10034000EDD10020DFE700BF2DE9F0470F468EB06A
:10035000002B00F049811D469B691646804600939C
:100360001346A74A01F0C8FF041EC0F24481BC42F4
:1003700080F04181A0443C1B3346A24A21464046BE
:1003800001F0BAFF0028C0F23681844240F2338186
:10039000241A804405F11C0221464046FFF772F9F9
:1003A0000028C0F22881844240F22581241A80442A
:1003B0003346954A2146404601F09EFF0028C0F290
:1003C0001A81844240F21781241A804405F14C02BC
:1003D00021464046FFF7C0F80028C0F20C81844255
:1003E00040F20981241A80443346884A2146404617
:1003F00001F082FF0028C0F2FE80844240F2FB80C0
:10040000241A804405F16C0221464046FFF7A4F807
:100410000028C0F2F080844240F2ED80D5F8A03090
:10042000241A80447A4A05932146D5F89C304046E8
:100430000493D5F898300393D5F894300293D5F807
:1004400090300193D5F88C300093334601F054FF7F
:100450000028C0F2D080844240F2CD80D5F8B83078
:10046000241A80446B4A05932146D5F8B43040469F
:100470000493D5F8B0300393D5F8AC300293D5F897
:10048000A8300193D5F8A4300093334601F034FF2F
:100490000028C0F2B080844240F2AD80241A80442B
:1004A00033465D4A2146404601F026FF0028C0F24F
:1004B000A280844240F29F80D5F82C31241A8044D7
:1004C00005F128020193214695F828314046009312
:1004D00095F82931FFF756FDB0F10009C0F28B8085
:1004E0004C4540F2888005F1BC0A5046EFF78CFF7E
:1004F0001221024609A8FFF7A5FD10B10EB0BDE814
:10050000F0875046A4EB0904EFF74CFEC84409AB52
:10051000424A2146CDE900303346404601F0ECFE28
:10052000002868DB844266D9D5F8F830241A804464
:10053000DA051AD5D5F8FC104046394A394B00295E
:1005400008BF1346384A21460093334601F0D4FED3
:10055000002850DB84424ED9D5F80031241A80445B
:10056000002B00F32281D5F8F83098066CD4D9031B
:1005700000F1A5805A0700F1D2801B0540F10581EA
:1005800033462A4A2146404601F0B6FE002832DBB7
:10059000A04230D2241A804405F58475244BDFF83C
:1005A00098A0244EDFF89C9012E0089A0092214611
:1005B0003246404601F0A0FE00281CDBA0428044E9
:1005C000A4EB000417D2ED68002D00F0DE804B464E
:1005D00008A928460793EFF7F9F8079B0028E4D00D
:1005E000154ACDF820A0E1E7144A01F085FE002865
:1005F00001DBB84282D312480EB0BDE8F08700BFDD
:100600007463002090630020A8630020C063002072
:10061000D86300201064002048640020606400203B
:100620004C630020446300207464002000660020B6
:10063000683D0020186600201C63002054630020E1
:1006400080D6FFFFB46200203346B84A21464046B8
:1006500001F052FE0028CEDBA04234BF002201226E
:10066000002AC8D1241A804405F1E809B049DFF80E
:10067000D8A2D9F804309818A04280F08C81241AAE
:100680002AB14046904401F05BFED9F8043053B1E2
:100690000020D9F808301B5C013008F8013BD9F87C
:1006A00004309842F5D3D9F80C9002225146B9F1A2
:1006B000000FDED188F80090D5F8F83057E73346C0
:1006C0009C4A2146404601F017FE002893DBA042D9
:1006D00091D295F91831241A804495F81891002B7D
:1006E000934BC0F28A8119F0400F40F0778119F0E6
:1006F000200F40F0648119F0100F40F0518119F083
:10070000080F70D119F0040F5ED119F0020F79D1E2
:1007100019F0010F40F08580D5F8F8302AE733460C
:10072000854A2146404601F0E7FD0028FFF663AF09
:10073000A042BFF460AFD5F80491241A80447C4BEA
:1007400019F0800F7BD119F0400F40F0878019F02D
:10075000200F40F0AF8019F0100F40F09C8019F08E
:10076000080F40F0098119F0040F40F0D08019F013
:10077000020F40F0BD8019F0010F40F0AA8019F47B
:10078000004F7AD1D5F8F830F7E66C4A214640465A
:1007900001F0B2FD0028FFF62EAFA042BFF42BAF50
:1007A000001B38440EB0BDE8F087013B644A214687
:1007B000404601F0A1FD0028FFF61DAF84427FF600
:1007C0001AAF241A8044CEE65E4A2146404601F024
:1007D00093FD0028FFF60FAF84427FF60CAF241A7A
:1007E0008044594B91E7594A2146404601F084FD27
:1007F0000028FFF600AF84427FF6FDAE241A804445
:10080000514B7FE7524A2146404601F075FD0028D2
:10081000FFF6F1AE84427FF6EEAE241A80444A4BD6
:1008200076E74C4A2146404601F066FD0028FFF677
:10083000E2AE84427FF6DFAE241A80446CE7464A7B
:100840002146404601F058FD0028FFF6D4AE844210
:100850007FF6D1AE241A80443B4B74E73F4A2146D1
:10086000404601F049FD0028FFF6C5AE84427FF600
:10087000C2AE241A8044344B69E7394A21464046C7
:1008800001F03AFD0028FFF6B6AE84427FF6B3AE23
:10089000241A804476E7334A2146404601F02CFD75
:1008A0000028FFF6A8AE84427FF6A5AE241A804445
:1008B000254B54E72C4A2146404601F01DFD0028F7
:1008C000FFF699AE84427FF696AE241A80441E4B02
:1008D00041E7264A2146404601F00EFD0028FFF67A
:1008E0008AAE84427FF687AE241A8044164B46E7D0
:1008F0001F4A2146404601F0FFFC0028FFF67BAE70
:1009000084427FF678AE241A80440F4B33E7194AAD
:100910002146404601F0F0FC0028FFF66CAE844210
:100920007FF669AE241A8044074B20E7A8640020B4
:10093000683D0020C06400204C6500206442002017
:100940009464002020650020B4620020146500201B
:100950002C65002038650020646500207865002043
:10096000F0650020A06500208C650020E065002077
:10097000D4650020C4650020274A2146404601F086
:10098000BBFC0028FFF637AE84427FF634AE241A53
:100990008044224BE7E60023214888F80030ADE58B
:1009A000204A2146404601F0A7FC0028FFF623AE6E
:1009B00084427FF620AE241A8044184B9FE61A4AE0
:1009C0002146404601F098FC0028FFF614AE844210
:1009D0007FF611AE241A8044104B8CE6134A214650
:1009E000404601F089FC0028FFF605AE84427FF600
:1009F00002AE241A8044094B79E60D4A214640464E
:100A000001F07AFC0028FFF6F6AD84427FF6F3ADE4
:100A1000241A8044014B66E6B4650020B4620020CD
:100A200080D6FFFF00650020F8640020E864002005
:100A3000D86400202DE9F047DFF88CC082B08A46E8
:100A4000064690461F461D4C0D464FF0010EDFF83E
:100A50007C9001E054F808EC1EEA070F2946434653
:100A60004A4630460ED0CDF800C001F045FCB0F14A
:100A7000000C66441EDBAC45A5EB0C051AD254F8FD
:100A8000083C5F40D4F804C00834BCF1000FE1D149
:100A900027B9AAEB050002B0BDE8F0874346084A33
:100AA0003046294601F028FC002803DBA84201D289
:100AB0002D1AEEE7034802B0BDE8F087B0EB026004
:100AC0005066002080D6FFFF206600204866002088
:100AD000D0F8F83013F004030DD0094BD0F80421FE
:100AE0000B40934309D122EA010248F20101054B70
:100AF0000A4208BF002318467047024BFBE700BFBD
:100B0000FE7FFFFF00D8FFFFF8B5D0F8F8300446AD
:100B100013F4006012D00F46164604F5847403E007
:100B2000042D0CD0E468D4B16568B542F8D1A06852
:100B30003246394601F0DCFB0028F1D1F8BDA3684C
:100B40001A78552AEED15A7801331D2AEAD113F8C2
:100B5000012F252AE6D158780028EFD0E2E7014896
:100B6000F8BD00BF00D8FFFF38B5054601F1840489
:100B700001E0E46B94B1236983B12A6A9A42F8D107
:100B80006169686A01F0B4FB0028F2D104F1180031
:100B9000FEF7EEFD0028ECD0012038BD002038BD66
:100BA0002DE9F04F2DED028BB1B0984608EE101AEA
:100BB00000213D9B83460B921CA8502219603C9C4F
:100BC00001F076FBB8F1000F00F0E981ACB12046EE
:100BD00001F06AFBDBF8F83006469D0640F1BF8164
:100BE0000BF1E805284632462146FFF74FFB20B1BE
:100BF000ED68002DF6D104231D930BF1BC010846CE
:100C00000491EFF70BFC01230138D8F80420049974
:100C10008340134200F0C5814046FFF727FA0028C1
:100C200040F0798100241CABA24607930A94079DEB
:100C30000BF1A400C5F800B0FEF79AFD631C089301
:100C400018B16B6843F001036B600BF18C00FEF789
:100C500091FD20B1079A536843F400735360BAF1D1
:100C6000000F40F0FE809BF828310122013B02FA80
:100C700003F3D8F80020134200F058819BF8293183
:100C80000122013B02FA03F3D8F80420134200F0DA
:100C90004781631C012B00F0C6800A9B012218EEDD
:100CA000101A584600932346FFF798FA0546002885
:100CB00000F0FF800BF16C010BF14C00FFF732FAF2
:100CC000002840F0AD800A9B01330A930123099369
:100CD00005F1BC0940464946FFF7C8F920B1079A1B
:100CE000536843F4803353600B9C002C00F0558113
:100CF0000CAFCDF818B0A369002B75D0E26A6B6C0D
:100D00009A4271D1A96C206B01F0F2FA00286BD1E4
:100D1000D5F8F830580709D5D5F80431990740F1CE
:100D2000F48048F20102134240F0EF8094F8E800AA
:100D30000121D8F80020431E01FA03F3134294F86E
:100D4000E9304FF0010203F1FF3308BF4AF4003AE3
:100D500002FA03F3D8F80420134208BF4AF4802AA9
:100D6000EDF730FC3B460646D4E90421EDF7E6FCFE
:100D7000002840F0CA8049464046FFF777F908B19D
:100D80004AF4803AD4F8EC10304694F8E83094F8FD
:100D9000E9B005910493EDF7A7FCD4F8E0200646EE
:100DA00058460392D4F8E4200097CDE90162DDE9CA
:100DB00004314A46EFF734FA002840F0A68004F1E7
:100DC0006C00FEF7D5FC08B14AF0200A04F154008B
:100DD000FEF7D0FC08B14AF4806A21460698FFF776
:100DE000C3FE002840F09480D4F8F040002C82D15B
:100DF00052460799AB464B6813434B6001F1080319
:100E0000DDE9084A079312E70A9B012218EE101A3F
:100E1000584600930023FFF7E1F90546002848D023
:100E20000123099354E70BF16C010BF14C00FFF720
:100E300079F90028E8D118EE105A002DE4D0DBF83B
:100E4000046003E0D5F83051002DDDD06B689E4280
:100E5000F8D1A9683246DBF8080001F049FA002809
:100E6000F0D1089B1CAADDF8FC805D1E02EBC304D8
:100E7000DDE93D6754F8041C2A460CAB013D4046B1
:100E80000C912FB154F8081CB847002854D10C9984
:100E900033686A1CA4F1080443EA01033360E9D112
:100EA000002B424808BF002031B0BDEC028BBDE8EA
:100EB000F08F0A9A2346DBF8301158460092002240
:100EC000FFF78CF90546002843D0089B012B0CD076
:100ED0000BF16C010BF14C00FFF724F910B90A9BE0
:100EE00001330A93089B082B29D829465846FFF757
:100EF000E5F8099000283FF4EBAE079A536843F0F9
:100F00000803536000230993E2E64AF0100270E7F9
:100F10004AF002026DE71D9B43F480331D9381E686
:100F2000079A536843F400435360B2E6079A536844
:100F300043F480435360A1E610F51C5F00D11C48C8
:100F40004FF0FF333D9A136031B0BDEC028BBDE82A
:100F5000F08F079A536843F00803536081E70BF161
:100F60006C0503E0AD69002D3FF445AE6B68032BC3
:100F7000F8D1AB6818785528F4D159780133042991
:100F8000F0D15B78032BEDD105F10C003246214600
:100F9000FFF77CF90028E5D12FE60B9A29E70548F1
:100FA000CEE71D9B43F400431D9335E600D9FFFFB8
:100FB00000D0FFFF00D8FFFF10B584B00093069B60
:100FC000089C0193079B03940293024BFFF7E8FDF3
:100FD00004B010BD50EC02604FF49A72002101F091
:100FE00067B900BF00286AD070B5064682B00546D2
:100FF00005F1BC00EFF786F8D5F82C0101F088F96F
:101000006C6E54B120462021A4690190F0F744FF92
:10101000019801F07DF9002CF4D1D5F8844054B149
:1010200020462021A4690190F0F736FF019801F0D5
:101030006FF9002CF4D1D5F8144154B12046102199
:10104000E4680190F0F728FF019801F061F9002CA5
:10105000F4D1D5F8F44054B120461021E468019051
:10106000F0F71AFF019801F053F9002CF4D1A868A9
:1010700028B16968F0F710FFA86801F049F9D5F8C0
:101080003051002DB4D14FF49A713046D6F830412A
:10109000F0F702FF20464FF49A7174B1D4F8305142
:1010A000F0F7FAFEB44220462C46F3D001F030F9B6
:1010B00020464FF49A71002CF0D102B070BD7047F9
:1010C0002DE9F04F9DB0002800F0AB81B1FA81F519
:1010D00088466D09002900F0A48107469146044620
:1010E00005E0D4F830612546002E6ED03446A36961
:1010F000002BF6D10D930DF1340A10931393CDE923
:101100000E33CDE91133CDE9143310AB039313AB98
:101110000293302307AA08A8CDE90798C14449469D
:10112000E1F7E4FC002840F07F81089A079EA9EBD4
:101130000209B145C0F02F8132440120A2EB080B17
:101140005946C4F804B001F0CFF881460890A06079
:10115000002800F0FF8241465A4601F0F1F8ABEB5F
:10116000060309EB0B0607AA4B4408A83146636146
:1011700008933023E1F7BAFC8046002840F0118143
:1011800008A8DDE9073202EB0309636919AAA9EB94
:10119000030349462361A023E1F7A8FC8346002806
:1011A00038D010F1620F00F00E812046FFF71AFFD1
:1011B00015B10022C5F83021A74202D0204601F027
:1011C000A7F858461DB0BDE8F08F4FF49A71012082
:1011D00001F08AF8C4F83001002800F0BE824FF414
:1011E0009A72314601F064F810ABD4F830410DF139
:1011F000340A039313AB0D96109613960293CDE920
:101200000E66CDE91166CDE91466002C81D1DFF8B8
:10121000F4B5CEE7089A08A8199B02EB030804F17D
:1012200018024146E1F7A4FC002840F0C780089B63
:10123000984540F0988104F11C02494608A8FEF741
:101240004DFE83460028B0D104F128085346494694
:1012500008A84246FEF7A2FB83460028A5D1A36951
:10126000022B00F28C8101335146404604F5947202
:10127000A36104F59673009304F22913FEF7AAFC08
:101280008346002891D1089B07AA494608A8E36332
:101290003023E1F72BFC0346002840F0978004F14F
:1012A0004C0208A8DDE907311944FEF7E9FA834644
:1012B00000287FF47AAFE26B4946089B08A89B1A86
:1012C00019AAA3633023E1F711FC002800F08780FE
:1012D000B0F5105B7FF469AF089BA36407AA3023C5
:1012E000494608A8E1F702FC034600286ED1079B97
:1012F00053B1089904F16C0208A81944FEF7C0FA2A
:10130000834600287FF451AFA26C4946089B08A889
:101310009B1A04F1BC026364F0F7AAFC8346002820
:101320007FF443AFA3699A1E012A089A40F2828093
:10133000914530D1314608A8DDE90223FEF72EFBA6
:10134000834600287FF431AFE26A149B9A4240F052
:10135000E6811599206B00F0CBFF002840F0DF817B
:101360000E9A119B9A4240F0DA8132B112990F988D
:1013700000F0BEFF002840F0D28108A804F58E726C
:101380003146FEF707FC834600287FF40EAF089A2B
:1013900096423FF416AF2046DFF86CB4FFF722FE0A
:1013A00006E7A8F5065B2046FFF71CFEBBF1000F21
:1013B0007FF4FEAE58461DB0BDE8F08FB0F5085B77
:1013C0003FF439AFF1E6C4F8188034E7A3F5065BC3
:1013D0002046FFF707FEBBF1000FEBD0E8E6089AC6
:1013E00008A8199B02EB030804F18C024146FEF7A2
:1013F00039FC834600287FF4D8AE04F1A4024146AC
:1014000008A8FEF72FFC834600287FF4CEAE089B89
:1014100098453FF462AF2046DFF8F0B3FFF7E2FDF6
:10142000C6E6DFF8E0B3CCE62046DFF8E4B3FFF72A
:10143000D9FDBDE6914500F034811378494604F1A9
:10144000C80208A8C4F8C430A123E1F74FFB8346C3
:10145000002800F02A8110F1620F7FF4A6AE089AEE
:10146000A369991E01293FF663AF914500F01981E8
:101470001378494604F1D40208A8C4F8D030A22356
:10148000E1F734FB8346002800F0038110F1620F7E
:101490007FF48BAEA369032B6FD1032304F1DC022D
:1014A000494608A8FEF740FD8346002861D1089A06
:1014B00091454FD90490049B09AA494608A818935E
:1014C000CDE91633CDE90A333023E1F70FFB0028CD
:1014D00040F09081494608A8DDE9083203EB020A92
:1014E0001B7817AA16930623E1F700FB002840F0AB
:1014F0008181089B179A189313440893A9EB03035F
:10150000002B40F31C810AAA514608A8E1F706FB0C
:1015100010F1620F02D0002840F06C81042309AA68
:10152000514608A8E1F7E2FA002840F06381DDE9BE
:10153000082302EB0308C24540F009810BA916A855
:10154000EDF7D0FF20B30A9BCDF820A0EBB95246AF
:101550009145B0D891453FF4EDAE2046DFF8B4B2E6
:10156000FFF740FD24E62046DFF8ACB2FFF73AFD76
:101570001EE610F1620F7FF418AE089AD8E62046F6
:10158000DFF898B2FFF72EFD12E6DFF894B20CE612
:10159000D4F8F8100B9A11EA020340F028811143A5
:1015A000B2F5807FC4F8F81000F0E68056DC042A1B
:1015B00000F09280202A40F0DC803023514608A8B9
:1015C0000DEB0302E1F792FA002840F0CC80089A74
:1015D0000C9BD1181346884540F0B980904504F122
:1015E000E80A07D8AEE0089B199A13449845089377
:1015F00040F2A880A8EB0302002A40F3A08013F871
:1016000001BB19AA414608A80893E1F723FA00286C
:1016100040F0A9800BF0C003802BB6D1BBF1820F44
:10162000E1D1DAF8083073B1DAF80C30002B40F071
:10163000DE801021012000F057FECAF80C000028BF
:1016400000F08E8082468223CAF80030199A089BE7
:10165000CAF80420CAF808301344C7E7B2F5006F8F
:101660002BD0B2F5803F40F08480514619AA08A8DB
:1016700019938DF868301B93E1F7AAFA002859D125
:10168000199B012B25D11B9B1B7884F81831089AD4
:101690005EE7089AD4F8D430C4F8D82013440893ED
:1016A000F8E6032B7FF446AEF7E6089AD4F8C83084
:1016B000C4F8CC201A440892D2E65146062304F519
:1016C000847208A8E1F7DEFAA0BBD4F81031002B31
:1016D000DDD1DFF850B168E5514619AA08A8199381
:1016E0008DF868301B93E1F773FA0346E8B919984F
:1016F0000028EED0DDF86CC01A46C4F804311CF89E
:1017000003104FEAC30E013301FA0EF1984242EA88
:101710000102C4F80421BAD0042BF0D1B7E7204667
:10172000DFF804B1FFF75EFC42E5B0F51450AED02F
:1017300083463AE5B0F51450A9D0834635E5DFF885
:10174000ECB032E5049A4345CAF80C209FD0DFF88C
:10175000C4B02AE5DFF8D8B02AE5DFF8D4B030E528
:10176000DFF8D0B021E5A0F5145000288FD08346D3
:101770001BE5DFF8C4B018E5C4E93F335146302318
:1017800019AA08A8E1F7B2F90028ECD1089A904507
:101790003FF4DEAE04F1FC02414608A80592E1F7F1
:1017A000BDF978B110F1620F059ADCD1414608A865
:1017B000E1F7DEF90028D6D1D4F8FC3013B10123CB
:1017C000C4F8FC30089A90453FF4C2AE04F580722C
:1017D000414608A8E1F7CCF90028C4D1089A904501
:1017E000B5D1D4F800310133C4F80031B0E6DFF8E8
:1017F0004CB0DAE4A0F5145BBBF1000F3FF4BDAED2
:10180000D3E400BF00D8FFFF1ADEFFFF9ADBFFFF23
:1018100080DEFFFF9ADAFFFF9ADDFFFF80DAFFFF2D
:101820009EDAFFFF9CDAFFFF80D9FFFFA0DAFFFFFF
:1018300080D7FFFF96DAFFFF80DFFFFF00DBFFFFAF
:101840002DE9F04F8BB0002872D00F4600296FD0E1
:10185000054614468AB38A1812F8016C6EBB3749E4
:10186000384600F04DFD40B3012C5ED0B046B14685
:10187000DFF8CCB0DFF8C4A0049607A8EEF708F9AB
:1018800006AB5A46514607A8CDF80090CDE9019322
:101890003B46EEF703F90246B8B110F5A45F42D01B
:1018A00010F5845F2ED1049B002B37D1B8F1000FC7
:1018B00041D040460BB0BDE8F08F2246394628465D
:1018C0000BB0BDE8F04FFFF7FBBB069B2846DDE9F8
:1018D0000712E41A1F44FFF7F3FB059007A8EEF781
:1018E00067FB059A4AB112F5225F06F101061AD08C
:1018F000B8F1000F08BF904601E001230493012CCA
:10190000BBD8D0E7B8F1000F08BF804607A8EEF7B4
:101910004FFB069B0136E41A1F44F0E7B0464046F1
:101920000BB0BDE8F08F9046C3E7DFF81880C0E742
:10193000DFF81480BDE7A8F51E58BAE77C660020E2
:101940009866002080D8FFFF00D8FFFF43690A4A4D
:1019500003EB011010B4037A084C02EB0313D3E934
:1019600001321460C2681A6003690BB142691A60DF
:101970005DF8044B704700BF5829002061F8010052
:101980004369027E03EB021292F808C08C451CD01A
:101990001A7AFF2A19D0914210B5044616D01A7E41
:1019A000FF2A06D00121D3E9002312681A4201D18F
:1019B000217610BD064B0522204603EB0C135B6815
:1019C0001A60FFF7C3FF2176F3E770470021EAE7CB
:1019D0005829002043690A4A03EB011010B490F81B
:1019E0002830084C02EB0313D3E901321460C26AB9
:1019F0001A60036B0BB1426B1A605DF8044B7047C1
:101A00005829002061F801004369427E03EB02126D
:101A100092F828C08C451ED093F82820FF2A1AD0AF
:101A2000914210B5044617D093F83820FF2A06D00B
:101A30000121D3E9002312681A4201D1617610BD59
:101A4000064B0522204603EB0C135B681A60FFF778
:101A5000C1FF6176F3E770470021EAE758290020CB
:101A6000164942698B6B23F47C0343F4802370B5E1
:101A70008B630446124DD2E900130A681A430369C6
:101A80000A60022200211A610E4A19619A64012239
:101A90005A629D624FF43035DD624FF001159E6C45
:101AA0001E6519629D651A61017EFFF74FFF617E19
:101AB0002046BDE87040FFF78DBF00BF00C00F405B
:101AC000B80B05053B372819104BA020104AD96EDA
:101AD00041F4403110B4D96640F23764D96E41F414
:101AE0004071D96654649064936C1B06FCD4094A17
:101AF00040F23761A02351649364936C13F0800328
:101B0000FBD1054A13705DF8044B704700C00F40CD
:101B100000400C4000800C409F130120704700BF24
:101B2000704700BF704700BF00BF704710B44FF050
:101B3000E023002110243148C3F8941DC3F89C4DC4
:101B40001124C3F8A00D2E48C3F89C4D1224C3F8ED
:101B5000A00D2C48C3F89C4D2B4AC3F8A00D2B4C6C
:101B600042F015022A48C3F89C4DC3F8A00D294C39
:101B70002948C3F89C4DC3F8A00D284CC3F89C2DF0
:101B80002748284AC3F8A04DC3F89C0DC3F8A02DE0
:101B900002F5A022244C0C322448C3F89C4DC3F813
:101BA000A02D234AC3F89C0D224CC3F8A02D02F1AE
:101BB0004062C3F89C4D2048C3F8A02D0C32C3F8F6
:101BC0009C0DC3F8A02D00BF00BF00BF00BF00BF29
:101BD0000122C3F8942DBFF34F8FBFF36F8FC3F86B
:101BE000501FBFF34F8FBFF36F8FD3F8142D5DF8E5
:101BF000044B42F44032C3F8142D70473F000010EC
:101C0000250008070900100000140120130020001F
:101C1000210002071400002025000813090000100D
:101C20001600202027000B1317000040180000604A
:101C30002F000B07190000701A000080F0B5B84B98
:101C40001822B84E0120B84F83B0C3F85C62B74980
:101C5000C3F86072B64DC3F86462A6F53046B54C61
:101C6000C3F86862C3F86C52C3F87052C3F8745278
:101C7000C3F8785248F20C75DA661A675A679A67A1
:101C8000DA67C3F88020C3F88420C3F88820C1F83D
:101C90002C03A94AC1F83003C1F83403C1F8380352
:101CA000C1F83C03C1F85003A169A44B0A40A44801
:101CB000A4491343A44AA361D4F8843043F00C032D
:101CC000C4F884304FF0FF34036843F0020303602C
:101CD00003682B404FF400551A439C4B026044604C
:101CE0008A689B4C13409B4A43F000538360C3684F
:101CF00023F07803C360036A134023430362036A3B
:101D00001340954A2343954C43628262C26200228B
:101D1000D1F8B83023F03F0343F00103C0F8B830E6
:101D2000D1F8BC308E4923F03F0343F00103C0F8E3
:101D3000BC3040F20563026105660467C0F880307C
:101D4000456644670224C0F88430036823F0020328
:101D500003608161834B8449C46143F8042B8B4247
:101D6000FBD1774A136843F001031360136813F043
:101D70000103FBD17A48022140F2F564906140F200
:101D80009940D16140F26641C2F8004242F20144FA
:101D9000C2F810127549C2F82002C2F8301240F29F
:101DA00035417348C2F83442C2F84012714CC2F84F
:101DB000500242F201207049C2F854120121C2F8C7
:101DC0006042C2F864025E48C2F8A030C2F8A43093
:101DD000C2F8B0104369DA07FCD5012300244FF4A0
:101DE000803257494361C0F8A040C0F8A420C0F831
:101DF000B0304B69DB07FCD5012300244FF40030E1
:101E00004F4A4B61C1F8A040C1F8A400C1F8B030FE
:101E10005369DF07FCD50123002458484849536122
:101E2000C2F8A040C2F8A400C2F8B0304B69DE0787
:101E3000FCD5D1F8003145F60D5221209BB2486106
:101E4000934265D100244FF4802201233C48C1F81D
:101E5000A040C1F8A420C1F8B0304369DD07FCD52B
:101E600001234FF400040021354A4361C0F8A0402B
:101E7000C0F8A410C0F8B0305369DC07FCD50123CA
:101E80004FF400044FF480302D495361C2F8A04054
:101E9000C2F8A400C2F8B0304B69D807FCD50123C2
:101EA0004FF400044FF40030254A4B61C1F8A040C4
:101EB000C1F8A400C1F8B0305369D907FCD501239B
:101EC0004FF400042D481E495361C2F8A040C2F8E7
:101ED000A400C2F8B0304B69DA07FCD5D1F8003164
:101EE00045F60D5221209BB24861934250D00825FF
:101EF0004FF4000422490020224B234A0090157021
:101F00005A1A01232148224400F00EFA03B0F0BD12
:101F10001E4B0022C3E90022C3E9022203B0F0BD38
:101F200000801F40F9B00100F910010000841F403B
:101F3000F970010000C00F40FFFCFF1F000300A06C
:101F400000402A4000802A401200FFFFFF37F700C0
:101F50004000008000FFF07CFF000F836300020060
:101F6000F05AF05A00422A4000432A409F04183099
:101F7000EB06180A3806180A063201260400030088
:101F80000000007000000070A3130120FC07012076
:101F90004FF400044FF4802201230848C1F8A04008
:101FA000C1F8A420C1F8B0304369DB07FCD5012398
:101FB00010254FF0807443619CE700BF00402A4029
:101FC000F0B4154A40274FF480314FF480564FF457
:101FD00000554FF4404443F24200136913F0020FDE
:101FE0000ED113F4005F0FD013F4805F0ED0002BDE
:101FF000F3DA13F4803F0BD15B060BD5F0BC7047CE
:10200000946151619061E8E75561E6E75661E4E764
:102010009161E2E75761E0E700800D403F4A03200D
:102020003F49F3EE095AD2F880304FF0000C9FED93
:102030003D6A23F001039FED3C5A30B4C2F8803072
:10204000C2F89000D1F8E010384DCBB2384C394886
:102050002B6007EE903A0B0DC1F30B21F8EEE77AF7
:1020600006EE903A07EE101A334BB8EEC77A2160AD
:10207000F8EEE66A314937EEC66A37EEC55A76EEB3
:10208000C76A77EEE57A26EE266AC3ED006A25EE8A
:10209000265AD2F8803067EEA64AC0ED007AC6EE26
:1020A000275A274885EE276AC4EEA76A75EE875A35
:1020B000FCEEE55A36EE076A15EE904ABCEEC66AAB
:1020C00043EA045376EE877AC2F8803016EE103A6F
:1020D000D2F89041FCEEE77A01EA0341214317EE82
:1020E000903AC2F89011C3F30B03D2F890110B434E
:1020F0001449C2F89031D2F8803043F00203C2F89C
:102100008030114B80F840C0C1F840314FF0E023DF
:10211000012230BCC3F80821704700BF00810D4088
:1021200000441F400000AA420000B4428010012079
:102130007C10012084100120881001200000FF0F76
:1021400000E400E0008000208D180100314B40F6D3
:10215000617210B5C3F8202140F2044400F0DCF8AD
:102160002D4A2E49D2F880302D4843F00303C2F89F
:1021700080302C4BC1F8604102681A4203D1D1F87B
:10218000A8319A071BD0254A4FF00041244B5963D0
:10219000D2F8403143F00203C2F84031D2F8403166
:1021A0009B07FBD44FF400304FF0E0211C4B4FF065
:1021B0000042C1F88C0219209A6300F085F8184A91
:1021C0004FF08040154C002190630A20164B11609F
:1021D0004FF42072C4F8A801184600F069F84FF4D3
:1021E000800203464FF4810040F243111860C4F8A6
:1021F00058311A640D4B0E4AC4F84811C3F8042232
:102200004FF0E0224FF400310123C2F80C11C4F862
:10221000403110BD00800D4000C00F4000002E4036
:1022200000900D40001C1E000000002000800020D7
:10223000751A010008B50E4B1B6E9B0700D4FBBE40
:1022400072B60C4B00200C4AC3F8400103F1604306
:102250000A49A3F55F2311649D46BFF34F8F4FF4E6
:1022600000130748074ADB6902609B68984700BF74
:1022700000441F4000002E4000C00A400300200020
:1022800000802020000012EBF8B500BFF8BC08BCAD
:102290009E467047000000005FF800F0B115010095
:1022A0005FF800F0095601005FF800F0C159010025
:1022B0005FF800F06D4E01005FF800F0014B010087
:1022C0005FF800F0E50C01005FF800F03D07010049
:1022D0005FF800F0955501005FF800F0E54301005C
:1022E0005FF800F0754D01005FF800F0913D0100CE
:1022F0005FF800F0154D01005FF800F0C14B0100E0
:102300005FF800F0015301005FF800F04D04010098
:102310005FF800F05D3E01005FF800F0E52101008C
:102320005FF800F0D94A01005FF800F0F12A0100DF
:102330005FF800F0953A01005FF800F0B14B010042
:102340005FF800F0F50C010045000000AD3700001B
:0C235000AD61000001FD0000590101001A
:10236000010000000200000004000000080000005E
:10237000100000002000000040000000800000006D
:102380001B00000036000000637C777BF26B6FC59A
:102390003001672BFED7AB76CA82C97DFA5947F068
:1023A000ADD4A2AF9CA472C0B7FD9326363FF7CC44
:1023B00034A5E5F171D8311504C723C31896059AE1
:1023C000071280E2EB27B27509832C1A1B6E5AA004
:1023D000523BD6B329E32F8453D100ED20FCB15BEF
:1023E0006ACBBE394A4C58CFD0EFAAFB434D338558
:1023F00045F9027F503C9FA851A3408F929D38F52C
:10240000BCB6DA2110FFF3D2CD0C13EC5F97441762
:10241000C4A77E3D645D197360814FDC222A9088D9
:1024200046EEB814DE5E0BDBE0323A0A4906245C65
:10243000C2D3AC629195E479E7C8376D8DD54EA9CA
:102440006C56F4EA657AAE08BA78252E1CA6B4C696
:10245000E8DD741F4BBD8B8A703EB5664803F60EEF
:10246000613557B986C11D9EE1F8981169D98E94DE
:102470009B1E87E9CE5528DF8CA1890DBFE64268F7
:1024800041992D0FB054BB1651F4A7507E416553AE
:102490001A17A4C33A275E963BAB6BCB1F9D45F141
:1024A000ACFA58AB4BE303932030FA55AD766DF69A
:1024B00088CC7691F5024C254FE5D7FCC52ACBD7C1
:1024C00026354480B562A38FDEB15A4925BA1B6711
:1024D00045EA0E985DFEC0E1C32F7502814CF012F3
:1024E0008D4697A36BD3F9C6038F5FE715929C9532
:1024F000BF6D7AEB955259DAD4BE832D587421D32F
:1025000049E069298EC9C84475C2896AF48E797810
:1025100099583E6B27B971DDBEE14FB6F088AD1713
:10252000C920AC667DCE3AB463DF4A18E51A318221
:102530009751336062537F45B16477E0BB6BAE84E3
:10254000FE81A01CF9082B94704868588F45FD192E
:1025500094DE6C87527BF8B7AB73D323724B02E2E5
:10256000E31F8F576655AB2AB2EB28072FB5C2037E
:1025700086C57B9AD33708A5302887F223BFA5B23A
:1025800002036ABAED16825C8ACF1C2BA779B4923B
:10259000F307F2F04E69E2A165DAF4CD0605BED587
:1025A000D134621FC4A6FE8A342E539DA2F355A0D7
:1025B000058AE132A4F6EB750B83EC394060EFAA93
:1025C0005E719F06BD6E10513E218AF996DD063D73
:1025D000DD3E05AE4DE6BD4691548DB571C45D0539
:1025E0000406D46F605015FF1998FB24D6BDE997F7
:1025F000894043CC67D99E77B0E842BD07898B8874
:10260000E7195B3879C8EEDBA17C0A477C420FE909
:10261000F8841EC90000000009808683322BED4833
:102620001E1170AC6C5A724EFD0EFFFB0F853856B2
:102630003DAED51E362D39270A0FD964685CA62118
:102640009B5B54D124362E3A0C0A67B19357E70F9F
:10265000B4EE96D21B9B919E80C0C54F61DC20A238
:102660005A774B691C121A16E293BA0AC0A02AE5DF
:102670003C22E043121B171D0E090D0BF28BC7AD58
:102680002DB6A8B9141EA9C857F11985AF75074C06
:10269000EE99DDBBA37F60FDF701269F5C72F5BC60
:1026A00044663BC55BFB7E348B432976CB23C6DC7B
:1026B000B6EDFC68B8E4F163D731DCCA426385103B
:1026C0001397224084C61120854A247DD2BB3DF851
:1026D000AEF93211C729A16D1D9E2F4BDCB230F32C
:1026E0000D8652EC77C1E3D02BB3166CA970B99963
:1026F000119448FA47E96422A8FC8CC4A0F03F1A60
:10270000567D2CD8223390EF87494EC7D938D1C196
:102710008CCAA2FE98D40B36A6F581CFA57ADE2806
:10272000DAB78E263FADBFA42C3A9DE45078920DC7
:102730006A5FCC9B547E4662F68D13C290D8B8E88F
:102740002E39F75E82C3AFF59F5D80BE69D0937C62
:102750006FD52DA9CF2512B3C8AC993B10187DA712
:10276000E89C636EDB3BBB7BCD2678096E5918F481
:10277000EC9AB701834F9AA8E6956E65AAFFE67EAC
:1027800021BCCF08EF15E8E6BAE79BD94A6F36CEF1
:10279000EA9F09D429B07CD631A4B2AF2A3F2331B5
:1027A000C6A5943035A266C0744EBC37FC82CAA65A
:1027B000E090D0B033A7D815F104984A41ECDAF78D
:1027C0007FCD500E1791F62F764DD68D43EFB04D3D
:1027D000CCAA4D54E49604DF9ED1B5E34C6A881B25
:1027E000C12C1FB84665517F9D5EEA04018C355DA2
:1027F000FA877473FB0B412EB3671D5A92DBD252DA
:10280000E91056336DD647139AD7618C37A10C7AED
:1028100059F8148EEB133C89CEA927EEB761C93560
:10282000E11CE5ED7A47B13C9CD2DF5955F2733F8C
:102830001814CE7973C737BF53F7CDEA5FFDAA5B93
:10284000DF3D6F147844DB86CAAFF381B968C43EBC
:102850003824342CC2A3405F161DC372BCE2250C81
:10286000283C498BFF0D954139A80171080CB3DE56
:10287000D8B4E49C6456C1907BCB8461D532B670E9
:10288000486C5C74D0B85742F4A750514165537EF0
:1028900017A4C31A275E963AAB6BCB3B9D45F11F3D
:1028A000FA58ABACE303934B30FA5520766DF6AD96
:1028B000CC769188024C25F5E5D7FC4F2ACBD7C5BD
:1028C0003544802662A38FB5B15A49DEBA1B67250D
:1028D000EA0E9845FEC0E15D2F7502C34CF01281EF
:1028E0004697A38DD3F9C66B8F5FE703929C95152E
:1028F0006D7AEBBF5259DA95BE832DD47421D3582B
:10290000E0692949C9C8448EC2896A758E7978F40C
:10291000583E6B99B971DD27E14FB6BE88AD17F00F
:1029200020AC66C9CE3AB47DDF4A18631A3182E51D
:1029300051336097537F45626477E0B16BAE84BBDF
:1029400081A01CFE082B94F94868587045FD198F2A
:10295000DE6C87947BF8B75273D323AB4B02E272E1
:102960001F8F57E355AB2A66EB2807B2B5C2032F7A
:10297000C57B9A863708A5D32887F230BFA5B22336
:10298000036ABA0216825CEDCF1C2B8A79B492A737
:1029900007F2F0F369E2A14EDAF4CD6505BED50683
:1029A00034621FD1A6FE8AC42E539D34F355A0A2D3
:1029B0008AE13205F6EB75A483EC390B60EFAA408F
:1029C000719F065E6E1051BD218AF93EDD063D966F
:1029D0003E05AEDDE6BD464D548DB591C45D057135
:1029E00006D46F045015FF6098FB2419BDE997D6F3
:1029F0004043CC89D99E7767E842BDB0898B880770
:102A0000195B38E7C8EEDB797C0A47A1420FE97C05
:102A1000841EC9F800000000808683092BED48322F
:102A20001170AC1E5A724E6C0EFFFBFD8538560FAE
:102A3000AED51E3D2D3927360FD9640A5CA6216814
:102A40005B54D19B362E3A240A67B10C57E70F939B
:102A5000EE96D2B49B919E1BC0C54F80DC20A26134
:102A6000774B695A121A161C93BA0AE2A02AE5C0DB
:102A700022E0433C1B171D12090D0B0E8BC7ADF254
:102A8000B6A8B92D1EA9C814F119855775074CAF02
:102A900099DDBBEE7F60FDA301269FF772F5BC5C5C
:102AA000663BC544FB7E345B4329768B23C6DCCB77
:102AB000EDFC68B6E4F163B831DCCAD76385104237
:102AC00097224013C61120844A247D85BB3DF8D24D
:102AD000F93211AE29A16DC79E2F4B1DB230F3DC28
:102AE0008652EC0DC1E3D077B3166C2B70B999A95F
:102AF0009448FA11E9642247FC8CC4A8F03F1AA05C
:102B00007D2CD8563390EF22494EC78738D1C1D992
:102B1000CAA2FE8CD40B3698F581CFA67ADE28A502
:102B2000B78E26DAADBFA43F3A9DE42C78920D50C3
:102B30005FCC9B6A7E4662548D13C2F6D8B8E8908B
:102B400039F75E2EC3AFF5825D80BE9FD0937C695E
:102B5000D52DA96F2512B3CFAC993BC8187DA7100E
:102B60009C636EE83BBB7BDB267809CD5918F46E7D
:102B70009AB701EC4F9AA883956E65E6FFE67EAAA8
:102B8000BCCF082115E8E6EFE79BD9BA6F36CE4AED
:102B90009F09D4EAB07CD629A4B2AF313F23312AB1
:102BA000A59430C6A266C0354EBC377482CAA6FC56
:102BB00090D0B0E0A7D8153304984AF1ECDAF74189
:102BC000CD500E7F91F62F174DD68D76EFB04D4339
:102BD000AA4D54CC9604DFE4D1B5E39E6A881B4C21
:102BE0002C1FB8C165517F465EEA049D8C355D019E
:102BF000877473FA0B412EFB671D5AB3DBD25292D6
:102C0000105633E9D647136DD7618C9AA10C7A37E9
:102C1000F8148E59133C89EBA927EECE61C935B75C
:102C20001CE5EDE147B13C7AD2DF599CF2733F5588
:102C300014CE7918C737BF73F7CDEA53FDAA5B5F8F
:102C40003D6F14DF44DB8678AFF381CA68C43EB9B8
:102C500024342C38A3405FC21DC37216E2250CBC7D
:102C60003C498B280D9541FFA80171390CB3DE0852
:102C7000B4E49CD856C19064CB84617B32B670D5E5
:102C80006C5C7448B85742D05051F4A7537E4165EC
:102C9000C31A17A4963A275ECB3BAB6BF11F9D4539
:102CA000ABACFA58934BE303552030FAF6AD766D92
:102CB0009188CC7625F5024CFC4FE5D7D7C52ACBB9
:102CC000802635448FB562A349DEB15A6725BA1B09
:102CD0009845EA0EE15DFEC002C32F7512814CF0EB
:102CE000A38D4697C66BD3F9E7038F5F9515929C2A
:102CF000EBBF6D7ADA9552592DD4BE83D358742127
:102D00002949E069448EC9C86A75C28978F48E7908
:102D10006B99583EDD27B971B6BEE14F17F088AD0B
:102D200066C920ACB47DCE3A1863DF4A82E51A3119
:102D3000609751334562537FE0B1647784BB6BAEDB
:102D40001CFE81A094F9082B58704868198F45FD26
:102D50008794DE6CB7527BF823AB73D3E2724B02DD
:102D600057E31F8F2A6655AB07B2EB28032FB5C276
:102D70009A86C57BA5D33708F2302887B223BFA532
:102D8000BA02036A5CED16822B8ACF1C92A779B433
:102D9000F0F307F2A14E69E2CD65DAF4D50605BE7F
:102DA0001FD134628AC4A6FE9D342E53A0A2F355CF
:102DB00032058AE175A4F6EB390B83ECAA4060EF8B
:102DC000065E719F51BD6E10F93E218A3D96DD066B
:102DD000AEDD3E05464DE6BDB591548D0571C45D31
:102DE0006F0406D4FF605015241998FB97D6BDE9EF
:102DF000CC8940437767D99EBDB0E8428807898B6C
:102E000038E7195BDB79C8EE47A17C0AE97C420F01
:102E1000C9F8841E000000008309808648322BED2B
:102E2000AC1E11704E6C5A72FBFD0EFF560F8538AA
:102E30001E3DAED527362D39640A0FD921685CA610
:102E4000D19B5B543A24362EB10C0A670F9357E797
:102E5000D2B4EE969E1B9B914F80C0C5A261DC2030
:102E6000695A774B161C121A0AE293BAE5C0A02AD7
:102E7000433C22E01D121B170B0E090DADF28BC750
:102E8000B92DB6A8C8141EA98557F1194CAF7507FE
:102E9000BBEE99DDFDA37F609FF70126BC5C72F558
:102EA000C544663B345BFB7E768B4329DCCB23C673
:102EB00068B6EDFC63B8E4F1CAD731DC1042638533
:102EC000401397222084C6117D854A24F8D2BB3D49
:102ED00011AEF9326DC729A14B1D9E2FF3DCB23024
:102EE000EC0D8652D077C1E36C2BB31699A970B95B
:102EF000FA1194482247E964C4A8FC8C1AA0F03F58
:102F0000D8567D2CEF223390C787494EC1D938D18E
:102F1000FE8CCAA23698D40BCFA6F58128A57ADEFE
:102F200026DAB78EA43FADBFE42C3A9D0D507892BF
:102F30009B6A5FCC62547E46C2F68D13E890D8B887
:102F40005E2E39F7F582C3AFBE9F5D807C69D0935A
:102F5000A96FD52DB3CF25123BC8AC99A710187D0A
:102F60006EE89C637BDB3BBB09CD2678F46E591879
:102F700001EC9AB7A8834F9A65E6956E7EAAFFE6A4
:102F80000821BCCFE6EF15E8D9BAE79BCE4A6F36E9
:102F9000D4EA9F09D629B07CAF31A4B2312A3F23AD
:102FA00030C6A594C035A26637744EBCA6FC82CA52
:102FB000B0E090D01533A7D84AF10498F741ECDA85
:102FC0000E7FCD502F1791F68D764DD64D43EFB035
:102FD00054CCAA4DDFE49604E39ED1B51B4C6A881D
:102FE000B8C12C1F7F466551049D5EEA5D018C359A
:102FF00073FA87742EFB0B415AB3671D5292DBD2D2
:1030000033E91056136DD6478C9AD7617A37A10CE5
:103010008E59F81489EB133CEECEA92735B761C958
:10302000EDE11CE53C7A47B1599CD2DF3F55F27384
:10303000791814CEBF73C737EA53F7CD5B5FFDAA8B
:1030400014DF3D6F867844DB81CAAFF33EB968C4B4
:103050002C3824345FC2A34072161DC30CBCE22579
:103060008B283C4941FF0D957139A801DE080CB34E
:103070009CD8B4E4906456C1617BCB8470D532B6E1
:1030800074486C5C42D0B857A75051F465537E41E8
:10309000A4C31A175E963A276BCB3BAB45F11F9D35
:1030A00058ABACFA03934BE3FA5520306DF6AD768E
:1030B000769188CC4C25F502D7FC4FE5CBD7C52AB5
:1030C00044802635A38FB5625A49DEB11B6725BA05
:1030D0000E9845EAC0E15DFE7502C32FF012814CE7
:1030E00097A38D46F9C66BD35FE7038F9C95159226
:1030F0007AEBBF6D59DA9552832DD4BE21D3587423
:10310000692949E0C8448EC9896A75C27978F48E04
:103110003E6B995871DD27B94FB6BEE1AD17F08807
:10312000AC66C9203AB47DCE4A1863DF3182E51A15
:10313000336097517F45625377E0B164AE84BB6BD7
:10314000A01CFE812B94F90868587048FD198F4522
:103150006C8794DEF8B7527BD323AB7302E2724BD9
:103160008F57E31FAB2A66552807B2EBC2032FB572
:103170007B9A86C508A5D33787F23028A5B223BF2E
:103180006ABA0203825CED161C2B8ACFB492A7792F
:10319000F2F0F307E2A14E69F4CD65DABED506057B
:1031A000621FD134FE8AC4A6539D342E55A0A2F3CB
:1031B000E132058AEB75A4F6EC390B83EFAA406087
:1031C0009F065E711051BD6E8AF93E21063D96DD67
:1031D00005AEDD3EBD464DE68DB591545D0571C42D
:1031E000D46F040615FF6050FB241998E997D6BDEB
:1031F00043CC89409E7767D942BDB0E88B88078968
:103200005B38E719EEDB79C80A47A17C0FE97C42FD
:103210001EC9F8840000000086830980ED48322B27
:1032200070AC1E11724E6C5AFFFBFD0E38560F85A6
:10323000D51E3DAE3927362DD9640A0FA621685C0C
:1032400054D19B5B2E3A243667B10C0AE70F935793
:1032500096D2B4EE919E1B9BC54F80C020A261DC2C
:103260004B695A771A161C12BA0AE2932AE5C0A0D3
:10327000E0433C22171D121B0D0B0E09C7ADF28B4C
:10328000A8B92DB6A9C8141E198557F1074CAF75FA
:10329000DDBBEE9960FDA37F269FF701F5BC5C7254
:1032A0003BC544667E345BFB29768B43C6DCCB236F
:1032B000FC68B6EDF163B8E4DCCAD731851042632F
:1032C00022401397112084C6247D854A3DF8D2BB45
:1032D0003211AEF9A16DC7292F4B1D9E30F3DCB220
:1032E00052EC0D86E3D077C1166C2BB3B999A97057
:1032F00048FA1194642247E98CC4A8FC3F1AA0F054
:103300002CD8567D90EF22334EC78749D1C1D9388A
:10331000A2FE8CCA0B3698D481CFA6F5DE28A57AFA
:103320008E26DAB7BFA43FAD9DE42C3A920D5078BB
:10333000CC9B6A5F4662547E13C2F68DB8E890D883
:10334000F75E2E39AFF582C380BE9F5D937C69D056
:103350002DA96FD512B3CF25993BC8AC7DA7101806
:10336000636EE89CBB7BDB3B7809CD2618F46E5975
:10337000B701EC9A9AA8834F6E65E695E67EAAFFA0
:10338000CF0821BCE8E6EF159BD9BAE736CE4A6FE5
:1033900009D4EA9F7CD629B0B2AF31A423312A3FA9
:1033A0009430C6A566C035A2BC37744ECAA6FC824E
:1033B000D0B0E090D81533A7984AF104DAF741EC81
:1033C000500E7FCDF62F1791D68D764DB04D43EF31
:1033D0004D54CCAA04DFE496B5E39ED1881B4C6A19
:1033E0001FB8C12C517F4665EA049D5E355D018C96
:1033F0007473FA87412EFB0B1D5AB367D25292DBCE
:103400005633E91047136DD6618C9AD70C7A37A1E1
:10341000148E59F83C89EB1327EECEA9C935B76154
:10342000E5EDE11CB13C7A47DF599CD2733F55F280
:10343000CE79181437BF73C7CDEA53F7AA5B5FFD87
:103440006F14DF3DDB867844F381CAAFC43EB968B0
:10345000342C3824405FC2A3C372161D250CBCE275
:10346000498B283C9541FF0D017139A8B3DE080C4A
:10347000E49CD8B4C190645684617BCBB670D532DD
:103480005C74486C5742D0B8C66363A5F87C7C84F2
:10349000EE777799F67B7B8DFFF2F20DD66B6BBDE5
:1034A000DE6F6FB191C5C554603030500201010329
:1034B000CE6767A9562B2B7DE7FEFE19B5D7D762DD
:1034C0004DABABE6EC76769A8FCACA451F82829DD9
:1034D00089C9C940FA7D7D87EFFAFA15B25959EBCF
:1034E0008E4747C9FBF0F00B41ADADECB3D4D467C8
:1034F0005FA2A2FD45AFAFEA239C9CBF53A4A4F7F3
:10350000E47272969BC0C05B75B7B7C2E1FDFD1C4B
:103510003D9393AE4C26266A6C36365A7E3F3F4129
:10352000F5F7F70283CCCC4F6834345C51A5A5F491
:10353000D1E5E534F9F1F108E2717193ABD8D873B4
:10354000623131532A15153F0804040C95C7C75240
:10355000462323659DC3C35E30181828379696A16D
:103560000A05050F2F9A9AB50E070709241212367D
:103570001B80809BDFE2E23DCDEBEB264E272769E7
:103580007FB2B2CDEA75759F1209091B1D83839E18
:10359000582C2C74341A1A2E361B1B2DDC6E6EB26E
:1035A000B45A5AEE5BA0A0FBA45252F6763B3B4DB8
:1035B000B7D6D6617DB3B3CE5229297BDDE3E33E96
:1035C0005E2F2F7113848497A65353F5B9D1D16818
:1035D00000000000C1EDED2C40202060E3FCFC1F4A
:1035E00079B1B1C8B65B5BEDD46A6ABE8DCBCB4610
:1035F00067BEBED97239394B944A4ADE984C4CD4D6
:10360000B05858E885CFCF4ABBD0D06BC5EFEF2A72
:103610004FAAAAE5EDFBFB16864343C59A4D4DD74D
:1036200066333355118585948A4545CFE9F9F910FC
:1036300004020206FE7F7F81A05050F0783C3C449B
:10364000259F9FBA4BA8A8E3A25151F35DA3A3FE07
:10365000804040C0058F8F8A3F9292AD219D9DBCD6
:1036600070383848F1F5F50463BCBCDF77B6B6C1F5
:10367000AFDADA754221216320101030E5FFFF1A1E
:10368000FDF3F30EBFD2D26D81CDCD4C180C0C14CE
:1036900026131335C3ECEC2FBE5F5FE1359797A27D
:1036A000884444CC2E17173993C4C45755A7A7F2A2
:1036B000FC7E7E827A3D3D47C86464ACBA5D5DE7BE
:1036C0003219192BE6737395C06060A01981819837
:1036D0009E4F4FD1A3DCDC7F44222266542A2A7EEF
:1036E0003B9090AB0B8888838C4646CAC7EEEE2988
:1036F0006BB8B8D32814143CA7DEDE79BC5E5EE25A
:10370000160B0B1DADDBDB76DBE0E03B64323256A3
:10371000743A3A4E140A0A1E924949DB0C06060A0C
:103720004824246CB85C5CE49FC2C25DBDD3D36EF8
:1037300043ACACEFC46262A6399191A8319595A4CF
:10374000D3E4E437F279798BD5E7E7328BC8C84305
:103750006E373759DA6D6DB7018D8D8CB1D5D56463
:103760009C4E4ED249A9A9E0D86C6CB4AC5656FA1E
:10377000F3F4F407CFEAEA25CA6565AFF47A7A8EE6
:1037800047AEAEE9100808186FBABAD5F078788855
:103790004A25256F5C2E2E72381C1C2457A6A6F1D4
:1037A00073B4B4C797C6C651CBE8E823A1DDDD7C6E
:1037B000E874749C3E1F1F21964B4BDD61BDBDDC40
:1037C0000D8B8B860F8A8A85E07070907C3E3E421E
:1037D00071B5B5C4CC6666AA904848D806030305FF
:1037E000F7F6F6011C0E0E12C26161A36A35355F51
:1037F000AE5757F969B9B9D01786869199C1C158A2
:103800003A1D1D27279E9EB9D9E1E138EBF8F81340
:103810002B9898B322111133D26969BBA9D9D970F9
:10382000078E8E89339494A72D9B9BB63C1E1E2237
:1038300015878792C9E9E92087CECE49AA5555FF59
:1038400050282878A5DFDF7A038C8C8F59A1A1F846
:10385000098989801A0D0D1765BFBFDAD7E6E631F1
:10386000844242C6D06868B8824141C3299999B060
:103870005A2D2D771E0F0F117BB0B0CBA85454FCDE
:103880006DBBBBD62C16163A6363A5C67C7C84F848
:10389000777799EE7B7B8DF6F2F20DFF6B6BBDD6E1
:1038A0006F6FB1DEC5C55491303050600101030225
:1038B0006767A9CE2B2B7D56FEFE19E7D7D762B5D9
:1038C000ABABE64D76769AECCACA458F82829D1FD5
:1038D000C9C940897D7D87FAFAFA15EF5959EBB2CB
:1038E0004747C98EF0F00BFBADADEC41D4D467B3C4
:1038F000A2A2FD5FAFAFEA459C9CBF23A4A4F753EF
:10390000727296E4C0C05B9BB7B7C275FDFD1CE147
:103910009393AE3D26266A4C36365A6C3F3F417E25
:10392000F7F702F5CCCC4F8334345C68A5A5F4518D
:10393000E5E534D1F1F108F9717193E2D8D873ABB0
:103940003131536215153F2A04040C08C7C752953C
:1039500023236546C3C35E9D181828309696A13769
:1039600005050F0A9A9AB52F0707090E1212362479
:1039700080809B1BE2E23DDFEBEB26CD2727694EE3
:10398000B2B2CD7F75759FEA09091B1283839E1D14
:103990002C2C74581A1A2E341B1B2D366E6EB2DC6A
:1039A0005A5AEEB4A0A0FB5B5252F6A43B3B4D76B4
:1039B000D6D661B7B3B3CE7D29297B52E3E33EDD92
:1039C0002F2F715E848497135353F5A6D1D168B914
:1039D00000000000EDED2CC120206040FCFC1FE346
:1039E000B1B1C8795B5BEDB66A6ABED4CBCB468D0C
:1039F000BEBED96739394B724A4ADE944C4CD498D2
:103A00005858E8B0CFCF4A85D0D06BBBEFEF2AC56E
:103A1000AAAAE54FFBFB16ED4343C5864D4DD79A49
:103A200033335566858594114545CF8AF9F910E9F8
:103A3000020206047F7F81FE5050F0A03C3C447897
:103A40009F9FBA25A8A8E34B5151F3A2A3A3FE5D03
:103A50004040C0808F8F8A059292AD3F9D9DBC21D2
:103A600038384870F5F504F1BCBCDF63B6B6C177F1
:103A7000DADA75AF2121634210103020FFFF1AE51A
:103A8000F3F30EFDD2D26DBFCDCD4C810C0C1418CA
:103A900013133526ECEC2FC35F5FE1BE9797A23579
:103AA0004444CC881717392EC4C45793A7A7F2559E
:103AB0007E7E82FC3D3D477A6464ACC85D5DE7BABA
:103AC00019192B32737395E66060A0C08181981933
:103AD0004F4FD19EDCDC7FA3222266442A2A7E54EB
:103AE0009090AB3B8888830B4646CA8CEEEE29C784
:103AF000B8B8D36B14143C28DEDE79A75E5EE2BC56
:103B00000B0B1D16DBDB76ADE0E03BDB323256649F
:103B10003A3A4E740A0A1E144949DB9206060A0C08
:103B200024246C485C5CE4B8C2C25D9FD3D36EBDF4
:103B3000ACACEF436262A6C49191A8399595A431CB
:103B4000E4E437D379798BF2E7E732D5C8C8438B01
:103B50003737596E6D6DB7DA8D8D8C01D5D564B15F
:103B60004E4ED29CA9A9E0496C6CB4D85656FAAC1A
:103B7000F4F407F3EAEA25CF6565AFCA7A7A8EF4E2
:103B8000AEAEE94708081810BABAD56F787888F051
:103B900025256F4A2E2E725C1C1C2438A6A6F157D0
:103BA000B4B4C773C6C65197E8E823CBDDDD7CA16A
:103BB00074749CE81F1F213E4B4BDD96BDBDDC613C
:103BC0008B8B860D8A8A850F707090E03E3E427C1A
:103BD000B5B5C4716666AACC4848D89003030506FB
:103BE000F6F601F70E0E121C6161A3C235355F6A4D
:103BF0005757F9AEB9B9D06986869117C1C158999E
:103C00001D1D273A9E9EB927E1E138D9F8F813EB3C
:103C10009898B32B111133226969BBD2D9D970A9F5
:103C20008E8E89079494A7339B9BB62D1E1E223C33
:103C300087879215E9E920C9CECE49875555FFAA55
:103C400028287850DFDF7AA58C8C8F03A1A1F85942
:103C5000898980090D0D171ABFBFDA65E6E631D7ED
:103C60004242C6846868B8D04141C3829999B0295C
:103C70002D2D775A0F0F111EB0B0CB7B5454FCA8DA
:103C8000BBBBD66D16163A2CA5C6636384F87C7C44
:103C900099EE77778DF67B7B0DFFF2F2BDD66B6BDD
:103CA000B1DE6F6F5491C5C5506030300302010121
:103CB000A9CE67677D562B2B19E7FEFE62B5D7D7D5
:103CC000E64DABAB9AEC7676458FCACA9D1F8282D1
:103CD0004089C9C987FA7D7D15EFFAFAEBB25959C7
:103CE000C98E47470BFBF0F0EC41ADAD67B3D4D4C0
:103CF000FD5FA2A2EA45AFAFBF239C9CF753A4A4EB
:103D000096E472725B9BC0C0C275B7B71CE1FDFD43
:103D1000AE3D93936A4C26265A6C3636417E3F3F21
:103D200002F5F7F74F83CCCC5C683434F451A5A589
:103D300034D1E5E508F9F1F193E2717173ABD8D8AC
:103D4000536231313F2A15150C0804045295C7C738
:103D5000654623235E9DC3C328301818A137969665
:103D60000F0A0505B52F9A9A090E07073624121275
:103D70009B1B80803DDFE2E226CDEBEB694E2727DF
:103D8000CD7FB2B29FEA75751B1209099E1D838310
:103D900074582C2C2E341A1A2D361B1BB2DC6E6E66
:103DA000EEB45A5AFB5BA0A0F6A452524D763B3BB0
:103DB00061B7D6D6CE7DB3B37B5229293EDDE3E38E
:103DC000715E2F2F97138484F5A6535368B9D1D110
:103DD000000000002CC1EDED604020201FE3FCFC42
:103DE000C879B1B1EDB65B5BBED46A6A468DCBCB08
:103DF000D967BEBE4B723939DE944A4AD4984C4CCE
:103E0000E8B058584A85CFCF6BBBD0D02AC5EFEF6A
:103E1000E54FAAAA16EDFBFBC5864343D79A4D4D45
:103E20005566333394118585CF8A454510E9F9F9F4
:103E30000604020281FE7F7FF0A0505044783C3C93
:103E4000BA259F9FE34BA8A8F3A25151FE5DA3A3FF
:103E5000C08040408A058F8FAD3F9292BC219D9DCE
:103E60004870383804F1F5F5DF63BCBCC177B6B6ED
:103E700075AFDADA63422121302010101AE5FFFF16
:103E80000EFDF3F36DBFD2D24C81CDCD14180C0CC6
:103E9000352613132FC3ECECE1BE5F5FA235979775
:103EA000CC884444392E17175793C4C4F255A7A79A
:103EB00082FC7E7E477A3D3DACC86464E7BA5D5DB6
:103EC0002B32191995E67373A0C06060981981812F
:103ED000D19E4F4F7FA3DCDC664422227E542A2AE7
:103EE000AB3B9090830B8888CA8C464629C7EEEE80
:103EF000D36BB8B83C28141479A7DEDEE2BC5E5E52
:103F00001D160B0B76ADDBDB3BDBE0E0566432329B
:103F10004E743A3A1E140A0ADB9249490A0C060604
:103F20006C482424E4B85C5C5D9FC2C26EBDD3D3F0
:103F3000EF43ACACA6C46262A8399191A4319595C7
:103F400037D3E4E48BF2797932D5E7E7438BC8C8FD
:103F5000596E3737B7DA6D6D8C018D8D64B1D5D55B
:103F6000D29C4E4EE049A9A9B4D86C6CFAAC565616
:103F700007F3F4F425CFEAEAAFCA65658EF47A7ADE
:103F8000E947AEAE18100808D56FBABA88F078784D
:103F90006F4A2525725C2E2E24381C1CF157A6A6CC
:103FA000C773B4B45197C6C623CBE8E87CA1DDDD66
:103FB0009CE87474213E1F1FDD964B4BDC61BDBD38
:103FC000860D8B8B850F8A8A90E07070427C3E3E16
:103FD000C471B5B5AACC6666D890484805060303F7
:103FE00001F7F6F6121C0E0EA3C261615F6A353549
:103FF000F9AE5757D069B9B9911786865899C1C19A
:10400000273A1D1DB9279E9E38D9E1E113EBF8F838
:10401000B32B989833221111BBD2696970A9D9D9F1
:1040200089078E8EA7339494B62D9B9B223C1E1E2F
:104030009215878720C9E9E94987CECEFFAA555551
:10404000785028287AA5DFDF8F038C8CF859A1A13E
:1040500080098989171A0D0DDA65BFBF31D7E6E6E9
:10406000C6844242B8D06868C3824141B029999958
:10407000775A2D2D111E0F0FCB7BB0B0FCA85454D6
:10408000D66DBBBB3A2C161663A5C6637C84F87C40
:104090007799EE777B8DF67BF20DFFF26BBDD66BD9
:1040A0006FB1DE6FC55491C530506030010302011D
:1040B00067A9CE672B7D562BFE19E7FED762B5D7D1
:1040C000ABE64DAB769AEC76CA458FCA829D1F82CD
:1040D000C94089C97D87FA7DFA15EFFA59EBB259C3
:1040E00047C98E47F00BFBF0ADEC41ADD467B3D4BC
:1040F000A2FD5FA2AFEA45AF9CBF239CA4F753A4E7
:104100007296E472C05B9BC0B7C275B7FD1CE1FD3F
:1041100093AE3D93266A4C26365A6C363F417E3F1D
:10412000F702F5F7CC4F83CC345C6834A5F451A585
:10413000E534D1E5F108F9F17193E271D873ABD8A8
:1041400031536231153F2A15040C0804C75295C734
:1041500023654623C35E9DC31828301896A1379661
:10416000050F0A059AB52F9A07090E071236241271
:10417000809B1B80E23DDFE2EB26CDEB27694E27DB
:10418000B2CD7FB2759FEA75091B1209839E1D830C
:104190002C74582C1A2E341A1B2D361B6EB2DC6E62
:1041A0005AEEB45AA0FB5BA052F6A4523B4D763BAC
:1041B000D661B7D6B3CE7DB3297B5229E33EDDE38A
:1041C0002F715E2F8497138453F5A653D168B9D10C
:1041D00000000000ED2CC1ED20604020FC1FE3FC3E
:1041E000B1C879B15BEDB65B6ABED46ACB468DCB04
:1041F000BED967BE394B72394ADE944A4CD4984CCA
:1042000058E8B058CF4A85CFD06BBBD0EF2AC5EF66
:10421000AAE54FAAFB16EDFB43C586434DD79A4D41
:10422000335566338594118545CF8A45F910E9F9F0
:10423000020604027F81FE7F50F0A0503C44783C8F
:104240009FBA259FA8E34BA851F3A251A3FE5DA3FB
:1042500040C080408F8A058F92AD3F929DBC219DCA
:1042600038487038F504F1F5BCDF63BCB6C177B6E9
:10427000DA75AFDA2163422110302010FF1AE5FF12
:10428000F30EFDF3D26DBFD2CD4C81CD0C14180CC2
:1042900013352613EC2FC3EC5FE1BE5F97A2359771
:1042A00044CC884417392E17C45793C4A7F255A796
:1042B0007E82FC7E3D477A3D64ACC8645DE7BA5DB2
:1042C000192B32197395E67360A0C060819819812B
:1042D0004FD19E4FDC7FA3DC226644222A7E542AE3
:1042E00090AB3B9088830B8846CA8C46EE29C7EE7C
:1042F000B8D36BB8143C2814DE79A7DE5EE2BC5E4E
:104300000B1D160BDB76ADDBE03BDBE03256643297
:104310003A4E743A0A1E140A49DB9249060A0C0600
:10432000246C48245CE4B85CC25D9FC2D36EBDD3EC
:10433000ACEF43AC62A6C46291A8399195A43195C3
:10434000E437D3E4798BF279E732D5E7C8438BC8F9
:1043500037596E376DB7DA6D8D8C018DD564B1D557
:104360004ED29C4EA9E049A96CB4D86C56FAAC5612
:10437000F407F3F4EA25CFEA65AFCA657A8EF47ADA
:10438000AEE947AE08181008BAD56FBA7888F07849
:10439000256F4A252E725C2E1C24381CA6F157A6C8
:1043A000B4C773B4C65197C6E823CBE8DD7CA1DD62
:1043B000749CE8741F213E1F4BDD964BBDDC61BD34
:1043C0008B860D8B8A850F8A7090E0703E427C3E12
:1043D000B5C471B566AACC6648D8904803050603F3
:1043E000F601F7F60E121C0E61A3C261355F6A3545
:1043F00057F9AE57B9D069B986911786C15899C196
:104400001D273A1D9EB9279EE138D9E1F813EBF834
:1044100098B32B981133221169BBD269D970A9D9ED
:104420008E89078E94A733949BB62D9B1E223C1E2B
:1044300087921587E920C9E9CE4987CE55FFAA554D
:1044400028785028DF7AA5DF8C8F038CA1F859A13A
:10445000898009890D171A0DBFDA65BFE631D7E6E5
:1044600042C6844268B8D06841C3824199B0299954
:104470002D775A2D0F111E0FB0CB7BB054FCA854D2
:10448000BBD66DBB163A2C1652096AD53036A53804
:10449000BF40A39E81F3D7FB7CE339829B2FFF872C
:1044A000348E4344C4DEE9CB547B9432A6C2233D10
:1044B000EE4C950B42FAC34E082EA16628D924B2C1
:1044C000765BA2496D8BD12572F8F66486689816E2
:1044D000D4A45CCC5D65B6926C704850FDEDB9DA41
:1044E0005E154657A78D9D8490D8AB008CBCD30A2F
:1044F000F7E45805B8B34506D02C1E8FCA3F0F020B
:10450000C1AFBD0301138A6B3A9111414F67DCEAD9
:1045100097F2CFCEF0B4E67396AC7422E7AD358552
:10452000E2F937E81C75DF6E47F11A711D29C5895C
:104530006FB7620EAA18BE1BFC563E4BC6D279203E
:104540009ADBC0FE78CD5AF41FDDA8338807C73147
:10455000B11210592780EC5F60517FA919B54A0D3F
:104560002DE57A9F93C99CEFA0E03B4DAE2AF5B0B4
:10457000C8EBBB3C83539961172B047EBA77D626D0
:10458000E169146355210C7D6BC1BEE22E409F96FC
:10459000E93D7E117393172AAE2D8A571E03AC9CFA
:1045A0009EB76FAC45AF8E5130C81C46A35CE4117A
:1045B000E5FBC1191A0A52EFF69F2445DF4F9B17FE
:1045C000AD2B417BE66C371044416AC2D1F53C58B3
:1045D0003303917E6BE9EBE048E31E9E256718F2FA
:1045E0009229319C19F15BA4058CCFFDBBCB382DF2
:1045F0001F6F56585D8A4ADEC34C052CC0DA8D7396
:10460000451AFE5F03BE297FF3F6752AE8D78311AA
:1046100038F041560631B1148B79EECC93A0EE5DA3
:10462000FF30B4EA21636DA4FACA37E0B0C853730F
:10463000DF706E73F7C9AF865DF678DD17BA4E7519
:10464000B61768C6ADEF7C7B4804E1818FE629751B
:1046500019A3E88C573104138A05FC5E095AF484C7
:104660008A08D328D3688E3D7BD966D53AD8C1BB9A
:1046700085D2ADFAE87BB104FE3C53653E2F45B5CB
:104680006FCD88B2CC898FF02B7E151628AED2A6BE
:10469000ABF7158809CF4F3C000000000000000078
:1046A00000000000000000008E73B0F7DA0E6452C4
:1046B000C810F32B809079E562F8EAD2522C6B7B1C
:1046C0000000000000000000603DEB1015CA71BE44
:1046D0002B73AEF0857D77811F352C073B6108D7A2
:1046E0002D9810A30914DFF43B3FD92EB72DAD2030
:1046F000333449F8E83CFB4AC8A64537A0B3A93F84
:10470000CDE3CDAD9F1CE58B26751F67A3CBB140D4
:10471000B1808CF187A4F4DFC04B05357C5D1C0EA5
:10472000EAC4C66F9FF7F2E6CDC80D6FDDF18CAB22
:1047300034C25909C99A417467CE7F7F81173621E7
:10474000961A2B70171D3D7A2E1E8A1DD59B88B197
:10475000C8E60FED1EFAC4C9C05F9F9CA9834FA095
:1047600042AE8FBA584B09FFDC7E84BFDA79164B14
:104770007ECD8486985D386039FFED143B28B1C842
:1047800032113C6331E5407BDF10132415E54B9279
:10479000A13ED0A8267AE2F975A385741AB9CEF89D
:1047A0002031623D55B1E47100000030000000008E
:1047B0000000000000000001006CB6DBC0543B5953
:1047C000DA48D90B0000000100E0017B27777F3F2A
:1047D0004A1786F000000001AE6852F8121067CC4C
:1047E0004BF7A5765577F39E7E24067817FAE0D727
:1047F00043D6CE1F325391637691BE035E5020A8FC
:10480000AC6E618529F9A0DC1000000020000000DA
:1048100024000000E4095D4FB7A7B3792D6175A3AB
:10482000261311B800000000000000000000000086
:104830000000000000000000000000000000000078
:10484000000000005104A106168A72D9790D41EECC
:104850008EDAD388EB2E1EFC46DA57C8FCE630DF32
:104860009141BE2800000000000000000000000090
:1048700000000000C1CF48A89F2FFDD9CF4652E9C4
:10488000EFDB72D74540A42BDE6D7836D59A5CEA13
:10489000AEF3105325B2072F000000000000000007
:1048A0000000000053696E676C6520626C6F636B7B
:1048B000206D736700000000000000000000000091
:1048C00000000000000000000000000000000000E8
:1048D00000000000000102030405060708090A0B96
:1048E0000C0D0E0F101112131415161718191A1B90
:1048F0001C1D1E1F00000000000000000000000042
:1049000000000000000102030405060708090A0B65
:104910000C0D0E0F101112131415161718191A1B5F
:104920001C1D1E1F2021222300000000000000008B
:10493000000000004142434445464748494A4B4C29
:104940004D4E4F505152535455565758595A616213
:10495000636465666768696A6B6C6D6E6F707172AF
:10496000737475767778797A3031323334353637F7
:1049700038392B2F7F7F7F7F7F7F7F7F7F7F7F7F78
:104980007F7F7F7F7F7F7F7F7F7F7F7F7F7F7F7F37
:104990007F7F7F7F7F7F7F7F7F7F7F7F7F7F7F3E68
:1049A0007F7F7F3F3435363738393A3B3C3D7F7F18
:1049B0007F407F7F7F000102030405060708090A84
:1049C0000B0C0D0E0F101112131415161718197F5A
:1049D0007F7F7F7F7F1A1B1C1D1E1F202122232407
:1049E00025262728292A2B2C2D2E2F303132337FB4
:1049F0007F7F7F7F24486E5687625ABDBF17D9A23A
:104A0000C4171A0194ED8F1E11B3D7090CB6E91023
:104A10006F22EE13CAB3070576C9FA316C0834FF6A
:104A20008DC26C380043E95497AF504BD141BA95D1
:104A3000315A0B974A456875566F64695772322F21
:104A400046396D6978426361415A54746A783452C8
:104A50007339634A444C6270454738693768504B34
:104A60007377634664736E364D5777494E502B4EBD
:104A7000776D773441455070564A65765545765284
:104A8000516271564D566F4C6C773D3D00000000F1
:104A90000300000005000000070000000B000000FC
:104AA0000D000000110000001300000017000000BE
:104AB0001D0000001F00000025000000290000006C
:104AC0002B0000002F000000350000003B0000001C
:104AD0003D000000430000004700000049000000C6
:104AE0004F0000005300000059000000610000006A
:104AF00065000000670000006B0000006D00000012
:104B0000710000007F0000008300000089000000A9
:104B10008B00000095000000970000009D00000041
:104B2000A3000000A7000000AD000000B3000000DB
:104B3000B5000000BF000000C1000000C50000007B
:104B4000C7000000D3000000DF000000E300000009
:104B5000E5000000E9000000EF000000F1000000A7
:104B6000FB00000001010000070100000D01000032
:104B70000F01000015010000190100001B010000D9
:104B80002501000033010000370100003901000059
:104B90003D0100004B010000510100005B010000DD
:104BA0005D01000061010000670100006F0100006D
:104BB000750100007B0100007F01000085010000FD
:104BC0008D0100009101000099010000A301000087
:104BD000A5010000AF010000B1010000B701000015
:104BE000BB010000C1010000C9010000CD010000AF
:104BF000CF010000D3010000DF010000E701000049
:104C0000EB010000F3010000F7010000FD010000CE
:104C1000090200000B0200001D0200002302000038
:104C20002D02000033020000390200003B020000A8
:104C3000410200004B020000510200005702000038
:104C4000590200005F0200006502000069020000D6
:104C50006B02000077020000810200008302000066
:104C6000870200008D020000930200009502000000
:104C7000A1020000A5020000AB020000B302000088
:104C8000BD020000C5020000CF020000D7020000F4
:104C9000DD020000E3020000E7020000EF02000076
:104CA000F5020000F9020000010300000503000006
:104CB000130300001D030000290300002B03000064
:104CC00035030000370300003B0300003D030000F4
:104CD0004703000055030000590300005B03000078
:104CE0005F0300006D030000710300007303000008
:104CF000770300008B0300008F0300009703000080
:104D0000A1030000A9030000AD030000B3030000ED
:104D1000B9030000C7030000CB030000D10300006B
:104D2000D7030000DF030000E503000099FFFFFF49
:104D3000B50200006102000015000000E40600005A
:104D4000640300001C0000000BB1CD2D06D35020E1
:104D50000100000038411676D99360F272C2AB9A16
:104D6000750657A091F7B5C9A28CD290F607A72770
:104D70008EB249DE435CD7C73EF58F671F186EAF12
:104D80002FE2850D53F09C65EAA3AE9EEC802D6B5F
:104D9000A82B36A6C5864D33FD6658963A09951060
:104DA00078D842CCEF26E5611A3F3B82B6DBD49837
:104DB000E88B02EB0A2C1DB06F8D880E19874E0B05
:104DC000A90C79117F22E759E1DA3DC81204745425
:104DD000307EB428556850BED0C431CB2AAD0FCA3E
:104DE00070FF326908620024D1FBBAED4581736D12
:104DF000849FEE4AC32EC101E6254899B9B37BF9D9
:104E0000CEBFDF7129CD6C13649B639DC04BB7A5EA
:104E1000895FB117F4BCD346CF375E4794FAFC5B89
:104E200097FE5AAC3C4C0335F323B85D6A92D5210A
:104E30004451C67D3983DCAA7C7756051BA4153402
:104E40001E1CF8522014E9BDDDE4A1E08AF1D67AF7
:104E5000BBE3404F70822CECB327C0E5E4855735A7
:104E6000EA0CAE4123EF6B934519A521ED0E4F4E91
:104E70001D6592BD86B8AF8F7CEB1FCE3E30DC5FE8
:104E80005EC50B1AA6E139CAD5475D3DD9015AD690
:104E900051566C4D8B0D9A66FBCCB02D74122B20A5
:104EA000F0B18499DF4CCBC2347E76056DB7A93161
:104EB000D11704D714583A61DE1B111C320F9C160F
:104EC0005318F222FE44CFB2C3B57A912408E8A861
:104ED00060FC6950AAD0A07DA1896297545B1E95A1
:104EE000E0FF64D210C40048A3F775DB8A03E6DA5A
:104EF000093FDD94875C8302CD4A90337367F6F3F4
:104F00009D7FBFE2529BD826C837C63B81966F4B28
:104F100013BE632EE979A78C9F6EBC8E29F5F9B676
:104F20002FFDB4597898066AE74671BAD425AB428A
:104F300088A28DFA7207B955F8EEAC0A36492A688C
:104F40003C38F1A44028D37BBBC943C115E3ADF481
:104F500077C7809E702CB3C0E457EAAE236B45A59B
:104F6000ED4F1D9286AF7C1F3EDC5E0BA639D55DF2
:104F7000D95A516C8B9AFBB0742BF084DFCB34760A
:104F80006DA9D104143ADE11329C53F2FECFC37ADC
:104F900024E86069AAA0A162541EE0641000A37511
:104FA0008AE609DD8783CD9073F69DBF52D8C8C6C7
:104FB000816F1363E9A79FBC29F92FB47806E771C5
:104FC000D4AB888D72B9F8AC362A3CF140D3BB43E0
:104FD00015AD778082EC27E585350C41EF931921DB
:104FE0000E4E65BDB88FEBCE305FC51AE1CA473DA6
:104FF00001D6564D0D66CC2D1220B1994CC27E05BE
:10500000B73117D758611B1C0F16182244B2B5913F
:1050100008A8FC50D07D89975B95FFD2C448F7DB88
:1050200003DA3F945C024A3367F37FE29B26373B07
:10503000964BBE2E798C6E8EF5B6FD59986A46BA9F
:105040002542A2FA0755EE0A496838A4287BC9C14F
:10505000E3F4C79EE00558D9674E81CBC90BAE6A11
:10506000D5185D8246DFD6278A324B42DB1C9E9CD8
:105070003ACA257B0D715F1FF8D73E9D7C60B9BE93
:10508000BC8B16344DC37295AB8EBA7AB302B4ADF5
:10509000A2ACD89A171A35CCF799615AE824564031
:1050A000E1630933BF98978568FCEC0ADA6F5362B5
:1050B000A32E08AF28B074C2BD362238641E392C26
:1050C000A630E544FD889F65876BF4234810D151D5
:1050D000C0F9D2A055A141FA4313C42FA8B63C2B66
:1050E000C1FFC8A52089009047EFEAB71506CDB5E6
:1050F000127EBB290FB807049B942166E6CEEDE72C
:105100003BFE7FC5A437B14C916E8D76032DDE96A4
:10511000267DC65CD3F24F193FDC791D52EBF36D4F
:105120005EFB69B2F0310CD4CF8CE275A94A57848A
:1051300011451BF5E40E73AAF1DD59146C9254D09D
:105140007870E3498050A7F6779386832AC75BE996
:10515000EE8F013DA09E667F3BCC908BB67AE858DF
:105160004CAA73B2C6EF372FE94F82BE54FF53A546
:10517000F1D36F1C10E527FADE682D1DB05688C2EA
:10518000B3E6C1FD010101010000000001010101C0
:105190000000000001000101010100010101010006
:1051A000010100010001020308090A0B262724253A
:1051B000171415161BFFFF1AFFFFFFFFFFFFFFFF6E
:1051C000FFFFFFFFFFFFFFFFFFFFFFFF04050607D5
:1051D0000C0D0E0F10111213FF1819FF1F1C1D1EAE
:1051E000FFFFFFFFFFFFFFFFFFFFFFFFFFFFFFFFCF
:1051F000FFFFFFFF000102033D3E3F3CFFFFFFFFBB
:105200001B18191A23202122FFFFFFFF08090A0B90
:1052100010111213FFFFFFFF27242526FFFFFFFFBA
:105220000C0D0E0F3A3B38391F1C1D1EFFFFFFFFF0
:10523000040506074142434014151617FFFFFFFF00
:105240002B28292A15161714FFFFFFFF1213101120
:105250000B08090A0F0C0D0E191A1B181D1E1F1C16
:1052600012131011FFFFFFFFFFFFFFFF0123456730
:1052700089ABCDEFFEDCBA98765432100000000006
:10528000000000000000000000000000000000001E
:10529000000000000000000000000000000000000E
:1052A000000000000000000000000000012345672E
:1052B00089ABCDEFFEDCBA98765432100011223360
:1052C0004455667700000000000000000000000068
:1052D00000000000000000000000000000000000CE
:1052E00000000000000000000000000001234567EE
:1052F00089ABCDEFFEDCBA98765432100011223320
:10530000445566778899AABBCCDDEEFF000000000B
:10531000000000000000000000000000000000008D
:105320000000000000000000000000006767313846
:10533000549669730857065648EABE43383C6C2AAF
:10534000ABEF7FDE25CD470BF774A331B499340161
:10535000B3E996F84EE5CEE7D79B09B9D1763FC0C1
:1053600019D77CC930BFF2A56F7C93649ACC237D9A
:10537000FF16D76C20EF7C919E3A75090503FB1050
:10538000AB241E7CF45D8CDEEE474335012345677C
:1053900089ABCDEFFEDCBA987654321000000000E5
:1053A0000200000000000000000000002B7E151627
:1053B00028AED2A6ABF7158809CF4F3C00000000FD
:1053C0000000000000000000000000008E73B0F735
:1053D000DA0E6452C810F32B809079E562F8EAD2B5
:1053E000522C6B7B0000000000000000603DEB10C1
:1053F00015CA71BE2B73AEF0857D77811F352C07E2
:105400003B6108D72D9810A30914DFF41607CF4984
:105410004B36BBF00DAEB0B503C831ABA2F2CF67CF
:105420001629EF7840C5A5DFB50748870F06165047
:1054300008CF8B8B5A63586362543E542A4830AB72
:105440005AC4A1A2405955FD2195CF935D5A869B20
:10545000D14CE54264F892A6DD2EC3D537D359C3AB
:10546000349836D884E310ADDF68C449E6CFA35F33
:10547000C02B134A4D2C0B6737AC3EDA36CBEB739F
:10548000BD504B4070B1B7DE2B21EB50E31A605595
:10549000297D96CA3330CDF1B1860A836BC1BEE255
:1054A0002E409F96E93D7E117393172AAE2D8A57A1
:1054B0001E03AC9C9EB76FAC45AF8E5130C81C46E6
:1054C000A35CE411E5FBC1191A0A52EF0000003099
:1054D000000000000000000000000001006CB6DBCE
:1054E000C0543B59DA48D90B0000000100E0017BB1
:1054F00027777F3F4A1786F000000001AE6852F818
:10550000121067CC4BF7A5765577F39E7E2406786C
:1055100017FAE0D743D6CE1F325391637691BE037C
:105520005E5020A8AC6E618529F9A0DC1000000057
:105530002000000024000000D09DC29A8214619ACD
:1055400020877C76DB1F0B3F00000000000000007E
:10555000000000000000000000000000000000004B
:105560000000000000000000DBF3C78DC08396D46C
:10557000DA7C907765BBCB442B8E8E0F31F0DCA7A5
:105580002C7417E35360E0480000000000000000A6
:105590000000000000000000B19D1FCDCB75EB881E
:1055A0002F849CE24D85CF739CE64B2B5C9D73F161
:1055B0004F2D5D9DCE9889CDDF508696000000006E
:1055C000000000000000000053696E676C652062F7
:1055D0006C6F636B206D73670000000000000000BB
:1055E00000000000000000000000000000000000BB
:1055F000000000000000000000010203040506078F
:1056000008090A0B0C0D0E0F1011121314151617A2
:1056100018191A1B1C1D1E1F0000000000000000AE
:10562000000000000000000000010203040506075E
:1056300008090A0B0C0D0E0F101112131415161772
:1056400018191A1B1C1D1E1F2021222300000000F8
:10565000000000000000000040414243444546472E
:1056600048494A4B4C4D4E4F7162015B4DAC255D34
:10567000000000000000000000000000000000002A
:105680000000000000000000D2A1F0E051EA5F62DB
:10569000081A7792073D593D1FC64FBFACCD000099
:1056A0000000000000000000E3B201A9F5B71A7A7B
:1056B0009B1CEAECCD97E70B6176AAD9A4428AA598
:1056C000484392FBC1B09951040000001000000053
:1056D0001800000007000000080000000C00000097
:1056E000080000001000000014000000040000008A
:1056F0000600000008000000101112131415161700
:1057000018191A1B202122232425262728292A2B71
:105710002C2D2E2F30313233343536370001020331
:105720000405060708090A0B0C0D0E0F10111213C1
:10573000A70D00002D2D2D2D2D424547494E20430C
:10574000455254494649434154452D2D2D2D2D0D8B
:105750000A4D494944687A4343416D2B6741774973
:1057600042416749424144414E42676B71686B69EF
:10577000473977304241515546414441374D517385
:1057800077435159445651514745774A4F54444500
:10579000520D0A4D4138474131554543684D4955F1
:1057A00047397359584A54553077784754415842CD
:1057B000674E5642414D54454642766247467955BA
:1057C000314E4D4946526C633351675130457748ED
:1057D00068634E0D0A4D5445774D6A45794D5451D5
:1057E000304E4441775768634E4D6A45774D6A4560
:1057F000794D5451304E444177576A41374D51737A
:1058000077435159445651514745774A4F5444457F
:10581000524D4138470D0A4131554543684D495570
:1058200047397359584A545530777847544158424C
:10583000674E5642414D5445464276624746795539
:10584000314E4D4946526C6333516751304577674D
:105850006745694D4130470D0A43537147534962CB
:1058600033445145424151554141344942447741C5
:10587000776767454B416F494241514441337A66EE
:1058800038463776676C70302F687436574D6E31F6
:1058900045705261677A5348780D0A6D64547336C7
:1058A000737438474667496C4B58736D38574C339F
:1058B000786F656D54695A68783537774930353374
:1058C0007A6864634867483035375A6B2B693563AB
:1058D0006C48467A714D7755716E790D0A353042B4
:1058E00077464D74456F6E494C777556412B54374A
:1058F0006C7067367A2B65784B593843344B51427C
:10590000306E466337714B55456B48487876595031
:105910005A5039616C346A77716A2B386E0D0A59A6
:105920004D50476E38753637474239742B61454DB7
:105930007235502B31676D49674E62314C54562B8E
:105940002F586A6C693577774F517576667775375A
:10595000754A42566341304C6E306B636D6E4C0D30
:105960000A5237455551494E395A2F5347396A47DC
:105970007238586D6B7372557545766D45462F427A
:10598000696279632B45316978564130686D6E4D97
:10599000336F54445062354C6339756E38724E73B0
:1059A000750D0A4B4E462B416B736A6F4258794F07
:1059B00047566B43656F4D626F3462463642787965
:1059C0004C4F6279617670772F4C50683561506723
:1059D0004149796E706C5962364C5641674D42416F
:1059E00041476A0D0A675A5577675A4977444159C2
:1059F000445652305442415577417745422F7A41BF
:105A00006442674E56485134454667515574467254
:105A10006B70625065306C4C327564576D6C512FF1
:105A20007250727A480D0A2F663877597759445662
:105A300052306A42467777576F41557446726B70A1
:105A4000625065306C4C327564576D6C512F7250DA
:105A5000727A482F662B68503651394D447378431B
:105A60007A414A42674E560D0A42415954416B35BC
:105A70004D4D524577447759445651514B457768BF
:105A80005162327868636C4E545444455A4D4263B7
:105A9000474131554541784D515547397359584A19
:105AA00054553077675647567A0D0A64434244513D
:105AB0005949424144414E42676B71686B694739AD
:105AC0007730424151554641414F4341514541751F
:105AD000503155324142556B49736C734366646C67
:105AE000633269393451484859654A0D0A53735233
:105AF0003445646748746463695549354936324AA8
:105B0000364D6F6D2B593064542F37612B38533617
:105B10004D564D435A503643354E794E795877316C
:105B20004757592F5952383258544A38480D0A4469
:105B3000424A6943546F6B3544625A36537A614F17
:105B40004E427A645748587757776D693576673192
:105B500064786E375978724D396430496A784D32BD
:105B600037574E4B7334734451685A42516B460D4C
:105B70000A706A6D6673326362346F506C345939DF
:105B800054396D6554782F6C76646B52594575673E
:105B900036314A666E3663412B71487079505964CC
:105BA00054482B55736849546E6D70352F5A746B79
:105BB000660D0A6D2F5554534C424E464E48657340
:105BC00069545A654833314E637859476448536D78
:105BD00065394E632F67666964526130464C4F43A6
:105BE000665778526C4671414934377A47396A4171
:105BF00051435A0D0A375A326D4347444E4D686A35
:105C000051632B425963646E6C306C50586A644423
:105C10004B36563071436731645665776855426339
:105C20005735675A4B7A563765392B447056413D84
:105C30003D0D0A2D2D2D2D2D454E4420434552540A
:105C4000494649434154452D2D2D2D2D0D0A2D2D0D
:105C50002D2D2D424547494E204345525449464932
:105C6000434154452D2D2D2D2D0D0A4D4949446894
:105C70007A4343416D2B674177494241674942412D
:105C800044414E42676B71686B69473977304241D6
:105C9000517346414441374D5173774351594456EE
:105CA00051514745774A4F544445520D0A4D4138AA
:105CB0004741315545436777495547397359584AE4
:105CC00054553077784754415842674E5642414DBB
:105CD0004D454642766247467955314E4D494652CA
:105CE0006C63335167513045774868634E0D0A4DF8
:105CF0005463774E5441304D5459314E7A41785760
:105D000068634E4D6A63774E5441314D5459314E5C
:105D10007A4178576A41374D517377435159445608
:105D200051514745774A4F544445524D4138470DEC
:105D30000A41315545436777495547397359584AA0
:105D400054553077784754415842674E5642414D3A
:105D50004D454642766247467955314E4D49465249
:105D60006C6333516751304577676745694D413002
:105D7000470D0A43537147534962334451454241E9
:105D800051554141344942447741776767454B411A
:105D90006F494241514441337A6638463776676CE1
:105DA00070302F687436574D6E3145705261677A86
:105DB0005348780D0A6D64547336737438474667D8
:105DC000496C4B58736D38574C33786F656D546917
:105DD0005A6878353777493035337A68646348676D
:105DE000483035375A6B2B6935636C48467A714DAC
:105DF0007755716E790D0A35304277464D74456F8F
:105E00006E494C777556412B54376C7067367A2B38
:105E100065784B593843344B5142306E4663377185
:105E20004B55456B4848787659505A5039616C3417
:105E30006A77716A2B386E0D0A594D50476E387566
:105E40003637474239742B61454D7235502B3167D7
:105E50006D49674E62314C54562B2F586A6C693528
:105E600077774F51757666777537754A4256634135
:105E7000304C6E306B636D6E4C0D0A523745555188
:105E8000494E395A2F5347396A477238586D6B73E8
:105E900072557545766D45462F42696279632B458B
:105EA000316978564130686D6E4D336F544450629D
:105EB000354C6339756E38724E73750D0A4B4E460C
:105EC0002B416B736A6F4258794F47566B43656F2E
:105ED0004D626F346246364278794C4F6279617612
:105EE00070772F4C5068356150674149796E706CFE
:105EF0005962364C5641674D424141476A0D0A6727
:105F00005A5577675A4977485159445652304F424B
:105F1000425945464C5261354B577A33744A53398E
:105F2000726E5670705550367A3638782F332F4D42
:105F3000474D4741315564497752634D4671410D94
:105F40000A464C5261354B577A33744A5339726E54
:105F50005670705550367A3638782F332F6F542B51
:105F60006B505441374D51737743515944565151F9
:105F70004745774A4F544445524D41384741315582
:105F8000450D0A436777495547397359584A54555F
:105F90003077784754415842674E5642414D4D45FF
:105FA0004642766247467955314E4D4946526C63BA
:105FB0003351675130474341514177444159445629
:105FC0005230540D0A42415577417745422F7A416C
:105FD0004E42676B71686B69473977304241517344
:105FE0004641414F4341514541484B2F4848725427
:105FF0005A4D6E6E564D70646531696F2B766F41E8
:1060000074716C376A0D0A347352684C726A443783
:106010006F335448747752624461326469437670D6
:106020007130537132334E67324C4D596F58734F44
:10603000786F4C2F52514B33694E37554B7856334E
:106040004D4B50457230770D0A5851532B6B4B51C5
:1060500071695432627366726A6E574D56485A744B
:10606000554F4D706D36464E716364476D2F5273B8
:106070007333764B6461326C634B6C386B556E7165
:106080002F796C63312B5162420D0A4736413674C9
:106090005576516372325A79576656672B6D4D3576
:1060A000586B6854724F4F587573324F4C696B621E
:1060B00034577745744A544A524E4530662B7950CE
:1060C0004F4453557A302F765435370D0A41704876
:1060D00030436E42383062594A73685948504848D4
:1060E000796D4F746C654142384B535974716D37FB
:1060F00035672F594E6F626A6E6A4236636D344857
:106100006B57334F5A5256496C366659590D0A6EC1
:1061100032304E52564131566A73364741524F72B1
:10612000344E7157346B2F2B4C6F66593979304C84
:106130004C44452B70306F49454B5849734976683C
:106140005072333973777853413D3D0D0A2D2D2D13
:106150002D2D454E44204345525449464943415410
:10616000452D2D2D2D2D0D0A2D2D2D2D2D42454743
:10617000494E2043455254494649434154452D2DEB
:106180002D2D2D0D0A4D494943556A434341646500
:1061900067417749424167494A414D4644346E352B
:1061A0006951387A6F4D416F4743437147534D34BE
:1061B0003942414D434D443478437A414A42674E17
:1061C00056424159540D0A416B354D4D5245774465
:1061D0007759445651514B4577685162327868631C
:1061E0006C4E54544445634D426F474131554541CF
:1061F000784D545547397359584A7A633277675600
:1062000047567A644342460D0A51794244515441FB
:1062100065467730784D7A41354D6A51784E545104
:10622000354E446861467730794D7A41354D6A493B
:10623000784E5451354E4468614D443478437A4128
:106240004A42674E56424159540D0A416B354D4DF5
:10625000524577447759445651514B4577685162BE
:10626000327868636C4E54544445634D426F4741E5
:1062700031554541784D545547397359584A7A63D9
:106280003277675647567A644342460D0A5179423F
:1062900044515442324D42414742797147534D3443
:1062A000394167454742537542424141694132494C
:1062B00041424D50614B7A52424E316776683162AD
:1062C0002B2F496D364B554E4C547542750D0A7740
:1062D000773558557A4D35574E5253744A47564F75
:1062E00051736A333138584A474A492F4271564BE5
:1062F0006334734C59664369464B4172395A717124
:10630000794864754E4D63626C6934797569790DAD
:106310000A6159377A516130707737526664616427
:10632000486239555A4B5656706D6C4D37494C5230
:106330006D466D417A48714F426F4443426E5441FD
:106340006442674E5648513445466751556E573042
:10635000670D0A4A456B425079764C654C555A7622
:1063600048346B796476374E6E7777626759445656
:1063700052306A424763775A5941556E5730674ADF
:10638000456B425079764C654C555A7648346B795A
:106390006476370D0A4E6E7968517152414D44341E
:1063A00078437A414A42674E5642415954416B35CF
:1063B0004D4D524577447759445651514B45776876
:1063C0005162327868636C4E54544445634D426F59
:1063D00047413155450D0A41784D54554739735958
:1063E000584A7A633277675647567A644342465131
:1063F0007942445159494A414D4644346E356951B8
:10640000387A6F4D41774741315564457751464D54
:10641000414D42416638770D0A436759494B6F5ADF
:10642000497A6A304541774944615141775A674911
:1064300078414D4F30596E4E574B4A55416658671B
:10644000534A744A7865786E346970672B6B76347A
:106450007A6E755235307635360D0A7434643050A4
:1064600043753431326D5543364E6E6437697A76F2
:106470007445324D6749784150316E6E4A516A5ABF
:10648000384257756B737A465144473438777843AE
:106490004379636939717064534D760D0A75436AA7
:1064A0006E387077554F6B4142584B384D73733986
:1064B00030667A436643454F7449413D3D0D0A2D90
:1064C0002D2D2D2D454E44204345525449464943D8
:1064D0004154452D2D2D2D2D0D0A0000AB06000039
:1064E0002D2D2D2D2D424547494E205253412050F0
:1064F000524956415445204B45592D2D2D2D2D0DDA
:106500000A4D4949457041494241414B434151453A
:1065100041794854457A4C6E3574586E7052646BAC
:1065200055594C423975355079617836664D36305B
:106530004E6A346F38566D586C3345545A7A4761F9
:10654000460D0A423958344A37424B4E64426A6E0D
:106550006770754737666138483672376777516BB1
:10656000345A4A4744547A71437253562F55753101
:106570004339334B59526854594A516A3665565318
:106580004844310D0A626B3279315250443068729E
:1065900074356B507151685472644F724137522F89
:1065A000555630367038366A74307544424D484519
:1065B000774D6A4456302F594930465A50526F37FA
:1065C00079582F6B390D0A5A3547494D4335437376
:1065D0007439392B2B554D642F2F734D6342346A18
:1065E000372F4366387174624348576A646D4C6153
:1065F0006F3576344A76344546624D7334345446AA
:10660000655930424762480D0A37766B32446D71E6
:106610005639676D61426D66305A58483479715306
:10662000784A65442B5049733142476536344539C1
:10663000326866782F2F445A7274656E4E4C514EF4
:106640006954724D39414D2B760D0A647142705672
:106650006F4E7130716A553531427835725532421C
:1066600058634662587649354D5439544E556858EA
:1066700077494441514142416F49424147644E7418
:1066800066594469617036627A73740D0A79684399
:106690006949386D39547472685A77344D69736139
:1066A00045614E2F6C6C3358536A614F47326476A4
:1066B0005636784D5A434D562B3554655844484FFD
:1066C000415A6E59313859693138767A7A0D0A341F
:1066D000557432546E4E467A697A434543594E6139
:1066E0004132665354335767496E6E78556B563353
:1066F000595841795036434E784A61436D7632613C
:106700004130794672326B46565365614B47740D82
:106710000A796D766C6A4E70324E566B766D3754D0
:106720006838664251424F3749374158687A3433A6
:106730006B306D5237586D50676577653841705AC8
:106740004F47336873746B4F614D7662574176578C
:10675000410D0A7A435A757064446A5A596A4F4A1D
:10676000716C41346545413448382F7737463833AA
:106770007235437567654245384C674552456A4CEA
:10678000506979656A725535483166756245592B8D
:106790006830640D0A6C35485A424A36387962547A
:1067A0005866513555396F2F514B413364643074FD
:1067B0006F4245686864525544477A57746A7677E1
:1067C0006B455166714631726547576A2F746F6425
:1067D0002F674370660D0A44466936583045436753
:1067E00059454134774F762F706A53433374793665
:1067F00054754F764B5832724F556942724C585807
:1068000076324A53785A6E4D6F4D695749356970E3
:106810004C51742B5259540D0A565061664C2F6DD1
:1068200037446E364D62776A61794F6B635A6842BE
:10683000776B35434E7A35413651346C4A36344D98
:10684000712F6C71487A6E52435151324D6331470A
:1068500038657944462F66594C0D0A5A6532704C9A
:10686000767750395644356A5463326D6944667799
:106870002B4D6E764A68797752524C63656D44466B
:1068800050386B34685156746D38504D70335A6DB2
:106890004E45436759454134677A370D0A777A4F39
:1068A000625234676E386962653631377551505AB5
:1068B0006A577A556A3964554859642B696E31674D
:1068C0007742434972744E6E61526E394939552F81
:1068D000513674656752597069693479730D0A636A
:1068E0003137364E6D552B756D7936586D75534B66
:1068F00056357144396253705A5747326E4C466E62
:10690000736C724E31354C6D3366685A786F654DD5
:106910004E6842614544546E4C543236796F690D6D
:106920000A33336770306D5353577939345A457190
:1069300069706D732B554C46367359315A744657EE
:1069400036747047466F7938436759415148686ECD
:106950006E764A666C4973326B79347131304236E7
:10696000300D0A5A6378467033727444706B70301D
:106970004A7868464C6869697A4672756A4D745AF5
:10698000536A594E6D3555374B6B67505648684CB6
:10699000454C455576436D4F6E4B54743461702FA2
:1069A000765A300D0A42784A4E6531475A4833705C
:1069B0005736534176474451706C39734737757574
:1069C0002F765446502B6C4378756B6D7A78423035
:1069D0004472724463766F72456B4B4D6F6D375ADC
:1069E00043435276570D0A4B5A735A36596548320B
:1069F0005A3831426175526A3231386B514B4267B5
:106A0000514355562F44674B5032393835784454EA
:106A10005437394E30386A556F33685450354D56B7
:106A2000594343756A2F2B0D0A55654577315476C6
:106A30005A6378334C4A627937503658616436610C
:106A4000312F42717665614779464B496645464923
:106A50006142554249746B3830317344447044612B
:106A6000596334674C303058630D0A376C467542B1
:106A7000484F5A6B784A596C737335517247707529
:106A80004F456C395A775574354972464C426459B2
:106A9000614B714E487A4E56433170435066622FB7
:106AA0004A794836447232485578710D0A677855EC
:106AB0007741514B4267514363553647324C384119
:106AC00047396439633055704F794C31744D76468F
:106AD0006535547477304B6A6C5156647368314D28
:106AE0005036796967596F3944597577750D0A625F
:106AF0004846565732723064425471656750322F9F
:106B00004B544F784B7A6148664331716630524737
:106B10004473556F4A434E4A72643163776F434CF6
:106B20004738503245463477334F42724B71760DB9
:106B30000A38753479745930462B566C616E6A3553
:106B40006C6D3354616F48535646312B4E57507914
:106B50004F5469776576494543474B775378766C50
:106B60006B6934664441413D3D0D0A2D2D2D2D2D7F
:106B7000454E4420525341205052495641544520DD
:106B80004B45592D2D2D2D2D0D0A00001705000008
:106B90002D2D2D2D2D424547494E20434552544918
:106BA0004649434154452D2D2D2D2D0D0A4D494962
:106BB0004468544343416D326741774942416749D4
:106BC000424244414E42676B71686B694739773086
:106BD0004241517346414441374D517377435159B6
:106BE000445651514745774A4F544445520D0A4D3A
:106BF00041384741315545436777495547397359BE
:106C0000584A54553077784754415842674E564257
:106C1000414D4D454642766247467955314E4D4984
:106C200046526C63335167513045774868634E0D67
:106C30000A4D5463774E5441314D544D774E7A5539
:106C4000355768634E4D6A63774E5441324D544D0B
:106C5000774E7A5535576A41384D517377435159BC
:106C6000445651514745774A4F544445524D413857
:106C7000470D0A413155454367774955473973599F
:106C8000584A5455307778476A415942674E5642C0
:106C9000414D4D455642766247467955314E4D49F4
:106CA000454E7361575675644341794D4949424990
:106CB0006A414E0D0A42676B71686B6947397730DC
:106CC000424151454641414F43415138414D494967
:106CD0004243674B4341514541794854457A4C6E94
:106CE0003574586E7052646B55594C423975355035
:106CF00079617836660D0A4D36304E6A346F3856F3
:106D00006D586C3345545A7A476146423958344A73
:106D100037424B4E64426A6E67707547376661381A
:106D2000483672376777516B345A4A4744547A7100
:106D3000437253562F55750D0A314339334B59520F
:106D40006854594A516A36655653484431626B3229
:106D5000793152504430687274356B5071516854B7
:106D600072644F724137522F555630367038366A3A
:106D700074307544424D4845770D0A4D6A4456308B
:106D80002F594930465A50526F3779582F6B395A1C
:106D90003547494D433543737439392B2B554D6471
:106DA0002F2F734D6342346A372F436638717462F4
:106DB0004348576A646D4C616F35760D0A344A76E4
:106DC000344546624D733434544665593042476207
:106DD0004837766B32446D715639676D61426D6626
:106DE000305A584834797153784A65442B50497366
:106DF0003142476536344539326866782F0D0A2F9F
:106E0000445A7274656E4E4C514E6954724D3941FC
:106E10004D2B7664714270566F4E7130716A5535E4
:106E20003142783572553242586346625876493558
:106E30004D5439544E556858774944415141420D9B
:106E40000A6F3447534D4947504D42304741315501
:106E50006444675157424252786F51427A636B41A2
:106E60007656485A654D2F78536A377A7833577477
:106E7000474954426A42674E5648534D455844422A
:106E8000610D0A674253305775536C733937535548
:106E900076613531616156442B732B764D66392FFF
:106EA00036452F704430774F7A454C4D416B474102
:106EB00031554542684D43546B77784554415042B3
:106EC000674E560D0A42416F4D4346427662474631
:106ED0007955314E4D4D526B774677594456515145
:106EE000444442425162327868636C4E5454434287
:106EF000555A584E3049454E42676745414D416BA2
:106F000047413155640D0A457751434D414177441E
:106F100051594A4B6F5A496876634E4151454C422C
:106F200051414467674542414337794F3738364EC0
:106F3000766348704B38556F764B49473963423317
:106F4000326F5351516F6D0D0A4C6F52306548448A
:106F5000527A6471456B6F713779475A7566484646
:106F6000695241417A624D714A666F675274786C1A
:106F7000725741654234792F6A47614D4256323526
:106F80004962464F49634832570D0A694345614D8E
:106F90004D62472B56514C4B4E76754336336B6DD5
:106FA000772F5A6577633954684D3650613148639D
:106FB00079306178543066616631422F5530316ADC
:106FC00030464963772F366D54664B0D0A44387747
:106FD00034384F497763317972304A747574435647
:106FE0006A696735444330797A6E474D743332525B
:106FF0007973654F4C6355652B6C6671303035760F
:1070000032504169436F7A7235583872450D0A6FB4
:1070100066475A70694D324E7152506550675979C2
:107020002B566337355A6B3238786B525171316E4B
:107030006370726751623353347654735A64536386
:10704000704D39684C662B654D6C7267716C6A0DBA
:107050000A6335504C536B5842654C45352B666579
:10706000646B796654614C7878516C674370756FC6
:107070004F684B426D30342F523170574E7A55481D
:10708000797161676A4F39513D0D0A2D2D2D2D2DD6
:10709000454E442043455254494649434154452DA9
:1070A0002D2D2D2D0D0A0000AB0600002D2D2D2DB0
:1070B0002D424547494E2052534120505249564196
:1070C0005445204B45592D2D2D2D2D0D0A4D494947
:1070D000457041494241414B434151454177553209
:1070E0006A3365664E4864454531306C79754A6D42
:1070F00073446E6A6B4F6A784B7A7A6F5446744267
:1071000061354D326A4149696E376835720D0A6CD6
:10711000716453744A44764C584A36506953612F0F
:107120004C593072435431642B416D5A4979637321
:107130004368396F6472716A4F624A484A61382FF6
:1071400073454555724D32314B5036346246320DDF
:107150000A324A44425962526D556A61694A6C4F1B
:1071600071713352654233305A6774737132422BF6
:1071700067325130634C556C6D3931736C633062DA
:107180006F4334705061517931414A4468326F49DC
:10719000510D0A5A6E32755643754C5A586D526FDE
:1071A000654A687738314153516A7561417A786927
:1071B00034625352722F51754B6F524178352F56AE
:1071C000716761486B515944772B466939714C524C
:1071D0004637690D0A474D5A694C38646D6A6670C6
:1071E000643248337A4A346B7041635751446A3889
:1071F0006E38544449536737763174374878796428
:10720000727877553965735143504A6F6450672FD0
:107210006F4E4A68620D0A79334E4C55706259457B
:10722000614973674968704F5672544437446557D3
:10723000533852782F6671456745776C77494441DA
:10724000514142416F4942415143585230533845B0
:10725000494846474F525A0D0A2B2B41744F673607
:1072600065454E78442B7856733066314965477AC8
:107270003537546A6F33516E58583756425A4E64F8
:107280006A2B70314543766843452F4737586E6BFC
:10729000675535684C5A582B470D0A5A306A6B7A35
:1072A0002F74714A4F4930765253644C4262697070
:1072B000486E576F7579425134652F413179494A8B
:1072C000646C42747158784A314B452F6974754823
:1072D00052624E63346A346B4C385A0D0A2F723640
:1072E0007076776E5449305053783245717330342C
:1072F0003859645339324C543671417634666C6275
:107300004E44784D6E327559377334796353345126
:107310003877314A586E436561416E596D0D0A5791
:1073200059493577784F2B627652454C52324D632E
:107330007A35446D566E4C386A52796D6C366C36BF
:10734000353832625376356F7566526546496279D3
:10735000505A6251576C5867596E70753648650DB2
:107360000A4754633745317A4B595147472F392BD8
:107370004451556C2F3176517543507151776E7968
:107380003074516F5832773574645970644D645657
:107390006D2B7A6B4C7462616A7A645476694A4ADE
:1073A000610D0A54577A4C366C7435416F4742412F
:1073B0004E38362B5356654A44636D514A637634D2
:1073C00045713655687452723451474D69514D7A42
:1073D00030536F64366574745978597A4D67787490
:1073E0007732380D0A43497267706F7A43632B55C1
:1073F000615A4A4C6F375578764336616E3835722C
:107400003162326E4B50434C51466167674A304897
:107410003451304A2F735A4F68424958616F427A4B
:10742000577876654B0D0A6E757063654B645678B8
:107430004773466938434479383644426669794629
:10744000697666426A2B3437426261517A50426AE9
:10745000374334724B37556C4C6A61623272444127
:107460006F4742414E32750D0A414D326763686F76
:1074700046697534763148464C3844376C776545F3
:107480007069365A6E4D4A6A6E45752F6445674776
:10749000514A466A7764704C6E5062736A3463373F
:1074A000356F645134477A38670D0A7377396C61E8
:1074B0006F3956567A6275736F52452F4A47493471
:1074C0006154644F307041545879473765473151A2
:1074D000752B355963315947586343726C69413292
:1074E000784D3978782B6437662B730D0A6D507A96
:1074F0004E2B5749456735474A44595A446A417AA1
:10750000484735424E76692F46664D314339644FC0
:10751000746A763264416F4741463074354B6D77FB
:10752000626A574842686356714F3449630D0A4294
:1075300056764E3342496C6331756532595258451F
:10754000446C785935623072384E345863654D67F3
:107550004B6D5731384F4841705A78666C387550CA
:10756000446175575A4C584F676C34756570760D89
:107570000A77685A43334575577253797949434EB0
:10758000684C593231416837686249454250463348
:107590004C335A734F77432B5545724C2B645857D5
:1075A0004C644235364A677933675A6142655737CA
:1075B000620D0A764472456E6F634A6271436D379D
:1075C00049756B6858484F424B3843675945417776
:1075D00071644842306871794E537A494F47593740
:1075E000763961627A42367055644133425A695144
:1075F0007645730D0A334C6A4856643448504A3213
:1076000078304E384367724249574F453071382BB6
:107610003068534D6D6545393657572F376A4433B7
:10762000665057774352357A6C586B6E7842517377
:1076300066763067500D0A334243355052305164FC
:1076400079707A2B642B397A664D663632356B79D0
:10765000697434542F687A77684476655A557A4845
:107660006E6B3143662B494737512B544F456E4C57
:107670006E5741574245440D0A49534F576D725555
:107680004367594146456D5278677741632F752BA3
:10769000443674307379437741596836504F747368
:1076A000637139593069394779576B38394E7A6780
:1076B00043344E6477776242480D0A34416761680B
:1076C0004F78497858783267784A6E713379666BAB
:1076D0004A66496A7766307332447950306B593262
:1076E00079365561314F656F6D506559396D724905
:1076F00053347443754451364C72450D0A54423626
:107700006C3956476F784A4C346679486E5A6238FD
:107710004C356747766E423162624438634C365965
:10772000506144694F6863527365433976426945D5
:107730007556673D3D0D0A2D2D2D2D2D454E4420AE
:107740005253412050524956415445204B45592DE2
:107750002D2D2D2D0D0A0000AD0400002D2D2D2DF9
:107760002D424547494E20434552544946494341DD
:1077700054452D2D2D2D2D0D0A4D4949444E7A434A
:107780004341682B674177494241674942416A4119
:107790004E42676B71686B6947397730424151558A
:1077A00046414441374D51737743515944565151E5
:1077B0004745774A4F544445520D0A4D4138474199
:1077C00031554543684D495547397359584A5455C1
:1077D0003077784754415842674E5642414D5445A0
:1077E0004642766247467955314E4D4946526C6362
:1077F000335167513045774868634E0D0A4D544503
:10780000774D6A45794D5451304E44413257686343
:107810004E4D6A45774D6A45794D5451304E44413D
:1078200032576A41304D5173774351594456515143
:107830004745774A4F544445524D4138470D0A4118
:1078400031554543684D495547397359584A545540
:10785000307778456A415142674E5642414D544314
:10786000577876593246736147397A6444434341C5
:107870005349774451594A4B6F5A496876634E0DC4
:107880000A41514542425141446767455041444392
:107890004341516F4367674542414D464E6F39330F
:1078A0006E7A523352424E644A6372695A7241355B
:1078B0003435446F385373383645786251577554B0
:1078C0004E0D0A6F774349702B34656135616E55F3
:1078D00072535137793179656A346B6D7679324EEE
:1078E0004B776B395866674A6D534D6E4C416F66E6
:1078F000614861366F7A6D795279577650374242D6
:10790000464B7A0D0A4E74536A2B75477864746936
:1079100051775747305A6C49326F695A54717174B4
:10792000305867643947594C624B7467666F4E6BC9
:107930004E4843314A5A7664624A584E473641753A
:107940004B54326B4D0D0A745143513464714345AD
:10795000475A39726C5172693256356B61486959B0
:1079600063504E51456B49376D674D3859754730F7
:107970006B612F304C697145514D656631616F47C0
:10798000683545474138500D0A685976616930526B
:107990006534686A4759692F485A6F3336586468A6
:1079A000393879654A4B5148466B41342F4A2F4547
:1079B0007779456F4F373962657838636E61386320
:1079C0004650587245416A79610D0A485434503620
:1079D0004453595738747A53314B57324247694CA4
:1079E00049434961546C6130772B77336C6B764532
:1079F000636633366849424D4A63434177454141A6
:107A0000614E4E4D457377435159440D0A565230DD
:107A100054424149774144416442674E564851348B
:107A200045466751557051586F5A4C6A633332411D
:107A30005055424A4E594B686B7230324C51354D5D
:107A400077487759445652306A424267770D0A4662
:107A50006F41557446726B70625065306C4C327574
:107A600064576D6C512F7250727A482F6638774484
:107A700051594A4B6F5A496876634E4151454642C7
:107A800051414467674542414A786E58436C590DED
:107A90000A6F486B62703730637142727347584C9B
:107AA0007962413734637A624F3552644C45674698
:107AB00073377248565339722B633239336C7553AE
:107AC0002F4B646C694C53635A71417A5956796CE7
:107AD000770D0A55665257764B4D6F576848594B8C
:107AE000703364454953347854586B362F357A587F
:107AF0007868763952773853476338716E367649ED
:107B000054486B3153316D50657674656B676173A2
:107B10005935590D0A695751754D33683459566CAA
:107B20005248334848454D414431546E416578666A
:107B300058484844465147652B4264316941627A4E
:107B4000312F73483948386C345374775836656729
:107B500076544B334D0D0A775852776B4B6B766AE0
:107B60004B61454441394154625A78306D49384C33
:107B7000477378537543716539723964796A6D74E6
:107B8000746434374A31703152756C7A33434C7AAD
:107B9000615263564975530D0A5252516661443819
:107BA0006E654D396331532F694A2F616D5456719B
:107BB0004A7841314B4F644F53353738305768500E
:107BC00066534172412B673471416D536A656C6332
:107BD0003370347757706861380D0A7A6875597751
:107BE0006A567558364A484730633D0D0A2D2D2D8B
:107BF0002D2D454E44204345525449464943415456
:107C0000452D2D2D2D2D0D0A000000000C0000002B
:107C1000506F6C617253534C5465737400000000D4
:107C2000F60600002D2D2D2D2D424547494E2052A0
:107C300053412050524956415445204B45592D2D12
:107C40002D2D2D0D0A50726F632D547970653A20D9
:107C5000342C454E435259505445440D0A44454B2B
:107C60002D496E666F3A204445532D454445332DCA
:107C70004342432C4138413935423035443542374F
:107C8000323036420D0A0D0A395164394765417266
:107C9000656A6C3147445668326C4C5631624874A0
:107CA0003063507466626835682F357A5670415675
:107CB000614670717453504D72456C703530526E20
:107CC000746E3965742B4A410D0A37564F79626FCD
:107CD000522B497932742F4855345776413638370C
:107CE0006B33427070653947774B486A4868746CEB
:107CF0002F2F3878464B775A7233586235794F3583
:107D00004A5550384155637451710D0A4E623843DB
:107D10004C6C5A797555432B353252454141746844
:107D200064576773582B37644A4F347961627A55C8
:107D3000635132325470394A53443068694C343399
:107D4000426C6B5759554E4B3364416F0D0A505A74
:107D50006C6D6970746A6E7A56546A67314D7873C7
:107D6000425379645A696E574F4C4256382F4A51E4
:107D7000677853506F327944347545666967323895
:107D80007162765132774E496E30706E41620D0AE3
:107D900047786E53414F617A6B6F6E6745476676E1
:107DA000636A4949732B4C5A4E3967584668786361
:107DB0004F68366B6334512F633939423751574519
:107DC00054774C4C6B59675A2B7A31613956593973
:107DD0000D0A67455537437743785943442B683933
:107DE00068593646506D734B302F6C43344F3761B2
:107DF00065524B7059713030725050787336693714
:107E00007068696578673661783679544D6D41726E
:107E100051710D0A516D4B335441734A6D38562FD1
:107E20004A354157704C4556366A41466752477944
:107E30006D4747486E6F663044587A56575A6964A2
:107E400072635A4A57544E7547455839306E42331B
:107E5000656532770D0A50584A4546574B6F443393
:107E60004B33614663534C64485972336D4C4778C9
:107E70005037483954685161693956737963785A73
:107E80004B53356B7776424B512F2F594D726D46C0
:107E90006677506B38780D0A76546559344B5A4DD5
:107EA000615572766545656C3574575A433934525D
:107EB000534D4B67785236637945316E4258795449
:107EC000516E444F476266704E4E67424B78794B15
:107ED00062494E576F4F4A550D0A574A5A41776CBF
:107EE00073516E2B517A434477707269372B7356F6
:107EF000316D53336742453655593761516D6E6D5B
:107F000069696143325633486270687863742F65DB
:107F10006E35517366444F7431580D0A4A637A5373
:107F2000667052574C6C62507A6E5A67384F51687F
:107F30002F5667434D4135384E35446A4F7A544980
:107F40004B37734A4A35722B39345A42544370675F
:107F5000414D624635383866304E54520D0A4B4317
:107F60006534797278474A52375830324D346E76DC
:107F7000443449774F6C707351387851785A744F44
:107F800053675876344C6B7876645539584A4A4B67
:107F9000575A2F584E4B4A65577A747853650D0AD5
:107FA0005A317664546332596673444241325345C0
:107FB0007633337678487832673176717477385310
:107FC0006A44525432526151535330517553614D8A
:107FD0004A696D644F58366D544F43424B6B314A7A
:107FE0000D0A3951356D58547245522B2F4C6E4B3A
:107FF000306A456D58734258574135627171565A0F
:10800000497961685853783456595A376C37772F05
:1080100050486955447444677952684D4D4B6934F2
:108020006E320D0A6951765163575351546A72701A
:108030006E6C4A626361312F446B705274335977AE
:1080400072764A776471623861735A553256724E4D
:108050004554683578305156656644524C466956E9
:108060007069662F0D0A7455616541652F50314660
:10807000384F6B53374F495A447331535562762FFB
:10808000734432764D62684E6B556F436D73332F78
:1080900050764E74646E76674C3446307A6861442C
:1080A000704B436D6C540D0A50387678343945372F
:1080B00076354379524E6D4544397A5A67346F3379
:1080C000776D4D7172514F39335074547567334524
:1080D00075396F5678317A50514D314E564D79423F
:1080E00061322B663239444C0D0A316E755443654A
:1080F00058646F392B6E69343578782B6A4149346E
:10810000444377725264684A39757A5A79433639EA
:1081100036324833374836442B356E614E76436CE1
:1081200046523173366C693147620D0A6E71506F79
:1081300069792F4F427345783943614447637151E0
:10814000427035576D652F3358572B367A31495366
:108150004F782B6967774E5456435431346D4864D9
:10816000424D6279613065494B6674350D0A582B72
:10817000476E777467454D794359797957755563DB
:1081800074386734527A45726359392B7957394FAD
:108190006D35487A7078347A4F7557344E505A6737
:1081A000504454674B2B743252534C2F59710D0A63
:1081B0007245316E6A726765475963566547336623
:1081C0002B4F667448347336665062713774314190
:1081D000355A67557363624C4D42717239744B2B3B
:1081E0004F717967523445674B4250734836437A32
:1081F0000D0A4C367A6C762F3252563071414876E1
:108200005675444A6349444967775935724A7449F7
:108210004E456D333272684F65464E4A775A533534
:108220004D4E494331637A585A78352F2F75675828
:10823000376C0D0A49347379356E62566877536A24
:1082400074416B38586735645A6264545A366D49C4
:108250007262377871482B6664616B5A6F72316B4A
:108260006847376243327549776962443363536CB8
:1082700032586B520D0A774E34386C736C62486E0C
:10828000717161677236586D316E4E4F53566C384E
:10829000432F366B624A45734D704C6841657A6670
:1082A00052744777764F75636F61452B57626555FA
:1082B0004E6F6C4764650D0A502F655169646453B5
:1082C000663062726E70694C4A526837715A726CCD
:1082D0003958757159647055716E6F45644D4166BA
:1082E0006F74444F4944384F74563767743861345B
:1082F00038616438565057320D0A2D2D2D2D2D45DD
:108300004E44205253412050524956415445204B2F
:1083100045592D2D2D2D2D0D0A0000002D2D2D2D13
:108320002D424547494E2043455254494649434111
:1083300054452D2D2D2D2D0D0A4D494944687A4364
:1083400043416D2B6741774942416749424144416E
:108350004E42676B71686B694739773042415155BE
:1083600046414441374D5173774351594456515119
:108370004745774A4F544445520D0A4D41384741CD
:1083800031554543684D495547397359584A5455F5
:108390003077784754415842674E5642414D5445D4
:1083A0004642766247467955314E4D4946526C6396
:1083B000335167513045774868634E0D0A4D544537
:1083C000774D6A45794D5451304E44417757686333
:1083D0004E4D6A45774D6A45794D5451304E444172
:1083E00077576A41374D517377435159445651512C
:1083F0004745774A4F544445524D4138470D0A414D
:1084000031554543684D495547397359584A545574
:108410003077784754415842674E5642414D544553
:108420004642766247467955314E4D4946526C6315
:1084300033516751304577676745694D4130470D86
:108440000A435371475349623344514542415155A0
:108450004141344942447741776767454B416F4911
:108460004241514441337A6638463776676C703002
:108470002F687436574D6E3145705261677A534894
:10848000780D0A6D64547336737438474667496CC7
:108490004B58736D38574C33786F656D54695A6813
:1084A00078353777493035337A68646348674830C0
:1084B00035375A6B2B6935636C48467A714D775561
:1084C000716E790D0A35304277464D74456F6E49AD
:1084D0004C777556412B54376C7067367A2B65781C
:1084E0004B593843344B5142306E466337714B55CC
:1084F000456B4848787659505A5039616C346A77E0
:10850000716A2B386E0D0A594D50476E38753637E3
:10851000474239742B61454D7235502B31676D4997
:10852000674E62314C54562B2F586A6C69357777F9
:108530004F51757666777537754A42566341304CB0
:108540006E306B636D6E4C0D0A5237455551494E76
:10855000395A2F5347396A477238586D6B737255C1
:108560007545766D45462F42696279632B453169C1
:1085700078564130686D6E4D336F54445062354CBF
:108580006339756E38724E73750D0A4B4E462B412A
:108590006B736A6F4258794F47566B43656F4D62F4
:1085A0006F346246364278794C4F627961767077E3
:1085B0002F4C5068356150674149796E706C596233
:1085C000364C5641674D424141476A0D0A675A553C
:1085D00077675A497744415944565230544241557D
:1085E00077417745422F7A416442674E564851346D
:1085F00045466751557446726B70625065306C4CDD
:10860000327564576D6C512F7250727A480D0A2F73
:10861000663877597759445652306A4246777757C9
:108620006F41557446726B70625065306C4C327598
:1086300064576D6C512F7250727A482F662B6850B8
:108640003651394D447378437A414A42674E560D4C
:108650000A42415954416B354D4D52457744775943
:10866000445651514B4577685162327868636C4E7D
:10867000545444455A4D4263474131554541784D24
:10868000515547397359584A5455307767564756AC
:108690007A0D0A64434244515949424144414E4291
:1086A000676B71686B694739773042415155464174
:1086B000414F434151454175503155324142556B0F
:1086C00049736C734366646C63326939345148484A
:1086D00059654A0D0A53735234456467487464639C
:1086E000695549354936324A364D6F6D2B593064DC
:1086F000542F37612B3853364D564D435A5036431D
:10870000354E794E795877314757592F595238326B
:1087100058544A38480D0A44424A6943546F6B35ED
:1087200044625A36537A614F4E427A6457485877BA
:1087300057776D693576673164786E375978724D41
:10874000396430496A784D3237574E4B733473442D
:1087500051685A42516B460D0A706A6D66733263F6
:1087600062346F506C34593954396D6554782F6CBC
:1087700076646B525945756736314A666E36634189
:108780002B7148707950596454482B55736849547B
:108790006E6D70352F5A746B660D0A6D2F555453DC
:1087A0004C424E464E48657369545A654833314EC3
:1087B000637859476448536D65394E632F6766691E
:1087C00064526130464C4F43665778526C46714153
:1087D0004934377A47396A4151435A0D0A375A3278
:1087E0006D4347444E4D686A51632B425963646E32
:1087F0006C306C50586A64444B3656307143673164
:1088000064566577685542635735675A4B7A5637D1
:1088100065392B447056413D3D0D0A2D2D2D2D2DD2
:10882000454E442043455254494649434154452D01
:108830002D2D2D2D0D0A00002D2D2D2D2D424547BE
:10884000494E2043455254494649434154452D2DF4
:108850002D2D2D0D0A4D494944687A4343416D2B16
:108860006741774942416749424144414E42676B03
:1088700071686B69473977304241517346414441D1
:10888000374D517377435159445651514745774AB3
:108890004F544445520D0A4D4138474131554543E7
:1088A0006777495547397359584A5455307778474F
:1088B00054415842674E5642414D4D4546427662BC
:1088C00047467955314E4D4946526C633351675195
:1088D0003045774868634E0D0A4D5463774E5441D6
:1088E000304D5459314E7A41785768634E4D6A6322
:1088F000774E5441314D5459314E7A4178576A413F
:10890000374D517377435159445651514745774A32
:108910004F544445524D4138470D0A413155454366
:108920006777495547397359584A545530777847CE
:1089300054415842674E5642414D4D45464276623B
:1089400047467955314E4D4946526C633351675114
:10895000304577676745694D4130470D0A4353718C
:10896000475349623344514542415155414134498D
:1089700042447741776767454B416F4942415144D3
:1089800041337A6638463776676C70302F687436B4
:10899000574D6E3145705261677A5348780D0A6DB4
:1089A00064547336737438474667496C4B58736D1B
:1089B00038574C33786F656D54695A687835377716
:1089C000493035337A6864634867483035375A6BC5
:1089D0002B6935636C48467A714D7755716E790D08
:1089E0000A35304277464D74456F6E494C7775565F
:1089F000412B54376C7067367A2B65784B59384366
:108A0000344B5142306E466337714B55456B484885
:108A1000787659505A5039616C346A77716A2B38BC
:108A20006E0D0A594D50476E3875363747423974C6
:108A30002B61454D7235502B31676D49674E623160
:108A40004C54562B2F586A6C693577774F51757691
:108A500066777537754A42566341304C6E306B63AA
:108A60006D6E4C0D0A5237455551494E395A2F53A8
:108A700047396A477238586D6B7372557545766D14
:108A800045462F42696279632B45316978564130FA
:108A9000686D6E4D336F54445062354C6339756E5A
:108AA00038724E73750D0A4B4E462B416B736A6FCD
:108AB0004258794F47566B43656F4D626F3462463B
:108AC000364278794C4F6279617670772F4C5068D6
:108AD000356150674149796E706C5962364C564128
:108AE000674D424141476A0D0A675A5577675A49AF
:108AF00077485159445652304F42425945464C529C
:108B000061354B577A33744A5339726E56707055CB
:108B100050367A3638782F332F4D474D47413155EF
:108B200064497752634D4671410D0A464C52613596
:108B30004B577A33744A5339726E567070555036AB
:108B40007A3638782F332F6F542B6B505441374D72
:108B5000517377435159445651514745774A4F54C1
:108B60004445524D413847413155450D0A436777D9
:108B7000495547397359584A5455307778475441C5
:108B80005842674E5642414D4D45464276624746F1
:108B90007955314E4D4946526C63335167513047D8
:108BA000434151417744415944565230540D0A4291
:108BB000415577417745422F7A414E42676B716844
:108BC0006B6947397730424151734641414F4341C8
:108BD000514541484B2F484872545A4D6E6E564D80
:108BE00070646531696F2B766F4174716C376A0DF3
:108BF0000A347352684C726A44376F33544874773E
:108C00005262446132646943767071305371323319
:108C10004E67324C4D596F58734F786F4C2F5251ED
:108C20004B33694E37554B7856334D4B5045723068
:108C3000770D0A5851532B6B4B5171695432627343
:108C400066726A6E574D56485A74554F4D706D3660
:108C5000464E716364476D2F52737333764B646174
:108C6000326C634B6C386B556E712F796C63312BA2
:108C70005162420D0A47364136745576516372325D
:108C80005A79576656672B6D4D35586B6854724F3D
:108C90004F587573324F4C696B6234577745744A3D
:108CA000544A524E4530662B79504F4453557A30D2
:108CB0002F765435370D0A41704830436E423830B4
:108CC00062594A73685948504848796D4F746C65C9
:108CD0004142384B535974716D3735672F594E6F78
:108CE000626A6E6A4236636D34486B57334F5A522C
:108CF00056496C366659590D0A6E32304E525641FD
:108D000031566A73364741524F72344E7157346B45
:108D10002F2B4C6F66593979304C4C44452B7030B1
:108D20006F49454B584973497668507233397377A8
:108D30007853413D3D0D0A2D2D2D2D2D454E4420BE
:108D400043455254494649434154452D2D2D2D2D1F
:108D50000D0A00001B0500002D2D2D2D2D4245472D
:108D6000494E2043455254494649434154452D2DCF
:108D70002D2D2D0D0A4D494944687A4343416D2BF1
:108D80006741774942416749424144414E42676BDE
:108D900071686B69473977304241517346414441AC
:108DA000374D517377435159445651514745774A8E
:108DB0004F544445520D0A4D4138474131554543C2
:108DC0006777495547397359584A5455307778472A
:108DD00054415842674E5642414D4D454642766297
:108DE00047467955314E4D4946526C633351675170
:108DF0003045774868634E0D0A4D5463774E5441B1
:108E0000304D5459314E7A41785768634E4D6A63FC
:108E1000774E5441314D5459314E7A4178576A4119
:108E2000374D517377435159445651514745774A0D
:108E30004F544445524D4138470D0A413155454341
:108E40006777495547397359584A545530777847A9
:108E500054415842674E5642414D4D454642766216
:108E600047467955314E4D4946526C6333516751EF
:108E7000304577676745694D4130470D0A43537167
:108E80004753496233445145424151554141344968
:108E900042447741776767454B416F4942415144AE
:108EA00041337A6638463776676C70302F6874368F
:108EB000574D6E3145705261677A5348780D0A6D8F
:108EC00064547336737438474667496C4B58736DF6
:108ED00038574C33786F656D54695A6878353777F1
:108EE000493035337A6864634867483035375A6BA0
:108EF0002B6935636C48467A714D7755716E790DE3
:108F00000A35304277464D74456F6E494C77755639
:108F1000412B54376C7067367A2B65784B59384340
:108F2000344B5142306E466337714B55456B484860
:108F3000787659505A5039616C346A77716A2B3897
:108F40006E0D0A594D50476E3875363747423974A1
:108F50002B61454D7235502B31676D49674E62313B
:108F60004C54562B2F586A6C693577774F5175766C
:108F700066777537754A42566341304C6E306B6385
:108F80006D6E4C0D0A5237455551494E395A2F5383
:108F900047396A477238586D6B7372557545766DEF
:108FA00045462F42696279632B45316978564130D5
:108FB000686D6E4D336F54445062354C6339756E35
:108FC00038724E73750D0A4B4E462B416B736A6FA8
:108FD0004258794F47566B43656F4D626F34624616
:108FE000364278794C4F6279617670772F4C5068B1
:108FF000356150674149796E706C5962364C564103
:10900000674D424141476A0D0A675A5577675A4989
:1090100077485159445652304F42425945464C5276
:1090200061354B577A33744A5339726E56707055A6
:1090300050367A3638782F332F4D474D47413155CA
:1090400064497752634D4671410D0A464C52613571
:109050004B577A33744A5339726E56707055503686
:109060007A3638782F332F6F542B6B505441374D4D
:10907000517377435159445651514745774A4F549C
:109080004445524D413847413155450D0A436777B4
:10909000495547397359584A5455307778475441A0
:1090A0005842674E5642414D4D45464276624746CC
:1090B0007955314E4D4946526C63335167513047B3
:1090C000434151417744415944565230540D0A426C
:1090D000415577417745422F7A414E42676B71681F
:1090E0006B6947397730424151734641414F4341A3
:1090F000514541484B2F484872545A4D6E6E564D5B
:1091000070646531696F2B766F4174716C376A0DCD
:109110000A347352684C726A44376F335448747718
:1091200052624461326469437670713053713233F4
:109130004E67324C4D596F58734F786F4C2F5251C8
:109140004B33694E37554B7856334D4B5045723043
:10915000770D0A5851532B6B4B517169543262731E
:1091600066726A6E574D56485A74554F4D706D363B
:10917000464E716364476D2F52737333764B64614F
:10918000326C634B6C386B556E712F796C63312B7D
:109190005162420D0A473641367455765163723238
:1091A0005A79576656672B6D4D35586B6854724F18
:1091B0004F587573324F4C696B6234577745744A18
:1091C000544A524E4530662B79504F4453557A30AD
:1091D0002F765435370D0A41704830436E4238308F
:1091E00062594A73685948504848796D4F746C65A4
:1091F0004142384B535974716D3735672F594E6F53
:10920000626A6E6A4236636D34486B57334F5A5206
:1092100056496C366659590D0A6E32304E525641D7
:1092200031566A73364741524F72344E7157346B20
:109230002F2B4C6F66593979304C4C44452B70308C
:109240006F49454B58497349766850723339737783
:109250007853413D3D0D0A2D2D2D2D2D454E442099
:1092600043455254494649434154452D2D2D2D2DFA
:109270000D0A0000E90000002D2D2D2D2D4245473F
:10928000494E2045432050524956415445204B45B4
:10929000592D2D2D2D2D0D0A4D4863434151454526
:1092A00049506233686D54785A332F6D5A4933767A
:1092B000796B37703355337742662B57496F703669
:1092C0006844686B467A4A686D4C63716F416F47BA
:1092D00043437147534D34390D0A417745486F5523
:1092E000514451674145562B577573585066303677
:1092F00079376B3769422F784B7537755A54724DF1
:109300003556552F59304473777534324D6C433987
:109310002B5934764E63594461570D0A774E55598F
:109320004648446C66352F56533055593562427362
:1093300031567A346C6F2B48634B506B78773D3DD8
:109340000D0A2D2D2D2D2D454E44204543205052E4
:109350004956415445204B45592D2D2D2D2D0D0A93
:10936000000000003D0300002D2D2D2D2D4245470E
:10937000494E2043455254494649434154452D2DB9
:109380002D2D2D0D0A4D4949434C44434341624B19
:109390006741774942416749424454414B426767BC
:1093A00071686B6A4F50515144416A412B4D517362
:1093B00077435159445651514745774A4F54444594
:1093C000524D4138470D0A4131554543684D495585
:1093D00047397359584A5455307778484441614267
:1093E000674E5642414D5445314276624746796355
:1093F000334E734946526C6333516752554D675132
:109400003045774868634E0D0A4D544D774F5449A7
:10941000304D5455314D6A41305768634E4D6A4D59
:10942000774F5449794D5455314D6A4130576A420E
:10943000424D517377435159445651514745774AEC
:109440004F544445524D4138470D0A41315545432B
:10945000684D495547397359584A545530777848BB
:109460007A416442674E5642414D54466C427662A0
:1094700047467955314E4D4946526C6333516751D9
:109480003278705A573530494449770D0A5754415C
:109490005442676371686B6A4F5051494242676733
:1094A00071686B6A4F50514D4242774E4341415271
:1094B000583561367863392F54724C755475494864
:1094C0002F45713775356C4F737A6C56540D0A39C8
:1094D0006A514F7A43376A5979554C33356A69383E
:1094E0003178674E70624131526755634F562F6E27
:1094F00039564C52526A6C73477A56585069576ABB
:109500003464776F2B54486F3447644D4947610D7D
:109510000A4D416B4741315564457751434D4141B7
:1095200077485159445652304F4242594546486F48
:109530004158345A6B2F4F4264355245514F374C86
:109540006D4F38516D50382F694D47344741315573
:10955000640D0A4977526E4D475741464A31744966
:1095600043524A41543872793369314762782B4A01
:109570004D6E622B7A5A386F554B6B5144412B4DCF
:10958000517377435159445651514745774A4F5487
:109590004445520D0A4D4138474131554543684DC8
:1095A000495547397359584A54553077784844419A
:1095B0006142674E5642414D5445314276624746BC
:1095C0007963334E734946526C6333516752554D3C
:1095D00067513047430D0A43514442512B4A2B599E
:1095E0006B504D3644414B42676771686B6A4F5010
:1095F00051514441674E6F4144426C416A424B5A5B
:1096000051313749494F696D626D6F442F794E373B
:109610006F38397533424D0D0A6C674F736A6E6847
:10962000773366494F6F4C49577932574F47736BC1
:109630002F4C47462B2B447A7672527A754E6941ED
:10964000434D5143643869656D315853344A4B3743
:1096500068616A38786F6370550D0A4C776A516A91
:10966000653550444748666433683974503338511F
:109670006B6E7535624A717773306D64324B4F4B48
:109680004879655630553D0D0A2D2D2D2D2D454E11
:10969000442043455254494649434154452D2D2DBC
:1096A0002D2D0D0A00000000E90000002D2D2D2DAC
:1096B0002D424547494E204543205052495641547A
:1096C00045204B45592D2D2D2D2D0D0A4D48634319
:1096D000415145454950457145794232416E436F8C
:1096E000504C2F39552F5944487664715859624966
:1096F0006F67547977777970362F55664477366E71
:109700006F416F4743437147534D34390D0A4177D9
:1097100045486F555144516741454E387857325846
:10972000594A486C70795073645A4C663867627550
:1097300035382B516152644E4374464C5833614363
:109740004A5A59704A4F355144594978482F0D0AA1
:1097500036692F534E4631644672324B694D4A7218
:10976000647731567A596F7144766F42794C5474EC
:109770002F773D3D0D0A2D2D2D2D2D454E44204595
:10978000432050524956415445204B45592D2D2DCB
:109790002D2D0D0A000000002D0300002D2D2D2D74
:1097A0002D424547494E204345525449464943417D
:1097B00054452D2D2D2D2D0D0A4D494943487A43F1
:1097C00043416157674177494241674942435441A8
:1097D0004B42676771686B6A4F50515144416A410F
:1097E0002B4D517377435159445651514745774A50
:1097F0004F544445524D4138470D0A413155454378
:10980000684D495547397359584A54553077784807
:1098100044416142674E5642414D54453142766261
:1098200047467963334E734946526C6333516752EE
:10983000554D67513045774868634E0D0A4D544D7C
:10984000774F5449304D5455314D6A413057686314
:109850004E4D6A4D774F5449794D5455314D6A41BB
:1098600030576A41304D51737743515944565151E5
:109870004745774A4F544445524D4138470D0A41B8
:1098800031554543684D495547397359584A5455E0
:10989000307778456A415142674E5642414D5443B4
:1098A000577876593246736147397A6444425A4D43
:1098B000424D4742797147534D3439416745470D11
:1098C0000A43437147534D34394177454841304944
:1098D000414244664D56746C3243523561636A3777
:1098E000485753332F4947377566506B476B585469
:1098F00051725253313932676957574B535475552A
:10990000410D0A32434D522F2B6F76306A52645804
:10991000526139696F6A436133634E5663324B4B10
:109920006737364163693037662B6A675A30776725
:109930005A6F774351594456523054424149774106
:109940004441640D0A42674E5648513445466751BA
:10995000555547476C6A3951483264654341517ADD
:109960006C5A582B4D5930616E45373477626759C0
:10997000445652306A424763775A5941556E5730C0
:10998000674A456B420D0A5079764C654C555A76BC
:1099900048346B796476374E6E7968517152414D17
:1099A000443478437A414A42674E564241595441C1
:1099B0006B354D4D524577447759445651514B457F
:1099C000776851623278680D0A636C4E545444458E
:1099D000634D426F474131554541784D54554739A4
:1099E0007359584A7A633277675647567A644342C6
:1099F00046517942445159494A414D4644346E35A5
:109A00006951387A6F4D416F470D0A43437147538F
:109A10004D343942414D43413267414D4755434DE5
:109A20005143614C467A58707475693557514E38B8
:109A30004C6C4F3364646831684D787836747A675B
:109A40004C765430334D54564B32530D0A43313219
:109A500072304C7A3372692F6D6F5345704E5A577E
:109A600071506A6B434D43453266353347586359ED
:109A70004C717966794A52303738632F784E535596
:109A800055352B58786C37565A343134560D0A6692
:109A90004761356B487648415242506338594149D5
:109AA0005649714476484831513D3D0D0A2D2D2DC2
:109AB0002D2D454E44204345525449464943415477
:109AC000452D2D2D2D2D0D0A000000000C0000004D
:109AD000506F6C617253534C5465737400000000F6
:109AE0006A0100002D2D2D2D2D424547494E204560
:109AF000432050524956415445204B45592D2D2D58
:109B00002D2D0D0A50726F632D547970653A2034F3
:109B10002C454E435259505445440D0A44454B2D53
:109B2000496E666F3A204445532D454445332D43D5
:109B300042432C333037454142343639393333448C
:109B40003634450D0A0D0A49786272526D4B6341F5
:109B50007A63744A71506454514C4134535779427A
:109B6000595947594A566B59456E612B46375061D2
:109B700035743559672F674B414472464B636D36D8
:109B8000423732653744470D0A69684578745A4947
:109B900036343873307A6459773671534A373476AD
:109BA0007250537557446535716D39334271736620
:109BB000564839737674437A57485730706D317010
:109BC000304B544243466655710D0A5573755754D0
:109BD0004954774A496D636E6C4173316761525ADB
:109BE000337341576D37634F5569644C30666F323C
:109BF0004730665955464E63596F43534C6666432A
:109C0000465445484275506E6167620D0A613737A8
:109C1000782F735931427669693853392F5868441F
:109C200054623670544D783036777A726D0D0A2D45
:109C30002D2D2D2D454E442045432050524956414F
:109C40005445204B45592D2D2D2D2D0D0A0000007A
:109C5000730300002D2D2D2D2D424547494E2043E5
:109C6000455254494649434154452D2D2D2D2D0D26
:109C70000A4D494943556A43434164656741774901
:109C8000424167494A414D4644346E356951387AFC
:109C90006F4D416F4743437147534D343942414DF6
:109CA000434D443478437A414A42674E56424159C3
:109CB000540D0A416B354D4D524577447759445602
:109CC00051514B4577685162327868636C4E5454F9
:109CD0004445634D426F474131554541784D545598
:109CE00047397359584A7A633277675647567A64C8
:109CF0004342460D0A5179424451544165467730FA
:109D0000784D7A41354D6A51784E5451354E4468FC
:109D100061467730794D7A41354D6A49784E5451D4
:109D2000354E4468614D443478437A414A42674E27
:109D300056424159540D0A416B354D4D52457744B9
:109D40007759445651514B45776851623278686370
:109D50006C4E54544445634D426F47413155454123
:109D6000784D545547397359584A7A633277675654
:109D700047567A644342460D0A517942445154424F
:109D8000324D42414742797147534D34394167451D
:109D900047425375424241416941324941424D5027
:109DA000614B7A52424E3167766831622B2F496D92
:109DB000364B554E4C547542750D0A7777355855CC
:109DC0007A4D35574E5253744A47564F51736A3342
:109DD0003138584A474A492F4271564B6334734CC5
:109DE00059664369464B4172395A717179486475B5
:109DF0004E4D63626C6934797569790D0A61593722
:109E00007A516130707737526664616448623955BF
:109E10005A4B5656706D6C4D37494C526D466D41DC
:109E20007A48714F426F4443426E54416442674ED8
:109E30005648513445466751556E5730670D0A4AAA
:109E4000456B425079764C654C555A7648346B795F
:109E50006476374E6E7777626759445652306A425D
:109E60004763775A5941556E5730674A456B4250A0
:109E700079764C654C555A7648346B796476370D53
:109E80000A4E6E7968517152414D443478437A419B
:109E90004A42674E5642415954416B354D4D5245E9
:109EA00077447759445651514B457768516232781F
:109EB00068636C4E54544445634D426F474131557D
:109EC000450D0A41784D545547397359584A7A63BC
:109ED0003277675647567A64434246517942445135
:109EE00059494A414D4644346E356951387A6F4D6F
:109EF00041774741315564457751464D414D424187
:109F00006638770D0A436759494B6F5A497A6A3068
:109F10004541774944615141775A674978414D4FEE
:109F200030596E4E574B4A5541665867534A744AEA
:109F30007865786E346970672B6B76347A6E7552FB
:109F400035307635360D0A7434643050437534310B
:109F5000326D5543364E6E6437697A767445324DAC
:109F60006749784150316E6E4A516A5A3842577586
:109F70006B737A4651444734387778434379636941
:109F800039717064534D760D0A75436A6E38707777
:109F9000554F6B4142584B384D73733930667A4395
:109FA0006643454F7449413D3D0D0A2D2D2D2D2D04
:109FB000454E442043455254494649434154452D5A
:109FC0002D2D2D2D0D0A000002000000BCA6026000
:109FD00003000000A0A602600400000084A6026046
:109FE0000500000068A60260060000004CA60260A2
:109FF0000700000030A602600800000014A60260FE
:10A0000009000000F8A502600A000000DCA502605B
:10A010000B000000C0A502600C000000A4A50260B7
:10A020000D00000088A502600E00000048A5026037
:10A030000F0000002CA502601000000010A50260B7
:10A040002B000000D0A402602C000000B4A4026029
:10A050002D00000098A402601100000058A40260C6
:10A06000120000003CA402601300000020A4026063
:10A070001400000004A4026015000000E8A30260C0
:10A0800016000000CCA3026017000000B0A302601D
:10A090001800000094A302601900000078A3026079
:10A0A0001A0000005CA302601B00000040A30260D5
:10A0B0001C00000024A302601D000000E4A2026056
:10A0C0001E000000C8A202601F000000ACA20260D7
:10A0D0002E0000006CA202602F00000050A202605F
:10A0E0003000000034A2026020000000F4A10260F1
:10A0F0002200000098A10260240000003CA1026040
:10A1000021000000D8A10260230000007CA10260B1
:10A110002500000020A102600000000000000000F7
:10A1200025020000C0000000AC370020080000003D
:10A13000000000000800000058A102602401000097
:10A14000C0000000BC370020080000000000000034
:10A150000800000058A10260040000009D83006018
:10A16000A98300600000000000000000C1830060BF
:10A17000BD8300603D840060C58300602302000051
:10A1800080000000CC370020080000000000000024
:10A1900008000000B4A1026022010000800000005D
:10A1A000D837002008000000000000000800000070
:10A1B000B4A10260030000009D830060A9830060D9
:10A1C0000000000000000000B9830060B58300605B
:10A1D0003D840060C5830060210200004000000053
:10A1E000143E0020080000000000000008000000ED
:10A1F00010A202602001000040000000E4370020AF
:10A2000008000000000000000800000010A202602A
:10A210000300000095830060A5830060000000003B
:10A2200000000000B1830060AD83006055840060D1
:10A23000D98300603008000000010000EC370020E6
:10A240000C000000010000001000000088A2026065
:10A250002F080000C0000000003800200C000000A3
:10A26000010000001000000088A202602E0800001B
:10A2700080000000143800200C00000001000000E5
:10A280001000000088A2026005000000000000002D
:10A290000000000000000000000000008983006052
:10A2A000898300606D840060ED8300601F060000FC
:10A2B00000010000283800200C0000000100000010
:10A2C0001000000000A302601E060000C000000095
:10A2D0003C3800200C0000000100000010000000CD
:10A2E00000A302601D06000080000000503800201E
:10A2F0000C000000010000001000000000A302603C
:10A300000500000000000000000000000000000048
:10A31000000000007D8300607D8300608584006014
:10A32000018400601C05000000010000643800206A
:10A3300010000000000000001000000074A4026083
:10A340001B050000C000000078380020100000004D
:10A35000000000001000000074A402601A05000054
:10A36000800000008C380020100000000000000079
:10A370001000000074A40260190300000001000036
:10A38000A0380020100000000000000010000000B5
:10A3900074A4026018030000C0000000B43800205C
:10A3A00010000000000000001000000074A4026013
:10A3B0001703000080000000C838002010000000D3
:10A3C000000000001000000074A4026016020000EB
:10A3D00000010000DC380020100000000000000038
:10A3E0001000000074A4026015020000C00000000C
:10A3F000F0380020100000000000000010000000F5
:10A4000074A40260140200008000000004390020DF
:10A4100010000000000000001000000074A40260A2
:10A420001301000000010000183900201000000096
:10A43000000000001000000074A40260120100007F
:10A44000C00000002C3900201000000000000000B7
:10A450001000000074A402601101000080000000E0
:10A460004039002010000000000000001000000033
:10A4700074A40260050000006583006069830060C9
:10A480006D83006071830060798300607583006074
:10A490009D840060158400602D080000000100000C
:10A4A000543900200C0000000100000010000000E2
:10A4B000ECA402602C080000C000000060390020FD
:10A4C0000C0000000100000010000000ECA402607D
:10A4D0002B080000800000006C3900200C000000F8
:10A4E0000100000010000000ECA402600200000067
:10A4F000000000000000000000000000000000005C
:10A5000059830060598300606D840060ED830060B2
:10A510001006000000010000783900200C00000047
:10A52000010000001000000064A502600F0600009A
:10A53000C0000000843900200C0000000100000071
:10A540001000000064A502600E06000080000000FC
:10A55000903900200C0000000100000010000000F5
:10A5600064A502600200000000000000000000007E
:10A5700000000000000000004D8300604D8300607B
:10A5800085840060018400600D050000000100006A
:10A590009C390020100000000000000010000000A6
:10A5A000D8A602600C050000C0000000A8390020F9
:10A5B000100000000000000010000000D8A602609B
:10A5C0000B05000080000000B439002010000000DE
:10A5D0000000000010000000D8A602600A0300007E
:10A5E00000010000C0390020100000000000000041
:10A5F00010000000D8A6026009030000C00000009F
:10A60000D039002010000000000000001000000001
:10A61000D8A602600803000080000000E039002096
:10A62000100000000000000010000000D8A602602A
:10A630000702000000010000F039002010000000B7
:10A640000000000010000000D8A602600602000012
:10A65000C0000000FC3900201000000000000000D5
:10A6600010000000D8A60260050200008000000073
:10A67000083A002010000000000000001000000058
:10A68000D8A602600401000000010000143A002076
:10A69000100000000000000010000000D8A60260BA
:10A6A00003010000C0000000203A0020100000005C
:10A6B0000000000010000000D8A6026002010000A7
:10A6C000800000002C3A0020100000000000000074
:10A6D00010000000D8A60260020000003583006070
:10A6E000398300603D8300604183006049830060DE
:10A6F00045830060B584006029840060010204077E
:10A70000080B0D0E10131516191A1C1F20232526D1
:10A71000292A2C2F31323437383B3D3E40434546C1
:10A72000494A4C4F51525457585B5D5E61626467B1
:10A73000686B6D6E70737576797A7C7F80838586A1
:10A74000898A8C8F91929497989B9D9EA1A2A4A791
:10A75000A8ABADAEB0B3B5B6B9BABCBFC1C2C4C781
:10A76000C8CBCDCED0D3D5D6D9DADCDFE0E3E5E671
:10A77000E9EAECEFF1F2F4F7F8FBFDFE010101016B
:10A7800001010101FEFEFEFEFEFEFEFE1F1F1F1F59
:10A790000E0E0E0EE0E0E0E0F1F1F1F1011F011FFD
:10A7A000010E010E1F011F010E010E0101E001E06B
:10A7B00001F101F1E001E001F101F10101FE01FE11
:10A7C00001FE01FEFE01FE01FE01FE011FE01FE091
:10A7D0000EF10EF1E01FE01FF10EF10E1FFE1FFE45
:10A7E0000EFE0EFEFE1FFE1FFE0EFE0EE0FEE0FE43
:10A7F000F1FEF1FEFEE0FEE0FEF1FEF14010001081
:10A8000000100000000004004010041000000010C0
:10A810004010001040000000000000104000040044
:10A820000000041040100410001004000010041078
:10A830004010040000100000400000000000041060
:10A840004000001000100010401000000010040034
:10A8500040000400400004100010041040100000EC
:10A860000000000000000000400004104000001044
:10A87000001000104010040000000400401004000C
:10A880000000040000100410001000004000000050
:10A8900040000410001000004010040000100010E0
:10A8A00040000000400000100000041040000410B0
:10A8B0000000001000000400401000100000000024
:10A8C000401004104000040040000010000004107C
:10A8D0000010001040100010000000004010041094
:10A8E00000100400001004004010000040100000A0
:10A8F00040000400000000100010041000002000C0
:10A90000020020040208000400000000000800000B
:10A9100002080004020820000008200402082004A5
:10A9200000002000000000000200000402000000FF
:10A9300000000004020020040208000000080004D7
:10A9400002082000020020000008000402000004A9
:10A950000000200400082004020020000000200461
:10A96000000800000208000002082004000820007F
:10A9700002000000000000040008200000000004A5
:10A980000008200000002000020800040208000463
:10A990000200200402002004020000000200200047
:10A9A000000000040008000400002000000820044B
:10A9B000020800000208200000082004020800002D
:10A9C0000200000402082004000020040008200007
:10A9D0000000000002000000020820040000000047
:10A9E000020820000000200400080000020000040B
:10A9F00000080004000800000200200010000020F1
:10AA00000000402000400000104040200000402096
:10AA100010000000104040200000400000400020D6
:10AA200010404000000040001000002010004000D6
:10AA30000040002000000020104000000000000046
:10AA40001000400010400020004000000040400086
:10AA50001040002010000000100040201000402096
:10AA60000000000010404000004040201040000066
:10AA70000040400000404020000000200040002036
:10AA80001000000010004020004040001040402016
:10AA900000004000104000001000002000004000B6
:10AAA00000400020000000201040000010000020A6
:10AAB0001040402000404000000040201040400076
:10AAC0000040402000000000100040201000000066
:10AAD0000040000000004020104040000040000006
:10AAE0001000400010400020000000000040402006
:10AAF00000000020100040001040002001208000D5
:10AB00008120000081200000800000008020800063
:10AB10008100800001008000012000000000000092
:10AB20000020800000208000812080008100000043
:10AB30000000000080008000010080000100000093
:10AB40000020000000008000012080008000000044
:10AB500000008000012000008020000081008000B3
:10AB60000100000080200000800080000020000024
:10AB70008020800081208000810000008000800013
:10AB80000100800000208000812080008100000002
:10AB90000000000000000000002080008020000075
:10ABA0008000800081008000010000000120800002
:10ABB00081200000812000008000000081208000B2
:10ABC0008100000001000000002000000100800062
:10ABD0000120000080208000810080000120000012
:10ABE0008020000000008000012080008000000024
:10ABF0000000800000200000802080002080108065
:10AC00000080008000800000208010000000100004
:10AC100020000000200010802080008020000080A4
:10AC20002080108000801080000000800080008064
:10AC300000001000200000002000108000801000A4
:10AC40002000100020800080000000000000008034
:10AC50000080000020801000000010802000100004
:10AC60002000008000000000008010002080000014
:10AC70000080108000001080208000000000000094
:10AC80002080100020001080000010002080008034
:10AC90000000108000801080008000000000108004
:10ACA00000800080200000002080108020801000A4
:10ACB00020000000008000000000008020800000D4
:10ACC0000080108000001000200000802000100094
:10ACD00020800080200000802000100000801000F4
:10ACE0000000000000800080208000000000008044
:10ACF00020001080208010800080100000010000E3
:10AD000000010802000008020001004200000800E3
:10AD1000000100000000004000000802000108409F
:10AD2000000008000001000200010840000100428C
:10AD3000000008420001080000000040000000027E
:10AD40000000084000000840000000000001004032
:10AD50000001084200010842000100020000084210
:10AD60000001004000000000000000420001080255
:10AD7000000000020000004200010800000008007E
:10AD8000000100420001000000000002000000403D
:10AD9000000008020001004200010840000100021A
:10ADA00000000040000008420001080200010840C5
:10ADB00000010000000000020000084200010842FB
:10ADC00000010800000000420001084200000802E3
:10ADD00000000000000008400000004200010800E0
:10ADE0000001000200010040000008000000000017
:10ADF00000000840000108020001004008020000B5
:10AE0000000202080000000008000208000200081A
:10AE10000000000008020200000200080800020012
:10AE200008000008080000080000020008020208EC
:10AE300008000200000002080802000000000008EC
:10AE400008000000000202080002000000020200E8
:10AE500000000208080002080802020008020008B8
:10AE600000020200000002000802000808000000C2
:10AE700008020208000200000000000800020208A8
:10AE800000000008080002000802000000000200A4
:10AE9000000202080002000800000000000200009A
:10AEA000080002000802020800020008080000086A
:10AEB000000200000000000008000208080200086C
:10AEC000000002000000000808020208080000005C
:10AED0000802020000020200080000080000020848
:10AEE0000802000808020000000002080802020030
:10AEF000080000000800020800020200000401012E
:10AF00000000000000000100040401010400010130
:10AF1000040401000400000000000100000400001F
:10AF20000004010104040101000400000404000104
:10AF300004000101000000010400000004040000FE
:10AF400000040001000400010004010000040100ED
:10AF500000000101000001010404000104000100DF
:10AF600004000001040000010400010000000000D2
:10AF700004040000040401000000000100000100BE
:10AF800004040101040000000000010100040101AB
:10AF900000000001000000010004000004000101A5
:10AFA0000000010000040100040000010004000092
:10AFB0000400000004040001040401000404010171
:10AFC000040001000000010104040001040000016C
:10AFD0000404000004040100000401010404000052
:10AFE0000004000100040001000000000400010052
:10AFF0000004010000000000040001010000000046
:10B00000010000000001000001010000000001003B
:10B010000100010000010100010101000000000128
:10B020000100000100010001010100010000010117
:10B030000100010100010101010101010000000006
:10B0400000000001000001000000010100010000FB
:10B0500000010001000101000001010101000000E8
:10B0600001000001010001000100010101010000D7
:10B0700001010001010101000101010101234567F6
:10B0800089ABCDEF23456789ABCDEF01456789AB30
:10B09000CDEF0123CDD64F2F9427C15D6996C8FA15
:10B0A00047A2ABEB8325397644091A0A6A2A19F4B8
:10B0B0001ECA854B03E69F5BFA58EB42DD17E8B8E2
:10B0C000B437D23254F15AF6EBE3A4B435761156C4
:10B0D0005FA18E4DCB191F85D1ED8439129F40B9E8
:10B0E000D20056B3470EFC9A6B8EE393C5CECF6366
:10B0F000ECEC514C2D2D2D2D2D424547494E204431
:10B100004820504152414D45544552532D2D2D2D2F
:10B110002D0D0A4D494748416F4742414A34313964
:10B120004442454F676D51547A6F3571586C35669E
:10B1300051634E39544E343535776B4F4C3730357B
:10B1400032487A787852564D7968596D77516367ED
:10B150004A76680D0A317361313866796652394F23
:10B160006956454D59676C4F706B71566F474C4E21
:10B170003771643561514E4E693557372F432B5621
:10B1800042644854424A63475A4A797950354233B7
:10B1900071637A33320D0A396D4C4A4B75646C56C3
:10B1A0007564563051786B3571554A61505A2F7815
:10B1B00075707A304E796F567076697569424F496D
:10B1C00031674E69386F765358577A416745430D5A
:10B1D0000A2D2D2D2D2D454E4420444820504152FE
:10B1E000414D45544552532D2D2D2D2D0D0A000056
:10B1F0000400180080010000D43A0020030017006A
:10B2000000010000903C002002001500E00000005A
:10B210009C3C002001001300C0000000A83C00205E
:10B22000000000000000000000000000FFFFFFFF22
:10B23000FFFFFFFFFEFFFFFFFFFFFFFFFFFFFFFF1F
:10B24000FFFFFFFFB1B946C1ECDEB8FE4930247202
:10B25000ABE9A70FE7809CE5190521643128D2B43A
:10B26000B1C96B1436F8DE99FFFFFFFFFFFFFFFF48
:10B27000FFFFFFFF1210FF82FD0AFFF40088A143C9
:10B28000EB20BF7CF69030B00EA88D181148791EC7
:10B29000A177F973D5CD246BED11106378DAC8FF6F
:10B2A000952B1907010000000000000000000000BD
:10B2B000FFFFFFFFFFFFFFFFFFFFFFFFFFFFFFFF9E
:10B2C00000000000B4FF552343390B27BAD8BFD77D
:10B2D000B7B04450563241F5ABB3040C850A05B4FF
:10B2E0003D2A5C5C4529DD133EF0B8E0A216FFFF65
:10B2F000FFFFFFFFFFFFFFFFFFFFFFFF211D5C11AF
:10B30000D68032342211C256D3C1034AB9901332C7
:10B310007FBFB46BBD0C0EB7347E00859981D544D8
:10B320006447075AA07543CDE6DF224CFB23F7B5EF
:10B33000886337BDFFFFFFFFFFFFFFFFFFFFFFFF3A
:10B3400000000000000000000000000001000000FC
:10B35000FFFFFFFF4B60D2273E3CCE3BF6B053CC05
:10B36000B0061D65BC86987655BDEBB3E7933AAA47
:10B37000D835C65A512563FCC2CAB9F3849E17A7B3
:10B38000ADFAE6BCFFFFFFFFFFFFFFFF000000007C
:10B39000FFFFFFFF96C298D84539A1F4A033EB2DEB
:10B3A000817D0377F240A463E5E6BCF847422CE1D7
:10B3B000F2D1176BF551BF376840B6CBCE5E316B1B
:10B3C0005733CE2B169E0F7C4AEBE78E9B7F1AFEDF
:10B3D000E242E34FFFFFFFFF00000000000000001B
:10B3E000FFFFFFFFFEFFFFFFFFFFFFFFFFFFFFFF6E
:10B3F000FFFFFFFFFFFFFFFFFFFFFFFFFFFFFFFF5D
:10B40000FFFFFFFFEF2AECD3EDC8852A9DD12E8ADE
:10B410008D3956C65A8713508F081403124181FE86
:10B420006E9C1D18192DF8E36B058E98E4E73EE23B
:10B43000A72F31B37329C5CC6A19ECEC7AA7B048B1
:10B44000B20D1A58DF2D37F4814D63C7FFFFFFFFA0
:10B45000FFFFFFFFFFFFFFFFFFFFFFFFFFFFFFFFFC
:10B46000FFFFFFFFB70A7672385E543A6C2955BF6A
:10B470005DF20255382A5482E041F759989BA78B18
:10B48000623B1D6E74AD20F31EC7B18E37058BBEB7
:10B4900022CA87AA5F0EEA907C1D437A9D817E1D99
:10B4A000CEB1600AC0B8F0B51331DAE97C149A283D
:10B4B000BD1DF4F829DC9292BF989E5D6F2C2696F4
:10B4C0004ADE173600000000000000000000000007
:10B4D000201C0000000000004038000000000000B8
:10B4E00060240000000000008070000000000000E8
:10B4F000A06C000000000000C04800000000000038
:10B50000E05400000000000000E100000000000026
:10B5100020FD00000000000040D9000000000000F5
:10B5200060C50000000000008091000000000000E5
:10B53000A08D000000000000C0A900000000000075
:10B54000E0B5000000000000000000000000000066
:10B5500000000000000000000000000000000000EB
:10B5600000000000000000000000000000000000DB
:10B5700000000000000000000000000000000000CB
:10B5800000000000000000000388DACE60B6A3923D
:10B59000F328C2B971B2FE7800000000000000007C
:10B5A000000000000000000000000000000000009B
:10B5B000000000000000000000000000000000008B
:10B5C000000000000000000042831EC221777424A6
:10B5D0004B7221B784D0D49CE3AA212F2C02A4E083
:10B5E00035C17E2329ACA12E21D514B25466931CFB
:10B5F0007D8F6A5AAC84AA051BA30B396A0AAC97E3
:10B600003D58E091473F598542831EC221777424FB
:10B610004B7221B784D0D49CE3AA212F2C02A4E042
:10B6200035C17E2329ACA12E21D514B25466931CBA
:10B630007D8F6A5AAC84AA051BA30B396A0AAC97A2
:10B640003D58E0910000000061353B4C2806934ACC
:10B65000777FF51FA22A4755699B2A714FCDC6F8FF
:10B660003766E5F97B6C742373806900E49F24B22C
:10B670002B097544D4896B424989B5E1EBAC0F07BE
:10B68000C23F4598000000008CE24998625615B60A
:10B6900003A033ACA13FB894BE9112A5C3A211A8D8
:10B6A000BA262A3CCA7E2CA701E4A9A4FBA43C909C
:10B6B000CCDCB281D48C7C6FD62875D2ACA41703B5
:10B6C0004C34AEE500000000000000000000000067
:10B6D000000000000000000000000000000000006A
:10B6E000000000000000000000000000000000005A
:10B6F000000000000000000000000000000000004A
:10B70000000000000000000098E7247C07F0FE41E4
:10B710001C267E4384B0F6000000000000000000FC
:10B720000000000000000000000000000000000019
:10B730000000000000000000000000000000000009
:10B7400000000000000000003980CA0B3C00E84106
:10B75000EB06FAC4872A2757859E1CEAA6EFD984F0
:10B76000628593B40CA1E19C7D773D00C144C52561
:10B77000AC619D18C84A3F4718E2448B2FE324D997
:10B78000CCDA2710ACADE2563980CA0B3C00E84158
:10B79000EB06FAC4872A2757859E1CEAA6EFD984B0
:10B7A000628593B40CA1E19C7D773D00C144C52521
:10B7B000AC619D18C84A3F4718E2448B2FE324D957
:10B7C000CCDA2710000000000F10F599AE14A15438
:10B7D000ED24B36E25324DB8C566632EF2BBB34F70
:10B7E0008347280FC4507057FDDC29DF9A471F7527
:10B7F000C66541D4D4DAD1C9E93A19A58E8B473F41
:10B80000A0F062F700000000D27E88681CE3243CB0
:10B810004830165A8FDCF9FF1DE9A1D8E6B447EF8E
:10B820006EF7B79828666E4581E79012AF34DDD980
:10B83000E2F037589B292DB3E67C036745FA22E7EF
:10B84000E9B7373B000000000000000000000000E6
:10B8500000000000000000000000000000000000E8
:10B8600000000000000000000000000000000000D8
:10B8700000000000000000000000000000000000C8
:10B880000000000000000000CEA7403D4D606B6E40
:10B89000074EC5D3BAF39D18000000000000000059
:10B8A0000000000000000000000000000000000098
:10B8B0000000000000000000000000000000000088
:10B8C0000000000000000000522DC1F099567D07D5
:10B8D000F47F37A32A84427D643A8CDCBFE5C0C97B
:10B8E0007598A2BD2555D1AA8CB08E48590DBB3D87
:10B8F000A7B08B1056828838C5F61E6393BA7A0AB1
:10B90000BCC9F662898015AD522DC1F099567D07EC
:10B91000F47F37A32A84427D643A8CDCBFE5C0C93A
:10B920007598A2BD2555D1AA8CB08E48590DBB3D46
:10B93000A7B08B1056828838C5F61E6393BA7A0A70
:10B94000BCC9F66200000000C3762DF1CA787D32D2
:10B95000AE47C13BF19844CBAF1AE14D0B976AFA61
:10B96000C52FF7D79BBA9DE0FEB582D33934A4F03A
:10B97000954CC2363BC73F7862AC430E64ABE4994A
:10B98000F47C9B1F000000005A8DEF2F0C9E53F19A
:10B99000F75D7853659E2A20EEB2B22AAFDE6419B5
:10B9A000A058AB4F6F746BF40FC0C3B780F244451F
:10B9B0002DA3EBF1C5D82CDEA2418997200EF82EDD
:10B9C00044AE7E3F0000000058E2FCCEFA7E3061BB
:10B9D000367F1D57A4E7455AAB6E47D42CEC13BDF8
:10B9E000F53A67B21257BDDF4D5C2AF327CD64A646
:10B9F0002CF35ABD2BA6FAB45BC94FBC3221A5DB90
:10BA000094FAE95AE7121A473612D2E79E3B0785A5
:10BA1000561BE14AACA2FCCB619CC5AEFFFE0BFA03
:10BA2000462AF43C1699D050CD33B28AC773F74BEF
:10BA3000A00ED1F3125724352FF58D80033927AB93
:10BA40008EF4D4587514F0FB9924A7C8587336BFE8
:10BA5000B118024DB8674A142519498E80F1478FF5
:10BA600037BA55BD6D27618C65DCC57FCF623A243E
:10BA7000094FCCA40D3533F8DCF566FF291C25BB36
:10BA8000B8568FC3D376A6D9530F8AFBC74536B9AC
:10BA9000A963B4F1C4CB738BD0D1C8A799996BF0CB
:10BAA000265B98B5D48AB919B094DAC5D93471BD7A
:10BAB000EC1A502270E3CC6C76FC6ECE0F4E1768F9
:10BAC000CDDF8853BB2D551B3A337DBF46A792C4AB
:10BAD0005E454913FE2EA8F2A44A8266EE1C8EB083
:10BAE000C8B5D4CF5AE9F19A000000001000000058
:10BAF000400000003C0000003C0000003C00000052
:10BB00000000000000000000010000000100000033
:10BB100001000000020000000C0000000C0000000A
:10BB20000C0000000C000000080000003C000000B9
:10BB30000000000000000000000000000100000004
:10BB400001000000010000000000000000000000F3
:10BB500000000000140000001400000014000000A9
:10BB600000000000000000000000000000000000D5
:10BB700000000000000000000000000000000000C5
:10BB8000FEFFE9928665731C6D6A8F9467308308A7
:10BB9000FEFFE9928665731C6D6A8F946730830897
:10BBA0000000000000000000000000000000000095
:10BBB0000000000000000000000000000000000085
:10BBC0000000000000000000000000000000000075
:10BBD0000000000000000000000000000000000065
:10BBE0000000000000000000000000000000000055
:10BBF0000000000000000000000000000000000045
:10BC00000000000000000000000000000000000034
:10BC10000000000000000000000000000000000024
:10BC20000000000000000000010000000100000012
:10BC30000100000001000000000000000000000002
:10BC400000000000000000000000000000000000F4
:10BC500000000000000000000000000000000000E4
:10BC600000000000000000000000000000000000D4
:10BC70000000000000000000CAFEBABEFACEDBAD34
:10BC8000DECAF8880000000000000000000000008C
:10BC900000000000000000000000000000000000A4
:10BCA0000000000000000000000000000000000094
:10BCB00000000000000000009313225DF88406E5F8
:10BCC00055909C5AFF5269AA6A7A9538534F7DA1C4
:10BCD000E4C303D2A318A728C3C0C951568095391D
:10BCE000FCF0E2429A6B525416AEDBF5A0DE6A57C6
:10BCF000A637B39B00000000000000000000000019
:10BD00000000000000000000000000000000000033
:10BD10000000000000000000000000000000000023
:10BD20000000000000000000000000000000000013
:10BD30000000000000000000000000000000000003
:10BD400000000000000000000000000000000000F3
:10BD500000000000000000000000000000000000E3
:10BD600000000000000000000000000000000000D3
:10BD700000000000000000000000000000000000C3
:10BD800000000000000000000000000000000000B3
:10BD900000000000000000000000000000000000A3
:10BDA0000000000000000000000000000000000093
:10BDB0000000000000000000000000000000000083
:10BDC0000000000000000000000000000000000073
:10BDD0000000000000000000000000000000000063
:10BDE0000000000000000000000000000000000053
:10BDF0000000000000000000FEEDFACEDEADBEEF58
:10BE0000FEEDFACEDEADBEEFABADDAD20000000043
:10BE10000000000000000000000000000000000022
:10BE20000000000000000000000000000000000012
:10BE30000000000000000000000000000000000002
:10BE400000000000000000000000000000000000F2
:10BE500000000000000000000000000000000000E2
:10BE600000000000000000000000000000000000D2
:10BE700000000000000000000000000000000000C2
:10BE800000000000000000000000000000000000B2
:10BE900000000000000000000000000000000000A2
:10BEA0000000000000000000000000000000000092
:10BEB0000000000000000000000000000000000082
:10BEC0000000000000000000000000000000000072
:10BED0000000000000000000000000000000000062
:10BEE0000000000000000000000000000000000052
:10BEF0000000000000000000000000000000000042
:10BF00000000000000000000000000000000000031
:10BF10000000000000000000000000000000000021
:10BF20000000000000000000000000000000000011
:10BF30000000000000000000000000000000000001
:10BF400000000000000000000000000000000000F1
:10BF500000000000000000000000000000000000E1
:10BF600000000000000000000000000000000000D1
:10BF70000000000000000000D9313225F88406E5F9
:10BF8000A55909C5AFF5269A86A7A9531534F7DA3E
:10BF90002E4C303D8A318A721C3C0C9595680953B1
:10BFA0002FCF0E2449A6B525B16AEDF5AA0DE657A7
:10BFB000BA637B391AAFD2550000000000000000C0
:10BFC0000000000000000000000000000000000071
:10BFD0000000000000000000000000000000000061
:10BFE0000000000000000000000000000000000051
:10BFF0000000000000000000000000000000000041
:10C000000000000000000000000000000000000030
:10C010000000000000000000000000000000000020
:10C020000000000000000000000000000000000010
:10C030000000000000000000000000000000000000
:10C0400000000000000000000000000000000000F0
:10C0500000000000000000000000000000000000E0
:10C0600000000000000000000000000000000000D0
:10C0700000000000000000000000000000000000C0
:10C0800000000000000000000000000000000000B0
:10C0900000000000000000000000000000000000A0
:10C0A0000000000000000000000000000000000090
:10C0B0000000000000000000A0C9AB58F1E2E5A4B8
:10C0C000DE3EBD4FF73E9C5B64EFD8CA028CF81190
:10C0D00048A584FE69AB5AEE42AA4D42176099D436
:10C0E0005E1397DC404D86A37BF55954756951E486
:10C0F00079349BBF7CDDA5799557866621C913836A
:10C100001146733ABF8C35C8C7215B5B96C48E9BC2
:10C11000338C74E3E99DFEDFC6A16AB8D420706F4A
:10C120000F34AB7FEC5ADCA9D8CA3A133E159CA653
:10C13000AC43C6F8A2BE22834A4C0A0AFFB10D7175
:10C1400094F1C1A5CF7322EC1AE0964ED4BF12270A
:10C1500046E087FDB5B3E91B3493D5BB98FAED49AA
:10C16000E85F130FC8A459B79A00A2D00ED59BFE62
:10C1700031ECB1399B608148D1969D250D3C1E94D0
:10C18000101098129325CAB8FCCC2D54731970C0A6
:10C19000107AA4892519955E4BC6001D7F4E6A2B27
:10C1A000F8A301AB46055C09A67188F1A740EEF340
:10C1B000E15C029B44AF034408000000070000005C
:10C1C000060000000500000004000000030000005D
:10C1D000000000000000000001000000030000005B
:10C1E0000E0000001A0000003E0000005000000099
:10C1F000000000000000000000000000000000003F
:10C20000000000000000000000000000000000002E
:10C21000000000000000000000000000000000001E
:10C22000000000000000000000000000000000000E
:10C2300000000000000000000000000000000000FE
:10C24000006100000000000000000000000000008D
:10C2500000000000000000000000000000000000DE
:10C2600000000000000000000000000000000000CE
:10C2700000000000000000000000000000000000BE
:10C2800000000000000000000000000000000000AE
:10C290000000616263000000000000000000000078
:10C2A000000000000000000000000000000000008E
:10C2B000000000000000000000000000000000007E
:10C2C000000000000000000000000000000000006E
:10C2D000000000000000000000000000000000005E
:10C2E0000000006D6573736167652064696765733D
:10C2F00074000000000000000000000000000000CA
:10C30000000000000000000000000000000000002D
:10C31000000000000000000000000000000000001D
:10C32000000000000000000000000000000000000D
:10C33000000000006162636465666768696A6B6C2F
:10C340006D6E6F707172737475767778797A00009C
:10C3500000000000000000000000000000000000DD
:10C3600000000000000000000000000000000000CD
:10C3700000000000000000000000000000000000BD
:10C3800000000000004142434445464748494A4BAB
:10C390004C4D4E4F505152535455565758595A615F
:10C3A00062636465666768696A6B6C6D6E6F7071F5
:10C3B00072737475767778797A30313233343536F2
:10C3C00037383900000000000000000000000000C5
:10C3D0000000000000003132333435363738393050
:10C3E000313233343536373839303132333435360B
:10C3F00037383930313233343536373839303132F5
:10C4000033343536373839303132333435363738DE
:10C4100039303132333435363738393031323334DC
:10C420003536373839300000D41D8CD98F00B2042E
:10C43000E9800998ECF8427E0CC175B9C0F1B6A844
:10C4400031C399E269772661900150983CD24FB090
:10C45000D6963F7D28E17F72F96B697D7CB7938D1D
:10C46000525A2F31AAF161D0C3FCD3D76192E400B4
:10C470007DFB496CCA67E13BD174AB98D277D9F5A3
:10C48000A5611C2C9F419D9F57EDF4A22BE3C9553C
:10C49000AC49DA2E2107B67A08000000DC3E002005
:10C4A000400000008000000049F3006031F30060AC
:10C4B00035F3006051F30060F1F3006095F3006024
:10C4C00041F3006045F30060070000008052002047
:10C4D000300000008000000029F3006031F30060AC
:10C4E00035F3006039F30060F1F3006095F300600C
:10C4F00041F3006045F30060060000005452002044
:10C50000200000004000000019F3006001F300600B
:10C5100005F3006021F30060D9F3006081F300604F
:10C5200011F3006015F3006005000000643E002078
:10C530001C00000040000000F9F2006001F3006000
:10C5400005F3006009F30060D9F3006081F3006037
:10C5500011F3006015F3006004000000403E00206D
:10C560001400000040000000E5F20060E9F2006005
:10C57000EDF2006079540160C1F300606DF300607A
:10C58000F1F20060F5F2006003000000283D002099
:10C590001000000040000000D1F20060D5F2006001
:10C5A000D9F20060D1F10060A9F3006059F3006096
:10C5B000DDF20060E1F200604C3D0020030000006D
:10C5C000B0430020C843002000010000DC430020ED
:10C5D00003000000E0430020F043002004000000BE
:10C5E000FC4300200300000000440020144400200D
:10C5F0000008000028440020030000002C44002014
:10C60000444400202000000058440020090000009D
:10C61000644400207C440020000001000000000071
:10C62000000000000000000000000000000000000A
:10C63000503D00200300000098440020AC4400203E
:10C64000B8440020BC44002003000000C044002087
:10C65000D4440020DC440020E0440020030000001B
:10C66000E4440020F444002000450020044500205C
:10C670000300000008450020144500201C45002050
:10C680002045002003000000244500203C450020F8
:10C690004C45002050450020030000005445002078
:10C6A00074450020804500208445002009000000DA
:10C6B00090450020A045002090450020B045002076
:10C6C00003000000B4450020C8450020D8450020E4
:10C6D000E845002003000000EC4500200046002053
:10C6E00010460020204600200300000024460020C1
:10C6F0003846002044460020504600200300000039
:10C7000054460020644600206C46002070460020FD
:10C71000030000007446002084460020904600205C
:10C72000944600200300000098460020A846002000
:10C73000B4460020C046002003000000C44600208C
:10C74000E0460020F84600200C47002003000000CF
:10C75000104700201C470020244700202C470020C1
:10C7600003000000304700204447002064470020B9
:10C770007047002003000000744700208447002019
:10C78000904700209C4700200A000000A847002096
:10C79000BC470020D0470020D44700200300000001
:10C7A000D8470020F0470020044800200000000087
:10C7B0000000000000000000000000000000000079
:10C7C000543D002009000000C43F0020D43F002059
:10C7D00001000000D83F002007000000E03F0020DB
:10C7E000F03F002002000000004000200500000093
:10C7F000084000201040002003000000000000005E
:10C800000000000000000000000000000000000028
:10C81000603D002008000000A83C0020A83C00204B
:10C8200001000000C41C0020050000009C3C00200A
:10C830009C3C002002000000B83F002008000000DF
:10C84000903C0020903C002003000000CC1C002005
:10C8500005000000D43A0020D43A00200400000073
:10C8600000000000000000000000000000000000C8
:10C87000000000006C3D0020090000002040002066
:10C88000384000200301000048400020090000005B
:10C89000544000206C400020040100007C40002037
:10C8A0000900000088400020A04000200501000091
:10C8B000B440002009000000C0400020D840002003
:10C8C00006010000EC40002009000000F8400020B4
:10C8D0001041002007010000244100200900000051
:10C8E0003041002048410020080100005C41002048
:10C8F00005000000544000206C40002004010000AE
:10C9000064410020070000006C4100207C410020B1
:10C91000040400008C410020080000009841002021
:10C92000AC41002005040000C041002008000000C8
:10C93000CC410020E041002006040000F44100202A
:10C9400008000000004200201442002007040000FC
:10C950002842002008000000344200204842002005
:10C96000080400005C42002009000000684200202A
:10C9700068420020000600000000000000000000E7
:10C98000000000000000000000000000783D0020D2
:10C9900008000000F43E0020283D002003000000B5
:10C9A000FC3E002005000000043F00200C3F00205A
:10C9B00004000000143F002009000000203F002078
:10C9C0002C3F002005000000343F0020090000003B
:10C9D000403F00204C3F002006000000543F002054
:10C9E00009000000603F00206C3F002007000000AD
:10C9F000743F002009000000803F00208C3F002091
:10CA0000080000000000000000000000000000001E
:10CA10000000000000000000843D0020080000002D
:10CA20003C3E0020483E002004000000543E002010
:10CA300008000000603E00206C3E00200500000061
:10CA40007C3E002008000000883E0020943E00202C
:10CA500006000000A43E002008000000B03E0020B8
:10CA6000BC3E002007000000CC3E00200800000073
:10CA7000D83E0020E43E0020080000000000000036
:10CA800000000000000000000000000000000000A6
:10CA9000903D0020080000007442002088420020E1
:10CAA000A842002008000000B4420020C842002034
:10CAB000E842002008000000F44200200843002063
:10CAC0001843002008000000244300203C430020BD
:10CAD00050430020080000005C4300207043002009
:10CAE00080430020080000008C430020A043002069
:10CAF0000000000000000000000000000000000036
:10CB00009C3D002005000000943F0020143E0020C2
:10CB1000210000009C3F002008000000A83F0020EA
:10CB2000AC370020250000000000000000000000DD
:10CB3000000000000000000000000000A43D0020F4
:10CB40000A000000B03D0020D03D00200425000078
:10CB5000F03D00200A000000FC3D00201C3E0020AB
:10CB6000042300000000000000000000000000009E
:10CB7000000000000000000005000000D848002070
:10CB8000A10601609506016000000000AD0601608D
:10CB9000F106016000000000D5070160CD070160CB
:10CBA0006D0701600000000004000000E048002064
:10CBB00099050160890601609D050160BD05016060
:10CBC000000000000000000065060160B50701607C
:10CBD000590701606906016003000000E848002071
:10CBE000990501607D060160000000000000000062
:10CBF0000000000000000000650601609D07016064
:10CC0000450701606906016002000000F04800204D
:10CC1000990501608D050160C10501601106016083
:10CC20000000000000000000650601609D07016033
:10CC3000450701606906016001000000D43F002043
:10CC40003904016029040160450401609504016014
:10CC5000D10401601905016061050160810701606F
:10CC600031070160650501600C60C80F961F0E71E9
:10CC7000F3A9B524AF6012062FE037A6000000002C
:10CC80000000000000000000EA6C014DC72D6F8C11
:10CC9000CD1ED92ACE1D41F0D8DE895700000000F4
:10CCA00000000000000000004B007901B765489AC1
:10CCB000BEAD49D926F721D065A429C100000000E6
:10CCC00000000000000000003D2EEC4FE41C849B9F
:10CCD00080C8D83662C0E44A8B291A964CF2F070AC
:10CCE000380000000000000056FA6AA75548099D68
:10CCF000CC37D7F03425E0C300000000000000006E
:10CD00000000000000000000000000000000000023
:10CD10000000000000000000000000000000000013
:10CD200000000000000000000800000008000000F3
:10CD300008000000180000000900000000000000CA
:10CD400004000000040000000400000024000000B3
:10CD500005000000000000000100000002000000CB
:10CD60000010000000100000001000000000000093
:10CD7000140000001400000014000000190000005E
:10CD8000100000000000000073616C7400000000DF
:10CD90000000000000000000000000000000000093
:10CDA0000000000000000000000000000000000083
:10CDB00073616C74000000000000000000000000BF
:10CDC0000000000000000000000000000000000063
:10CDD000000000000000000073616C74000000009F
:10CDE0000000000000000000000000000000000043
:10CDF0000000000000000000000000000000000033
:10CE000073616C7453414C5473616C7453414C5452
:10CE100073616C7453414C5473616C7453414C5442
:10CE200073616C74000000007361006C740000009A
:10CE300000000000000000000000000000000000F2
:10CE400000000000000000000000000000000000E2
:10CE500000000000000000000000000000000000D2
:10CE600000000000000000000000000000000000C2
:10CE7000000000000000000070617373776F72643F
:10CE800000000000000000000000000000000000A2
:10CE9000000000000000000070617373776F72641F
:10CEA0000000000000000000000000000000000082
:10CEB000000000000000000070617373776F7264FF
:10CEC0000000000000000000000000000000000062
:10CED000000000000000000070617373776F7264DF
:10CEE00050415353574F524470617373776F72645C
:10CEF00000000000000000007061737300776F7223
:10CF000064000000000000000000000000000000BD
:10CF10000000000000000000000000000000000011
:10CF20000000000000000000000000000000000001
:10CF30000000000000000000A9993E364706816A03
:10CF4000BA3E25717850C26C9CD0D89D84983E44DE
:10CF50001C3BD26EBAAE4AA1F95129E5E54670F103
:10CF600034AA973CD4C4DAA4F61EEB2BDBAD2731F0
:10CF70006534016F0300000038000000E803000082
:10CF8000616263000000000000000000000000007B
:10CF90000000000000000000000000000000000091
:10CFA0000000000000000000000000000000000081
:10CFB00000000000000000000061626364626364BE
:10CFC0006563646566646566676566676866676805
:10CFD000696768696A68696A6B696A6B6C6A6B6CB5
:10CFE0006D6B6C6D6E6C6D6E6F6D6E6F706E6F7065
:10CFF00071000000000000000000000000000000C0
:10D000000000000000000000000000000000000020
:10D010000000000000000000000000000000000010
:10D02000000000000000000000000000982F8A426D
:10D0300091443771CFFBC0B5A5DBB5E95BC256396A
:10D04000F111F159A4823F92D55E1CAB98AA07D882
:10D05000015B8312BE853124C37D0C55745DBE72A5
:10D06000FEB1DE80A706DC9B74F19BC1C1699BE425
:10D070008647BEEFC69DC10FCCA10C246F2CE92DB5
:10D08000AA84744ADCA9B05CDA88F97652513E98D9
:10D090006DC631A8C82703B0C77F59BFF30BE0C6E0
:10D0A0004791A7D55163CA0667292914850AB7276E
:10D0B00038211B2EFC6D2C4D130D385354730A650B
:10D0C000BB0A6A762EC9C281852C7292A1E8BFA2E2
:10D0D0004B661AA8708B4BC2A3516CC719E892D14A
:10D0E000240699D685350EF470A06A1016C1A419CD
:10D0F000086C371E4C774827B5BCB034B30C1C39CC
:10D100004AAAD84E4FCA9C5BF36F2E68EE828F748A
:10D110006F63A5781478C8840802C78CFAFFBE90A4
:10D12000EB6C50A4F7A3F9BEF27871C623097D22F7
:10D130003405D8228642A477BDA255B32AADBCE4FB
:10D14000BDA0B3F7E36C9DA70000000075388B16F7
:10D15000512776CC5DBA5DA1FD890150B0C6455C12
:10D16000B4F58B1952522525000000002079465550
:10D17000980C91D8BBB4C1EA97618A4BF03F4258F2
:10D180001948B2EE4EE7AD6700000000BA7816BF4E
:10D190008F01CFEA414140DE5DAE2223B00361A39F
:10D1A00096177A9CB410FF61F20015AD248D6A6168
:10D1B000D20638B8E5C026930C3E6039A33CE4594A
:10D1C00064FF2167F6ECEDD419DB06C1CDC76E5CB8
:10D1D0009914FB9281A1C7E284D73E67F1809A48F7
:10D1E000A497200E046D39CCC7112CD00300000089
:10D1F00038000000E80300006162630000000000E6
:10D20000000000000000000000000000000000001E
:10D21000000000000000000000000000000000000E
:10D2200000000000000000000000000000000000FE
:10D230000061626364626364656364656664656615
:10D240006765666768666768696768696A68696A62
:10D250006B696A6B6C6A6B6C6D6B6C6D6E6C6D6E12
:10D260006F6D6E6F706E6F707100000000000000D7
:10D2700000000000000000000000000000000000AE
:10D28000000000000000000000000000000000009E
:10D29000000000000000000000000000000000008E
:10D2A000000000000000000022AE28D7982F8A421C
:10D2B000CD65EF23914437712F3B4DECCFFBC0B5CB
:10D2C000BCDB8981A5DBB5E938B548F35BC25639CB
:10D2D00019D005B6F111F1599B4F19AFA4823F92B5
:10D2E00018816DDAD55E1CAB420203A398AA07D859
:10D2F000BE6F7045015B83128CB2E44EBE85312453
:10D30000E2B4FFD5C37D0C556F897BF2745DBE72AC
:10D31000B196163BFEB1DE803512C725A706DC9B11
:10D32000942669CF74F19BC1D24AF19EC1699BE4F6
:10D33000E3254F388647BEEFB5D58C8BC69DC10F10
:10D34000659CAC77CCA10C2475022B596F2CE92D70
:10D3500083E4A66EAA84744AD4FB41BDDCA9B05C08
:10D36000B5531183DA88F976ABDF66EE52513E98F9
:10D370001032B42D6DC631A83F21FB98C82703B0E9
:10D38000E40EEFBEC77F59BFC28FA83DF30BE0C6C6
:10D3900025A70A934791A7D56F8203E05163CA0678
:10D3A000706E0E0A67292914FC2FD246850AB7270A
:10D3B00026C9265C38211B2EED2AC45AFC6D2C4D43
:10D3C000DFB3959D130D3853DE63AF8B54730A653D
:10D3D000A8B2773CBB0A6A76E6AEED472EC9C28199
:10D3E0003B358214852C72926403F14CA1E8BFA2F4
:10D3F000013042BC4B661AA89197F8D0708B4BC293
:10D4000030BE5406A3516CC71852EFD619E892D11A
:10D4100010A96555240699D62A20715785350EF432
:10D42000B8D1BB3270A06A10C8D0D2B816C1A41946
:10D4300053AB4151086C371E99EB8EDF4C77482770
:10D44000A8489BE1B5BCB034635AC9C5B30C1C39BC
:10D45000CB8A41E34AAAD84E73E363774FCA9C5BF9
:10D46000A3B8B2D6F36F2E68FCB2EF5DEE828F7474
:10D47000602F17436F63A57872ABF0A11478C8844E
:10D48000EC39641A0802C78C281E6323FAFFBE9089
:10D49000E9BD82DEEB6C50A41579C6B2F7A3F9BEE4
:10D4A0002B5372E3F27871C69C6126EACE3E27CAFE
:10D4B00007C2C021C7B886D11EEBE0CDD67DDAEA1F
:10D4C00078D16EEE7F4F7DF5BA6F1772AA67F006BE
:10D4D000A698C8A2C57D630AAE0DF9BE04983F1197
:10D4E0001B471C13350B711B847D0423F577DB2848
:10D4F0009324C7407BABCA32BCBEC9150ABE9E3C52
:10D500004C0D109CC4671D43B6423ECBBED4C54CE7
:10D510002A7E65FC9C297F59ECFAD63AAB6FCB5F2B
:10D520001758474A8C19446CCB00753F45A35E8B56
:10D53000B5A03D699AC65007272C32AB0EDED163E9
:10D540001A8B605A43FF5BED8086072BA1E7CC2343
:10D5500058BAECA134C825A7000000000000000064
:10D56000000000000000000009330C33F71147E809
:10D570003D192FC782CD1B4753111B173B3B05D2CB
:10D580002FA08086E3B0F712FCC7C71A557E2DB9CD
:10D5900066C3E9FA917460390000000000000000E1
:10D5A00000000000000000009D0E1809716474CB9B
:10D5B000086E834E310A4A1CED149E9C00F24852BC
:10D5C0007972CEC5704C2A5B07B8B3DC38ECC4EB7B
:10D5D000AE97DDD87F3D8985000000000000000087
:10D5E0000000000000000000DDAF35A193617ABAB1
:10D5F000CC417349AE20413112E6FA4E89A97EA290
:10D600000A9EEEE64B55D39A2192992A274FC1A83C
:10D6100036BA3C23A3FEEBBD454D4423643CE80EE3
:10D620002A9AC94FA54CA49F8E959B75DAE313DA0D
:10D630008CF4F72814FC143F8F7779C6EB9F7FA1F9
:10D640007299AEADB6889018501D289E4900F7E437
:10D65000331B99DEC4B5433AC7D329EEB6DD265451
:10D660005E96E55B874BE909E718483D0CE769647E
:10D670004E2E42C7BC15B4638E1F98B13B20442880
:10D680005632A803AFA973EBDE0FF244877EA60AD9
:10D690004CB0432CE577C31BEB009C5C2C49AA2EB5
:10D6A0004EADB217AD8CC09B0300000070000000AF
:10D6B000E803000061626300000000000000000059
:10D6C000000000000000000000000000000000005A
:10D6D000000000000000000000000000000000004A
:10D6E000000000000000000000000000000000003A
:10D6F000000000000000000000000000000000002A
:10D700000000000000000000000000000000000019
:10D710000000000000000000000000000000000009
:10D7200000000000006162636465666768626364AC
:10D730006566676869636465666768696A64656683
:10D740006768696A6B65666768696A6B6C66676853
:10D75000696A6B6C6D6768696A6B6C6D6E68696A23
:10D760006B6C6D6E6F696A6B6C6D6E6F706A6B6CF3
:10D770006D6E6F70716B6C6D6E6F7071726C6D6EC3
:10D780006F707172736D6E6F70717273746E6F7093
:10D79000717273747500000000000000000000004A
:10D7A0000000000000000000000000000000000079
:10D7B0000000000000000000000000000000000069
:10D7C0000000000000000000000000000000000059
:10D7D0000000000000000000000000000000000049
:10D7E0000000000000000000000000000000000039
:10D7F0000000000000000000000000000000000029
:10D800000000000000000000A8CC0000A9CC00002F
:10D81000AACC00002CC0000030C000009F00000017
:10D82000ADC000009FC0000024C0000028C0000060
:10D830006B0000000AC0000014C0000039000000A6
:10D84000AFC00000A3C0000087C000008BC0000074
:10D850007DC0000073C0000077C00000C40000005D
:10D86000880000005DC0000061C0000053C00000DF
:10D8700049C000004DC0000045C000002BC00000A2
:10D880002FC000009E000000ACC000009EC0000041
:10D8900023C0000027C000006700000009C000008E
:10D8A00013C0000033000000AEC00000A2C00000A2
:10D8B00086C000008AC000007CC0000072C000006A
:10D8C00076C00000BE000000450000005CC0000003
:10D8D00060C0000052C0000048C000004CC0000002
:10D8E00044C0000008C0000012C000001600000084
:10D8F000ACCC0000ADCC0000AB000000A7C0000025
:10D9000038C00000B300000036C0000091000000E5
:10D9100091C000009BC0000097C00000ABC0000099
:10D920006DC0000071C0000067C00000AA000000C8
:10D93000A6C0000037C00000B200000035C00000E3
:10D940009000000090C0000096C000009AC0000047
:10D95000AAC000006CC0000070C0000066C00000DB
:10D9600034C000008F000000FFC000009D000000D8
:10D970009DC000003D0000003500000032C00000E6
:10D980002AC000000FC000002EC0000026C000000A
:10D9900005C00000A1C000007BC00000C000000066
:10D9A000840000008DC0000079C0000089C0000024
:10D9B00075C000005FC0000063C0000051C00000DF
:10D9C0004BC000004FC000003DC000009C000000A4
:10D9D0009CC000003C0000002F00000031C000008F
:10D9E00029C000000EC000002DC0000025C00000AE
:10D9F00004C00000A0C000007AC00000BA0000000F
:10DA0000410000008CC0000078C0000088C0000009
:10DA100074C000005EC0000062C0000050C0000082
:10DA20004AC000004EC000003CC000000A000000D8
:10DA30000DC0000003C00000AECC0000AD0000002F
:10DA4000B70000009500000093C0000099C00000DE
:10DA50006FC0000069C00000AC000000B60000000C
:10DA60009400000092C0000098C000006EC000004A
:10DA700068C0000093000000ABCC0000A9000000CB
:10DA8000A5C00000AF0000008D0000008FC00000A6
:10DA900095C00000A9C000006BC0000065C0000078
:10DAA000A8000000A4C00000AE0000008C00000030
:10DAB0008EC0000094C00000A8C000006AC0000032
:10DAC00064C000008B00000007C0000011C000000F
:10DAD00033C000008E0000000500000004000000BC
:10DAE0000CC0000002C00000920000008A0000008C
:10DAF000150000000900000006C0000010C0000072
:10DB00003BC000003AC0000039C00000B500000072
:10DB1000B40000002D0000003B00000002000000E7
:10DB2000010000000BC0000001C00000B9000000AF
:10DB3000B80000002E000000B1000000B00000009E
:10DB40002C0000000000000009C00000D84E00209A
:10DB500005040400030000000100000003000000B1
:10DB600003000000000000000AC00000084F002071
:10DB7000070404000300000001000000030000008F
:10DB8000030000000000000023C00000304F002010
:10DB9000050604000300000003000000030000006D
:10DBA00003000000000000002BC00000584F0020C0
:10DBB0000E06040003000000030000000300000044
:10DBC000030000000000000024C00000804F00207F
:10DBD000070704000300000003000000030000002A
:10DBE00003000000000000002CC00000A84F00202F
:10DBF0001007040003000000030000000300000001
:10DC00000300000000000000ADC00000D04F002065
:10DC10002D060400030000000300000003000000C4
:10DC20000300000000000000AFC00000F44F00201F
:10DC30002D060400030000000300000003000000A4
:10DC40000300000002000000ACC0000018500020DB
:10DC50002B06040003000000030000000300000086
:10DC60000300000000000000AEC000003C50002097
:10DC70002B06040003000000030000000300000066
:10DC8000030000000200000072C00000605000208D
:10DC9000140604000300000001000000030000005F
:10DCA000030000000000000073C00000905000203E
:10DCB000160704000300000001000000030000003C
:10DCC000030000000000000086C00000C0500020DB
:10DCD0001D06040003000000030000000300000014
:10DCE000030000000000000087C00000F05000208A
:10DCF0001F070400030000000300000003000000F1
:10DD0000030000000000000008C0000020510020B7
:10DD100025040400030000000100000003000000CF
:10DD2000030000000000000013C000004851002064
:10DD300005040300030000000100000003000000D0
:10DD4000030000000000000014C000006C5100201F
:10DD500007040300030000000100000003000000AE
:10DD6000030000000000000027C0000090510020C8
:10DD7000050603000300000003000000030000008C
:10DD800003000000000000002FC00000B851002078
:10DD90000E06030003000000030000000300000063
:10DDA000030000000000000028C00000E051002037
:10DDB0000707030003000000030000000300000049
:10DDC000030000000000000030C0000008520020E6
:10DDD0001007030003000000030000000300000020
:10DDE000030000000000000076C000003052002058
:10DDF00014060300030000000100000003000000FF
:10DE0000030000000000000077C000005C5200200A
:10DE100016070300030000000100000003000000DB
:10DE200003000000000000008AC0000088520020AB
:10DE30001D060300030000000300000003000000B3
:10DE400003000000000000008BC00000B45200205E
:10DE50001F07030003000000030000000300000090
:10DE6000030000000000000012C00000E05200208B
:10DE7000250403000300000001000000030000006F
:10DE800003000000000000009F0000000453002079
:10DE90001007020003000000030000000300000060
:10DEA00003000000000000009E0000002853002036
:10DEB0000E06020003000000030000000300000043
:10DEC0000300000000000000670000004C53002029
:10DED000050602000300000003000000030000002C
:10DEE00003000000000000006B00000070530020E1
:10DEF000070602000300000003000000030000000A
:10DF000003000000000000003300000094530020D4
:10DF100005040200030000000000000003000000F0
:10DF2000030000000000000039000000B85300208A
:10DF300007040200030000000000000003000000CE
:10DF400003000000000000009FC00000DC53002020
:10DF50002D06020003000000030000000300000083
:10DF60000300000000000000A3C00000FC530020DC
:10DF70002D06020003000000030000000300000063
:10DF800003000000020000009EC000001C5400209E
:10DF90002B06020003000000030000000300000045
:10DFA0000300000000000000A2C000003C5400205C
:10DFB0002B06020003000000030000000300000025
:10DFC0000300000002000000BE0000005C540020BE
:10DFD000140602000300000003000000030000001C
:10DFE0000300000000000000C4000000885400206E
:10DFF00016060200030000000300000003000000FA
:10E00000030000000000000045000000B4540020A0
:10E0100014040200030000000000000003000000E0
:10E02000030000000000000088000000DC54002015
:10E0300016040200030000000000000003000000BE
:10E0400003000000000000007CC000000455002018
:10E050001D06020003000000030000000300000092
:10E0600003000000000000007DC0000030550020CB
:10E070001F0702000300000003000000030000006F
:10E080000300000000000000160000005C550020A6
:10E09000250402000300000000000000030000004F
:10E0A00003000000000000009D00000080550020DB
:10E0B000100701000300000003000000030000003F
:10E0C00003000000000000009C000000A05500209C
:10E0D0000E06010003000000030000000300000022
:10E0E00003000000000000003C000000C0550020BC
:10E0F000050601000300000003000000030000000B
:10E1000003000000000000003D000000E05500207A
:10E1100007060100030000000300000003000000E8
:10E1200003000000000000002F0000000056002047
:10E1300005040100030000000000000003000000CF
:10E140000300000000000000350000002056002001
:10E1500007040100030000000000000003000000AD
:10E1600003000000000000009DC000004056002099
:10E170002D06010003000000030000000300000062
:10E180000300000000000000A1C000005C56002059
:10E190002D06010003000000030000000300000042
:10E1A00003000000020000009CC000007856002020
:10E1B0002B06010003000000030000000300000024
:10E1C0000300000000000000A0C0000094560020E2
:10E1D0002B06010003000000030000000300000004
:10E1E0000300000002000000BA000000B05600204A
:10E1F00014060100030000000300000003000000FB
:10E200000300000000000000C0000000D8560020FD
:10E2100016060100030000000300000003000000D8
:10E220000300000000000000410000000057002033
:10E2300014040100030000000000000003000000BF
:10E2400003000000000000008400000024570020AC
:10E25000160401000300000000000000030000009D
:10E2600003000000000000007AC0000048570020B2
:10E270001D06010003000000030000000300000071
:10E2800003000000000000007BC000007057002069
:10E290001F0701000300000003000000030000004E
:10E2A00003000000000000000A0000009857002052
:10E2B000250401000300000000000000030000002E
:10E2C00003000000000000000EC00000B85700204E
:10E2D0000504090003000000010000000300000025
:10E2E00003000000000000000FC00000DC57002009
:10E2F0000704090003000000010000000300000003
:10E30000030000000000000029C0000000580020A9
:10E3100005060900030000000300000003000000E0
:10E32000030000000000000031C000002858002059
:10E330000E060900030000000300000003000000B7
:10E3400003000000000000002AC000005058002018
:10E35000070709000300000003000000030000009D
:10E36000030000000000000032C0000078580020C8
:10E370001007090003000000030000000300000074
:10E38000030000000000000078C00000A05800203A
:10E390001406090003000000010000000300000053
:10E3A000030000000000000079C00000CC580020ED
:10E3B0001607090003000000010000000300000030
:10E3C00003000000000000008CC00000F85800208E
:10E3D0001D06090003000000030000000300000008
:10E3E00003000000000000008DC000002459002040
:10E3F0001F070900030000000300000003000000E5
:10E4000003000000000000000DC000005059002073
:10E4100025040900030000000100000003000000C3
:10E42000030000000000000004C000007459002038
:10E4300005040A00030000000100000003000000C2
:10E44000030000000000000005C0000098590020F3
:10E4500007040A00030000000100000003000000A0
:10E46000030000000000000025C00000BC5900208F
:10E4700005060A000300000003000000030000007E
:10E4800003000000000000002DC00000E45900203F
:10E490000E060A0003000000030000000300000055
:10E4A000030000000000000026C000000C5A0020FD
:10E4B00007070A000300000003000000030000003B
:10E4C00003000000000000002EC00000345A0020AD
:10E4D00010070A0003000000030000000300000012
:10E4E000030000000000000074C000005C5A00201F
:10E4F00014060A00030000000100000003000000F1
:10E50000030000000000000075C00000885A0020D1
:10E5100016070A00030000000100000003000000CD
:10E52000030000000000000088C00000B45A002072
:10E530001D060A00030000000300000003000000A5
:10E54000030000000000000089C00000E05A002025
:10E550001F070A0003000000030000000300000082
:10E56000030000000000000003C000000C5B00205E
:10E5700025040A0003000000010000000300000061
:10E580000300000000000000A8000000345B002031
:10E590000E06050003000000030000000300000059
:10E5A0000300000000000000A9000000545B0020F0
:10E5B0001007050003000000030000000300000036
:10E5C0000300000000000000AE000000745B0020AB
:10E5D0000506050003000000010000000300000024
:10E5E0000300000000000000AF000000945B00206A
:10E5F0000707050003000000010000000300000001
:10E6000003000000000000008C000000B45B00204C
:10E6100005040500030000000000000003000000E6
:10E6200003000000000000008D000000D45B00200B
:10E6300007040500030000000000000003000000C4
:10E640000300000000000000A5C00000F45B0020F3
:10E650002D06050003000000030000000300000079
:10E660000300000000000000A9C00000105C0020B2
:10E670002D06050003000000030000000300000059
:10E680000300000002000000A4C000002C5C002079
:10E690002B0605000300000003000000030000003B
:10E6A0000300000000000000A8C00000485C00203B
:10E6B0002B0605000300000003000000030000001B
:10E6C000030000000200000094C00000645C002011
:10E6D0001406050003000000010000000300000014
:10E6E000030000000000000095C000008C5C0020CA
:10E6F00016070500030000000100000003000000F1
:10E7000003000000000000008EC00000B45C002088
:10E710001D060500030000000300000003000000C8
:10E7200003000000000000008FC00000DC5C00203F
:10E730001F070500030000000300000003000000A5
:10E7400003000000000000008B000000045D0020BA
:10E750002504050003000000000000000300000085
:10E760000300000000000000AA000000245D00205B
:10E770000E06060003000000030000000300000076
:10E780000300000000000000AB000000485D002016
:10E790001007060003000000030000000300000053
:10E7A0000300000000000000B20000006C5D0020CB
:10E7B0000506060003000000010000000300000041
:10E7C0000300000000000000B3000000905D002086
:10E7D000070706000300000001000000030000001E
:10E7E000030000000000000090000000B45D002065
:10E7F0000504060003000000000000000300000004
:10E80000030000000000000091000000D85D00201F
:10E8100007040600030000000000000003000000E1
:10E820000300000000000000A7C00000FC5D002005
:10E830002D06060003000000030000000300000096
:10E840000300000000000000ABC000001C5E0020C0
:10E850002D06060003000000030000000300000076
:10E860000300000002000000A6C000003C5E002083
:10E870002B06060003000000030000000300000058
:10E880000300000000000000AAC000005C5E002041
:10E890002B06060003000000030000000300000038
:10E8A000030000000200000096C000007C5E002013
:10E8B0001406060003000000010000000300000031
:10E8C000030000000000000097C00000A85E0020C8
:10E8D000160706000300000001000000030000000E
:10E8E000030000000000000090C00000D45E002083
:10E8F0001D060600030000000300000003000000E6
:10E90000030000000000000091C00000005F002034
:10E910001F070600030000000300000003000000C2
:10E9200003000000000000008F0000002C5F0020AA
:10E9300025040600030000000000000003000000A2
:10E94000030000000000000037C00000505F0020FE
:10E95000050608000300000001000000030000009D
:10E96000030000000000000038C00000785F0020B5
:10E97000070708000300000001000000030000007A
:10E98000030000000000000035C00000A05F002070
:10E99000050408000300000001000000030000005F
:10E9A000030000000000000036C00000C45F00202B
:10E9B000070408000300000001000000030000003D
:10E9C00003000000000000009AC00000E85F002083
:10E9D000140608000300000001000000030000000E
:10E9E00003000000000000009BC000001460002035
:10E9F00016070800030000000100000003000000EB
:10EA0000030000000000000034C00000406000204F
:10EA100025040800030000000100000003000000BE
:10EA20000300000000000000AC0000006460002053
:10EA30000E060700030000000300000003000000B2
:10EA40000300000000000000AD000000886000200E
:10EA5000100707000300000003000000030000008F
:10EA60000300000000000000B6000000AC600020C1
:10EA7000050607000300000001000000030000007D
:10EA80000300000000000000B7000000D06000207C
:10EA9000070707000300000001000000030000005A
:10EAA000030000000000000094000000F46000205B
:10EAB000050407000300000001000000030000003F
:10EAC0000300000000000000950000001861002015
:10EAD000070407000300000001000000030000001D
:10EAE000030000000000000098C000003C6100200E
:10EAF00014060700030000000100000003000000EE
:10EB0000030000000000000099C0000068610020C0
:10EB100016070700030000000100000003000000CA
:10EB2000030000000000000092C00000946100207B
:10EB30001D060700030000000300000003000000A2
:10EB4000030000000000000093C00000C06100202E
:10EB50001F0707000300000003000000030000007F
:10EB6000030000000000000093000000EC610020A2
:10EB7000250407000300000001000000030000005E
:10EB8000030000000000000000000000683D0020BD
:10EB90000000000000000000000000000000000075
:10EBA00000000000000000000100000020660020BE
:10EBB00002000000B466002004000000E4660020AB
:10EBC000080000002C67002010000000686700208B
:10EBD000200000009C67002040000000B06700207B
:10EBE00080000000C867002000010000F0670020DE
:10EBF000000200002068002000040000506800208F
:10EC0000000800006C6800200010000098680020D8
:10EC100000200000CC68002000400000FC680020BC
:10EC2000008000003469002000000100806900209D
:10EC300000000200D469002000000400046A0020E3
:10EC400000000800486A00200000000000000000EA
:10EC5000F0000000FFFFFF0FFFFFFF0F00080000A4
:10EC6000600000000A0000000C000000000000002E
:10EC7000E0000000FFFFFF0FFC080000000800009C
:10EC800080C00F40000000031900000010000000C9
:10EC9000E8841F4001000000FF000000FF000000AA
:10ECA000000000000000000018000000100000003C
:10ECB000E4841F4001000000FF000000FF0000008E
:10ECC00000000000000000001F0000003DF20000F6
:10ECD00070C00F40000C0000110000001100000087
:10ECE000E0841F40020000002C0000001200000021
:10ECF000E0841F400100000010000000110000002F
:10ED0000DC841F40020000002D0000001200000003
:10ED1000DC841F40010000001E00000031F20000F2
:10ED200070C00F40C000000012000000130000007F
:10ED3000D0841F4001000000FF000000FF00000021
:10ED4000000000000000000013000000130000009D
:10ED5000CC841F4001000000FF000000FF00000005
:10ED600000000000000000001C00000025F2000070
:10ED70001603550053004200200053006500720046
:10ED8000690061006C000000180354006500650014
:10ED90006E00730079006400750069006E006F00FA
:10EDA0000403090409026200030100C032080B00D9
:10EDB0000202020100090400000102020100052410
:10EDC00000100105240101010424020605240600A7
:10EDD000010705820310001009040100020A000067
:10EDE00000070503024000000705840240000009F7
:10EDF00004020002FF6AFF000705810240000107CC
:10EE0000050102400001000009026200030100C088
:10EE100032080B0002020201000904000001020294
:10EE2000010005240010010524010101042402064B
:10EE300005240600010705820310000509040100EE
:10EE4000020A000000070503020002000705840211
:10EE50000002000904020002FF6AC70007058102E0
:10EE60000002010705010200020100000A0600027B
:08EE7000EF0201400100000067
:10EE7800000000000000000000000000000000008A
:10EE8800000000000000000000000000000000007A
:10EE98000548064B1B1AD90F01EBA301491002D0F4
:10EEA800034B03B118477047C0820020C08200207E
:10EEB8000000000008B5054B1BB105490548AFF334
:10EEC8000080BDE80840FFF7E3BF00BF0000000076
:10EED800100F01200070056000207047034B186870
:10EEE80010B103681B681847704700BF5000012025
:10EEF800704700BF2DE9F04100F5804090B0574CB5
:10EF08009646574B0094C0F860121B6A5548C3F3E5
:10EF180001230468403304F080746B4413F8406C98
:10EF2800514B03FB06F60368B6FBF1F2B6FBF2F5AC
:10EF380043F0A0434D1B03600368DF01FCD5052A9D
:10EF48004FF0000C2AD96046831C0130B2FBF3F75E
:10EF5800192F07FB03F3F7D84FF00108B6FBF3F3BB
:10EF6800CB1A002BB8BF5B42AB420BDBA7F10C03FB
:10EF780018BF4FF00008062B0AD8B8F1000F07D0C9
:10EF88008446E1E71D46A7F10C038446062BF4D915
:10EF9800052FD9D80CF10103B2FBF3F2B5F5967F32
:10EFA800A2F105024CDC142A4AD802EB42022F4F88
:10EFB8006E46DFF8B08002F14003BEF1020F0DEBA0
:10EFC80003050FCF0FC60FCF0FC60FCF0FC697E899
:10EFD8000F0007C626F8023B4FEA1343337015F8B3
:10EFE8003F3C15F83E2C4FEAC34315F8401C4FEA46
:10EFF800024203F4601301F0070102F4E02243EA3D
:10F00800020343EA010343F4800343EA0C6343F435
:10F018008043C8F80430D8F8043014BF23F008033C
:10F0280043F00803C8F804303CB90E4A136823F0CB
:10F03800805313601368DB01FCD410B0BDE8F08185
:10F04800002CFAD1074A136823F080531360136821
:10F05800D901FCD410B0BDE8F08100BF3C185000C5
:10F0680000C00F4000801D4040420F00281C0020B7
:10F0780000207047002070470820704700000000FB
:10F0880010B52DED068B8CB00DF11B000BA90AAC49
:10F0980009AB08AA0094CDE9011007A97C4804F03F
:10F0A800B9FF9DED07AADDED0A8A2AEE0A0ADDED11
:10F0B800089A9DED099AA8EEA80AA9EEA90AA9EE50
:10F0C800090AB5EE400AF1EE10FA00F1D280F1EE2D
:10F0D800C07A89EEA78AC9EE279A8AEE279A88EE1F
:10F0E800A7AA8DED088A68EE088AB0EE005BCDED20
:10F0F800099AB7EE007BB0EE686AA9EEA96A8DEDB1
:10F10800079A29EE080AAAEE290A8DED0AAAB7EE8F
:10F11800C66AA6EE457B30EE000AF7EEC70B12F082
:10F12800C3FCB7EEC07AB1EE400A5A4B9FED546B60
:10F13800B7EEC00A27EE067B83ED000BBDEEC77B5A
:10F1480017EE103A1BB207EE903A002BF8EEE77A6A
:10F158007DDB514BC3ED007A29EEC90AF7EE007A40
:10F16800AAEE080A30EE000AB4EEE70AF1EE10FA49
:10F1780075DDB0EE670AE9EE098A484BB0EE005B30
:10F18800B7EE006B1B7B28EE298AB7EEE87AAAEE69
:10F19800098AA7EE456B38EE088A9FED3B9BF7EE90
:10F1A800C60BCDED050A63B312F052FCB7EEC07A78
:10F1B8003B4C3C4827EE097BB7EEC70B84ED000AB1
:10F1C80005F002FC374805F03BFCF0EE408A364B70
:10F1D800B0EE480ADDED050AC3ED008A12F064FCC2
:10F1E800B7EEC00A314B20EE090BB7EEC00B83ED2A
:10F1F800000AF1EE688AC4ED008A0CB0BDEC068BFB
:10F2080010BD12F025FCB7EEC07A284BB0EE480AC4
:10F21800DDED050A27EE097B214CB7EEC77B83EDB0
:10F22800007A12F041FCB7EEC00A1E4820EE090B26
:10F23800B7EEC00B84ED000A05F0C6FB194805F0CF
:10F24800FFFB194BF0EE408A83ED000AD1E79FEDF2
:10F25800187A114B77EE877AC3ED007A7CE7FFEED8
:10F26800007AB4EE670AF1EE10FA48BFB0EE670A0A
:10F2780081E712F01BFCF0EE407A2AE7AFF300803A
:10F288003B597E90A9E781C03B597E90A9E7814010
:10F298003404012008AB002078130120FC7C0020F6
:10F2A80048100120900E0120300401203810012060
:10F2B8000000614510B50A4805F0B0FF00B910BD5F
:10F2C800044602460749064805F04EFF064B22460B
:10F2D800044918680368BDE810405B68184700BF18
:10F2E8006CAD002030AB0020806E002010490B6808
:10F2F800486B0A68496B02F07F02C1F3036101326F
:10F308000431B2EB410F10D303F07F03C0F3036065
:10F31800053B0130A3EB4003DBB2054A106800F05F
:10F328007F000130C01AC0B270470023F5E700BF64
:10F3380000801D402DE9F041124C94F8BF50C5F1F2
:10F34800BE05002D01DCBDE8F08194F8BD10002752
:10F3580094F8BC6021440C4814F80680A75515F0B1
:10F36800F5F9042D04F80680EDDD94F8B85094F80A
:10F37800B910665D21440548675515F0E7F96655EB
:10F38800BDE8F0812C0F01206C1301201811012019
:10F398002DE9F04F0A20D5B010F086F90146DFF8C4
:10F3A80088810A20B1FA81F1490910F053F998F8D7
:10F3B800BE30002B6AD114AB4D4E2422194630467C
:10F3C80000F8012B15F0C2F998F8BFA0CAF1BD09E1
:10F3D80019F0FF092DD0474BCAF1BE0A464F002548
:10F3E800B3F800B007E0601C04A9013F304415F0F1
:10F3F800ADF94D451DD0304615F01AFAAA45044618
:10F4080005F1010526F800B0EDDD17F8013C04A868
:10F41800397818F803204144009301924FF0000214
:10F4280008F8032015F092F9DDE9003208F8032006
:10F43800D9E72F4815F0FCF92D490123002202E0F5
:10F4480011F8014F6240984203F10103F8D82B49A3
:10F4580002A814F031FB264815F0EAF902A9304455
:10F46800012414F039FF264A2649274B14700968ED
:10F47800264A1B7811601BB9254B1B78002B31D00D
:10F48800244B1B78A3B955B0BDE8F08F98F8BD4060
:10F4980014AB0025052218F804601846414608F800
:10F4A800045014F0D3FC08F804600346457183E760
:10F4B8000F4815F0BDF9184B184904465B68184AFF
:10F4C80018481288CDE9041304A905F00BFE22465A
:10F4D8000749144805F01EFE124805F00FFE55B006
:10F4E800BDE8F08F811B024812F018F9C8E700BF89
:10F4F800B40C01206C1E0020E90F0120701E0020B2
:10F50800A91301204C130120AD130120B40D0120D3
:10F51800AE1301209013012030AD002058240020A4
:10F52800C07C00209CAD00202C0F01201149002236
:10F5380001F1440C134610B411F8010F034461455E
:10F54800DBB21A44D2B2F7D10B480C49027091F8D9
:10F5580046000B4C9842237003D000205DF8044B02
:10F56800704791F847005DF8044B801AB0FA80F0B4
:10F5780040097047797900208F130120787900209D
:10F588008E1301202DE9F0419FED680A82B0022018
:10F5980010F0D0FE9FED650A032010F0CBFE02218B
:10F5A800222010F093F80221202010F08FF8022179
:10F5B800252010F08BF80121042010F087F8052190
:10F5C800292010F083F80521182010F07FF85848FA
:10F5D8000EF034FB56481CF06FF9564805F078FADF
:10F5E800002861D01121544812F098F85348544E1D
:10F5F8000FF06EFB0020534C10F0F2F80346012088
:10F60800237010F0EDF86070B4F90030B3F5166FA0
:10F6180055D004224FF4166300210DEB020001932C
:10F6280010F088FA484810220A21074610F082FA9A
:10F638000D222821454810F07DFA03223C21444838
:10F6480010F078FA7A78F0EE086A7B7941499B1ACB
:10F65800414A07EE903A0B78F8EEE77A87EEA67AF9
:10F6680082ED007A1BB9394B1B79002B59D13378BD
:10F67800002B4CD02821394812F050F82F480FF0B1
:10F6880027FB00210C200FF0E5FF01210B200FF0D4
:10F69800E1FF8021274805F019FA0021254802B02A
:10F6A800BDE8F04105F00EBA044615212C48244E59
:10F6B80012F034F821480FF00BFB34709AE7224F10
:10F6C8003C4607F11008C7F10A05601910F088F8E0
:10F6D80004F8010B4445F8D11C4C04F10D08C4F1A1
:10F6E8002805601910F07CF804F8010B4445F8D19E
:10F6F8003C20174C10F074F803463D20237010F09E
:10F708006FF860703E2010F06BF8A0709AE7212126
:10F71800144812F003F8094802B0BDE8F0410FF0B0
:10F72800D7BA012103200FF0D1FFA0E70000F5436D
:10F73800CC6F0020EC03012074200020F06C002026
:10F74800347D00207C1301200C7D0020FC7C0020EF
:10F75800B87C00203B7D0020740C0120A0200020F4
:10F7680088200020CC2000206F4B1B7803B97047FD
:10F778002DE9F0416D4C86B0204605F04FFD80B272
:10F78800042802D806B0BDE8F081694D1822204649
:10F79800294605F0E9FC2B78802BF3D16B78812B77
:10F7A800F0D1AB787F2BEDD1EB78FE2B00F0D88031
:10F7B800FC2B00F0AF81C92B00F0F1814CD9CA2B8A
:10F7C80072D12B79032BDDD16B79CA2BDAD1AB79C6
:10F7D800CA2BD7D1237D48F28010A17D8DF8113036
:10F7E800637DCB24ADF8080007208DF81230514B0B
:10F7F8008DF80B40DA785C781D788DF80A208DF842
:10F808000C008DF810200222987800238DF80E4005
:10F8180002AC8DF80D508DF80F008DF81310A15C17
:10F8280001320B440C2A98B21BB2F8D142494FF06E
:10F83800FF338DF8140042F20F72009169463B487D
:10F84800019305F04FFC0D222146384805F062FC73
:10F85800364805F053FC95E7C82B93D1374B1B78F6
:10F86800002B40F0BB81364B1B7833B9354B1B78E6
:10F878001BB9354B1B78002B84D0344B02A9344A72
:10F888005B682D4C128829480393CDE9013405F0B3
:10F8980029FC0B222F49254805F03CFC234806B0DB
:10F8A800BDE8F04105F02ABCFB2B7FF46BAF2A4C76
:10F8B8006B792A7AA97903F00100C2F38005A17255
:10F8C80002F001012070C3F34000E172C2F340016D
:10F8D8006070C3F380002172C2F3C001A070C3F34B
:10F8E800C0002173C3F34011E070C3F300106171CD
:10F8F800C3F38011DB092071A1710D222821204654
:10F90800E371657210F016F9144B1B78002B7FF425
:10F9180039AF2379002B3FF435AF0121032006B01E
:10F92800BDE8F0410FF0D2BE901301203CAD00209D
:10F938001804012038AD002058240020347D002010
:10F94800C5130120C6130120C813012030AD0020C3
:10F95800C07C00205C7C0020FC7C00203B7D0020DB
:10F96800BD4B1B78002B3FF40DAFB5F80530E97996
:10F9780007EE103AB94B95F90960B8EEC77B1A78CB
:10F988001970B74BB7489FEDAE5B9FEDAF4B04685E
:10F9980027EE057BB448B7EEC77B83ED007A2B7A58
:10F9A80043EA062306EE103AB04BB8EEC66B1C606D
:10F9B800AF4B26EE046B1A70521AAE4B18BF0122D9
:10F9C8000270B7EEC66B83ED006ACB0740F1048185
:10F9D800B7EEC77AB4EEC57BF1EE10FA00F1FC8001
:10F9E800A54B1B78012B0CBF66230023A3489FED72
:10F9F800A47AD0ED007AA34A67EE877AEC7A13707E
:10FA0800A14BFDEEE77AA14A1C70A87AA04B2C7B8B
:10FA180010701C7017EE903A9E4A9F491BB21278DC
:10FA28009E489F4C008894F90040CA721A124B7184
:10FA3800022C4FF0220308738A714FF00F004BF627
:10FA480027028B72C8710A8140F3F68002230022D4
:10FA580018460133085CDBB20244A34212B21846CE
:10FA6800F7DB904D0A5502ACDFF870826B682146CF
:10FA78008D4FB8F800208D480393CDE9013705F084
:10FA880031FB0E228449894805F044FB874805F07C
:10FA980035FB874A137A527A13433FF473AE854E87
:10FAA80033785A1C022B32707FF66CAE824BDFF82B
:10FAB80010C2D3ED007A814BFCEEE77A93F900008F
:10FAC80017EE903A02288CF8053040F3B7800223ED
:10FAD8000022194601331CF80110DBB20A448342A4
:10FAE80012B21946F6DB6B6821460CF80020B8F80C
:10FAF80000206E480393CDE9013705F0F3FA0E2292
:10FB08006F496A4805F006FB684805F0F7FA0023D4
:10FB1800337037E6504B1B78002B3FF433AE2B7A0B
:10FB28002A7B07EE903A674C06EE102A6A7AB8EEFE
:10FB3800677BA979B8EE466B05EE902A6A7920466C
:10FB4800F8EE655A6D8923712270102261710A21BD
:10FB5800C4ED025A65809FED3E3B9FED3B4B27EE7F
:10FB6800037B26EE046BB7EEC77BFCEEC77AB7EED5
:10FB7800C66B17EE903A84ED036A63700FF0DAFFF4
:10FB88006379F0EE086A61784F4A5B1A07EE903A9B
:10FB9800F8EEE77A87EEA67A82ED007AF2E52B791D
:10FBA800052B7FF4EFAD6B79C92B7FF4EBADAB7907
:10FBB800C92B7FF4E7AD45480322297A6B7AEC79A3
:10FBC80041703C21837004700FF0B4FF4FF0E023C4
:10FBD8003F4AC3F80C2DD5E5662307E727499FED73
:10FBE800287AD1ED007A3B4B67EE877A3A4CB3F925
:10FBF8000030284AFDEEE77AE3711B121278294992
:10FC0800237217EE903A48681BB2627226496371F4
:10FC18001B12324A029102A9A37101900390128823
:10FC2800224805F05FFA0B222146204805F072FAB7
:10FC38001E4805F063FA16E6002212E7002252E792
:10FC48009A9999999999B93F7B14AE47E17A843F7B
:10FC5800333333333333F33F347D0020A51301208E
:10FC68006C0C01204C130120A6130120700C0120FC
:10FC7800B0130120301101203C7D00202811012003
:10FC88000000C8423E7D0020B5130120BD130120AD
:10FC9800B6130120BB130120E06C00208213012061
:10FCA800367D002030AD0020582400203CAD0020D7
:10FCB800FC7C00209B13012010110120357D0020C1
:10FCC800D06C00200C7D0020740C0120B87C002032
:10FCD8000400FA057E130120507C0020C07C00201F
:10FCE8002F48B0EE086A2F4A0178D2ED007A07EE65
:10FCF800101A2D4BF0EEE76A2C49B8EEC77A2C4A59
:10FD0800F4EEC66AC2ED006A27EE277AF1EE10FA21
:10FD1800FDEEC77A83ED007A17EE903A1BB20B809E
:10FD280029D54278002B07EE902A224AF8EEE77A86
:10FD380092ED007AE7EE267AFDEEE77A17EE902A42
:10FD480012B21BDB1FD19A4201DA13460A805242D3
:10FD58009342194BB8BF0A809A7812B10A88524266
:10FD68000A80DB7A33B1B1F9003013F1FA0F0FDAF8
:10FD780041230B807047002B4279E3DA00791B1A84
:10FD88001BB20B80DFE7007903441BB20B80DAE774
:10FD9800FA2BA8BFFA239B1080331BB2E9E700BFF8
:10FDA8000C7D00202C110120280F01208413012034
:10FDB800F8070120740C0120FC7C002010B50B4CC6
:10FDC80000224FF4E13120680368DB699847206816
:10FDD8004FF4007206490EF057FC20684FF4007289
:10FDE8000449BDE810400EF035BC00BF886E002005
:10FDF80094FC002094FA0020042910B51DD0A1F12C
:10FE0800020E00F1020C4FF6FF720D4C86441CF8EE
:10FE1800013B5340F445DBB234F8133083EA122235
:10FE2800F5D1084410F8013C10F8020C00EB03204F
:10FE3800801AB0FA80F0400910BD4FF6FF72F0E763
:10FE48005C2400202DE9F047644C654DDFF8D4812F
:10FE5800644F654E206803681B699847002800F0C6
:10FE68008380206803685B6998472B78C0B2032BAE
:10FE78005CD8DFE803F06560520298F80010B946D4
:10FE88005A4A4B1C78541278DBB2043288F8003096
:10FE98009A424BDA00232B7099F802100023384657
:10FEA80005313370C9B2FFF7A7FF8246002871D029
:10FEB8004F4B1A684F4B1A6001224F4B1A7099F832
:10FEC8000330162B52D0232BC4D14C4999F80B0080
:10FED8004B4A087099F80C004A4B487099F80D0085
:10FEE800887099F80E00C87099F80F10117099F879
:10FEF8001010517099F81110917099F81210D17072
:10FF080099F813201A7099F814205A7099F8152046
:10FF18009A7099F81620DA709CE7344A03233B2834
:10FF2800B870107088F8003014DC2B703378002B10
:10FF380090D0B946B0E7552808D000232B70F5E7D4
:10FF4800AA28F3D1012338702B70EFE702237870C9
:10FF58002B70EBE7002318212B482B7011F0DEFBE8
:10FF68002A480EF0B5FEE1E7BDE8F087284B99F87E
:10FF78000B1099F81120197099F80C1002F007026B
:10FF8800597099F80D10997099F80E10D970214B85
:10FF98001A705FE70E21204811F0C0FB1B480EF0D5
:10FFA80097FE08211D4811F0B9FB53460A2299F81B
:10FFB800021016480EF0A8FE14480EF089FE0A2119
:10FFC800174811F0ABFB094B1048197805310EF0B2
:10FFD80073FE0E480EF07CFE3CE700BF886E0020E2
:10FFE800AC130120D8B50020A4130120AB130120C5
:08FFF8004C13012094FE0020CF
:02000004600397
:10000000941301208CFA002080F800209CFE002030
:10001000781E0020F06C002098FE0020B313012011
:10002000941E0020A41E0020B01E0020AF1301204B
:10003000F8B51C4F0C461C4D3860FFF7C3FE1B4A39
:10004000002329681A4E11601A4A337013701A4A35
:1000500013701A4A13701A4A137003E03868036861
:100060005B699847386803681B6998470028F5D191
:10007000C8200FF09FFA2F682B68DB1B9C4206D824
:100080000DE00FF097FA2B68DB1BA34207D2FFF7B6
:10009000DDFE33780120002BF3D01846F8BD002395
:1000A0001846F8BD886E00204C13012094FE0020F5
:1000B00094130120AC130120AB130120AF130120D6
:1000C000A413012030B52C2183B0654811F02AFB20
:1000D00064480EF001FE4FF47A620021624804F099
:1000E00039FE04F07BFF002800F0A88004F06EFFCA
:1000F000022800F0AD805D495D4B09781A7800292F
:100100005C4C8DF804206946227014BF7E22782250
:1001100059485A4DE2708DF807205A789B786270E2
:10012000A3708DF80630564B8DF80520009304F02F
:1001300065FF1421534811F0F5FA4A480EF0CCFD42
:100140001121514811F0EEFA684604F049FF454983
:1001500068460EF0D9FB43480EF0BEFD4B4B012222
:1001600019214B481A70A3782288AB71FF23AA800B
:10017000EB7111F0D7FA6846464C04F031FF39496B
:1001800068460EF0C1FB37480EF0A6FD1821424824
:1001900011F0C8FA334928460EF0B6FB31480EF08C
:1001A0009BFD1A213D4811F0BDFA3D4900230A226A
:1001B00009682C480EF0ACFD2A480EF08DFD218810
:1001C000384804F06DFF58BB374C3848218804F09C
:1001D00067FFB8B9364C3748218804F061FF08B989
:1001E00003B030BD3621344811F09CFA00230A22B6
:1001F00021681C480EF08CFD1A4803B0BDE8304061
:100200000EF06ABD26212D4811F08CFA00230A2237
:10021000216814480EF07CFD12480EF05DFDD9E710
:100220002421274811F07EFA00230A2221680D4874
:100230000EF06EFD0B480EF04FFDC5E73021214852
:1002400011F070FA074803B0BDE830400EF044BD2D
:100250004A211D4811F066FA02480EF03DFD4AE7BA
:10026000BC1E0020F06C0020687C0020347D002043
:10027000B87C002038AD0020CCAD002030AD00208F
:10028000582400206C1F0020841F002090130120A0
:10029000981F0020C47C0020B41F0020D01F002025
:1002A000C07C00209CAD0020C46C00206CAD002000
:1002B000C06C00203CAD00203C2000201420002019
:1002C000EC1F0020EC1E0020201F0020F0B5164D72
:1002D00083B06B782A2B23D0691C00225A4011F876
:1002E000013F2A2BFAD142F30F1102F00F040F4BFA
:1002F00000260D481F688DF801607B5C8DF800308A
:1003000014F09AFA6946284413F0EAFF3B5D01A90C
:100310008DF805608DF8043014F01CFA03B0F0BDC0
:1003200000242146E3E700BFA80E0120C479002085
:10033000534B1A7842B1534A534912680968521A0A
:10034000B2F5FA7FC0F08580504A0021127830B5AE
:10035000197083B0002A75D14D4B4E4D93E80300C0
:1003600085E803004B482C2414F066FA4A492844D7
:1003700013F0B6FF0346494901301C7013F0B0FF7B
:100380000346474901301C7013F0AAFF0346454954
:1003900001301C7013F0A4FF0346434901301C7068
:1003A00013F09EFF0346414901301C7013F098FF83
:1003B00003463F4901301C7013F092FF03463D494C
:1003C00001301C7013F08CFF03463B4901301C7058
:1003D00013F086FF0346394901301C7013F080FF8B
:1003E0000346374901301C7013F07AFF0346354944
:1003F00001301C7013F074FF0346334901301C7048
:1004000013F06EFF0346314901301C7013F068FF92
:1004100003462F4901301C7013F062FF2D4B1B88DF
:100420000380FFF753FF1B4814F006FA2A4B0446DB
:10043000997818882A19294B28531B7891704BB941
:1004400003B030BD264B134D93E8030085E803004D
:1004500088E77047234B694623485B68234ACDE908
:1004600000031288224804F041FEA21C09492048DA
:1004700004F054FE1E4803B0BDE8304004F042BE14
:10048000A91301204C130120B40D0120C713012032
:100490000C210020A80E012010080120BC0D012015
:1004A000B80D0120D00D0120CC0D01200C08012039
:1004B0000C0F0120D0B5002004040120F803012016
:1004C00018110120780C0120880C0120800C0120DB
:1004D000940C0120142100201821002090130120E9
:1004E0000421002030AD002058240020C07C0020D2
:1004F0009CAD002090F805312DE9F04104460D46F1
:10050000062B00F24A81DFE803F019284156647295
:1005100004000A2900F0ED800122D4F8C03084F8EC
:10052000062103B1984700234FF43E4284F8053179
:10053000A4F8BE2084F80631BDE8F0810023242908
:100540004FF0010280F8063100F0CE80D0F8C030C4
:1005500080F80621002BE5D1E5E7084613F0F0F816
:10056000002800F0828094F8BE3094F8BF209A42B0
:1005700072D9042B00F208815A1C84F8BE20E5547D
:1005800094F808316B4084F80831D5E790F8BE2024
:1005900090F8BF309A425FD22A2900F099802C2926
:1005A0007BD090F80831511C6B4080F8BE1080F869
:1005B00008318554C0E7A1F13003092B3DD9084625
:1005C00013F0D4F8462D2DD860B3A5F137035BB2F4
:1005D00034E0A1F13003092B18D9084613F0C6F80E
:1005E00058B1462D09D8A5F137035BB20FE00D29AC
:1005F00092D1062380F805319EE7284613F0A8F82B
:10060000002889D0662D87D8A5F157035BB25A1C04
:1006100082D094F809210521134384F8051184F848
:10062000093189E7284613F093F8662D3FF674AF39
:1006300000283FF471AFA5F157035BB2591C3FF49A
:100640006BAF94F80921DBB2042142EA031384F86A
:10065000051184F809316FE70222D4F8C03084F81C
:100660000621002B7FF45EAF5DE72A2D21D02C2DD3
:100670007FF452AF94F8BF30022194F80821013B77
:1006800094F8BE0082F02C02DBB284F8082184F8D2
:10069000BF30E05484F805114EE790F80811013B93
:1006A00081F02C01DBB280F8081180F8BF30C25411
:1006B00042E794F8BF30032294F8BE10013B84F85F
:1006C0000901DBB284F8BF30E15484F8052133E737
:1006D000013B00200321DBB284F8090184F8BF301C
:1006E000E25484F8051127E780F8083180F80521E5
:1006F00022E790F8073173B190F8092190F808319A
:100700009A4208D00422D0F8C03080F80621002B8D
:100710007FF408AF07E794F8BD704FF0000C14F8B1
:10072000078004F807C094F804E1BEF1000F23D05D
:1007300004F1CC05661E6B1F304613F8012F10F82C
:10074000011F8A4218BF2D2A01D02D290DD19D42AB
:10075000F3D14FFA8CFC04F807800CEB4C0C04EB43
:100760008C03D3F8D0309847DDE60CF1010C0C3542
:100770005FFA8CF37345DED304F80780D4F8C430F5
:10078000002B7FF4CFAECEE60322D4F8C03084F83D
:100790000621002B7FF4C6AEC5E60522D0F8C03096
:1007A00080F80621002B7FF4BDAEBCE62DE9F043B6
:1007B0009B4B83B09B49002201930B6AC3F3012337
:1007C00008336B4413F8043CC0E90122C0E903225A
:1007D000002B00F00C8100F5804692499A20924B44
:1007E0000324924A0025C6F85C021920C3F8A82207
:1007F000D1F884208E4B42F47072C1F8842041F20B
:10080000B00186F865428B4A8B4CC3F8A400C3F84C
:100810009412C4F88C53C3F8A800C3F89812136854
:1008200023F000431360136843F0A0431360136880
:10083000DB01FCD553687F4943F00803536013681C
:1008400043F0804313600B68DF02FCD40A68794BE5
:1008500042F000720A601A6812F00072FBD1754B08
:100860001968CD01FCD5196841F400311960196887
:1008700041F480311960196841F480511960196898
:1008800041F400511960196841F480011960196838
:1008900041F400211960196821F408411960596B6D
:1008A00041F4E0215963196841F400111960196895
:1008B00041F0806119601D68196805F0807541F08C
:1008C000A04119605B490B68DC01FCD50B68DFF8BF
:1008D00074E123F00053DFF870C1564F0B60002322
:1008E0004B6218468B62096803EB0E0103EB0C04A4
:1008F00001330901A400C860DBB288604860086069
:100900002060396801F07F0101318B42ECD3B8647B
:1009100000243861F96A3B6BF9623B633B68DFF89E
:100920002491444FDFF8208119E03B6803F07F03F6
:100930000133B2EB930F34BF4FF080634FF08C6301
:100940000B607B6BC3F300439B0703603B68013480
:1009500003F07F03E4B2013322469C421FD23B687E
:1009600004EB090104EB080003F07F030901800098
:100970000133B2EB530FD8D34FF000630B603B68E9
:10098000980003D5FEF7B6FCA042DFD801231F2C48
:1009900003FA04F323D8BA6A1343BB62D6E73DB91E
:1009A0003B68244A23F080533B601368D901FCD490
:1009B000204A136823F0805313601368DB01FCD4D2
:1009C000D6F85C2201211D4B03EB521302F01F02EB
:1009D0009B0001FA02F21A6003B0BDE8F083A4F1B3
:1009E000200101237A6A8B4013437B62AEE70B6AD6
:1009F000134A23F47F7343F480730B621368002B54
:100A00003FF4E9AE0B4A00F580461C681846526870
:100A1000D6F86012C2F3C002636852009847DCE661
:100A20003C18500000C00F40008000206D00000006
:100A300000801F4000801D4000841F404038003867
:100A40005000012008D801042062071008B50A48A8
:100A5000FFF7ACFE002209490748FEF74FFA4FF4B2
:100A60007A700EF0A7FD1721054810F05BFE0548CF
:100A7000BDE808400EF030B918B6002090D0030051
:100A80001C210020F06C00201F291C4810B423D822
:100A90000123046B8B4023430363194B4FF0006425
:100AA000D0790B441B011C60F8B1117A106809055C
:100AB00020F0604041F4C0015860D0685DF8044BFC
:100AC00000BA9860106900BAD860D27A41EA02424E
:100AD00042F040621A607047A1F1200C0123C46A01
:100AE00003FA0CF32343C362D7E714680548117A6D
:100AF00000EA844009055860DFE700BF00801D4020
:100B000008D801040000FC1F00F54053D3F850370B
:100B1000DB006BD53A4B00225B6B2DE9F04FC3F342
:100B2000036843F2507443F2547943F2587A4FEA1F
:100B3000C80808F1080807E01D596D0F052D31D0D0
:100B40000132D3B2984558D902EB420700EBC703F4
:100B50001D591E196D0F012D0ED01D596D0F022D3F
:100B6000EAD153F809508D42EAD853F80A308B4243
:100B7000E6D30120BDE8F08F1B5913F4607FDFD06E
:100B80007F00002304E03568C5F3C215AB42D7D21D
:100B90000133FD18DBB205F6D45550F825508D42CF
:100BA000F1D1E6E71D5915F4607FC9D003F55D5317
:100BB0007F004FF0010C9346243305E03568C5F300
:100BC000C2150135AC4513D207EB0C051A680CF1C0
:100BD000010C05F6D45502EA010E5FFA8CFC50F8C0
:100BE00025501A681540AE45E8D1C2E7012070478C
:100BF0005A460132D3B29845A6D80020BDE8F08FFE
:100C000000801D4001EB410143F6502C70B500EB14
:100C1000C10454F80C30DB002AD554F80C305B0FBB
:100C2000012B0BD054F80C305B0F022B45D054F83D
:100C30000C305B0F052B1DD0002070BD54F80C50FC
:100C400015F4607FF8D004EB0C0E4D00002305E096
:100C5000DEF80010C1F3C21C6345EDD2013305EB91
:100C6000030CDBB20CF6946C50F82C409442EFD19C
:100C7000012070BD54F80C5015F4607FDCD043F6B1
:100C800064254900A4440123254407E0DCF8004022
:100C9000C4F3C21E0EF1010E7345CDD22C6804EAD6
:100CA000020ECC18013304F69464DBB250F82440F1
:100CB0002E683440A645E9D1DAE743F65423E358D9
:100CC0009342B9D843F65823E058904234BF0020ED
:100CD000012070BD43884FF01A0CDBB210B50CFB3D
:100CE00003030446002083F806016388DBB20CFB93
:100CF000034383F807216088C0B20CFB004000F575
:100D0000847012F073FF6288238892B29BB283F4DE
:100D100080739A4204D123880133C3F308032380EC
:100D200063880133C3F308036380A3889BB2FF2B5E
:100D300003D8A38801339BB2A38010BD8B7DF0B58F
:100D40000D468DB004464B4E002B4CD1336813F04A
:100D5000005C25D0FEF7CEFA3368844603F07F03AB
:100D6000013398421ED24449424807E003685FFAC3
:100D700082FC03F07F0301339C4513D20CEB01038B
:100D80000CF101021B011B68C3F30363082BEDD1B7
:100D900020462A466146FFF777FE01200DB0F0BDE0
:100DA0003368E0E70FCDEC46FF276E460DF1180ED5
:100DB000ACE80F0095E803008CE803008DF8147090
:100DC0000FCEAEE80F009CE803008EE80300182267
:100DD00041F61A300DEB02012044FFF77BFF4FF084
:100DE000FF300DB0F0BD306810F0005040D0FEF77D
:100DF00081FA336803F07F030133834227D91E4908
:100E00001C4E05E0336803F07F03013398421ED285
:100E10004318421C84461B01D0B21A681201F1D556
:100E20001B68C3F30363082B19D06E466F460DF1A0
:100E3000180E0FCD0FC695E8030086E803008DF865
:100E400014C00FCFAEE80F0096E80300BDE70B4BD0
:100E50004FF0FF3C1B68C3F30363082BE5D120462A
:100E60002A465FFA8CF1FFF70FFE01200DB0F0BDAE
:100E70003368C4E700801D4008D8010470801D401D
:100E800070B50C4B86B00C4C4FF0010E1E68EC4652
:100E90000A4D0FCCACE80F0094E8030000968DF8E3
:100EA00007E003958CE8030069460548FFF746FF15
:100EB00006B070BD906B0020681C0020230C200140
:100EC00018B6002070B5104B86B0104C4FF0010ED4
:100ED0001E68EC460E4D0FCCACE80F0094E8030002
:100EE0008DF807E0009603958CE8030069460948F1
:100EF000FFF724FF1221084810F014FC07480DF0FA
:100F0000EBFE06B070BD00BF906B0020681C002097
:100F1000230D200118B60020F0200020F06C0020E6
:100F200040F2C97100F1FF03504A01FB03F3FF33A4
:100F300082FB0312002B2DE9F0431A444FEAE374BD
:100F40004B4B8DB0C4EB22240546B3F90030ACBF47
:100F5000A4F2E334A4F57974002B00F081804549B4
:100F600006A80EF075F80A22294603A80EF0CAF862
:100F700003A906A8404E0EF01BF940490EF020F9D7
:100F800001463F484FF001080DF074FE3C480DF05B
:100F9000A3FE03A80EF07AF806A80EF077F83949F8
:100FA00006A823270EF054F80A22214603A80EF0C3
:100FB000A9F803A906A864BA0EF0FAF80146304869
:100FC0000DF058FE2E480DF087FE03A80EF05EF8D7
:100FD00006A80EF05BF82C4B0DF1180C4FF4907E28
:100FE000D3F80090002D0FCEACE80F0096E8030078
:100FF0008CE80300CDF818908DF81F808DF82470D0
:10100000ADF826E024DB2149ADF8284003A80EF016
:101010001FF80A22294668460EF074F8694603A8AC
:101020000EF0C6F8014616480DF024FE14480DF0E7
:1010300053FE68460EF02AF803A80EF027F806A91A
:101040001348FFF77BFEFFF73DFF0DB0BDE8F083CF
:101050004FF6FF730F49ADF82840ADF82A30D5E7B9
:101060000DB0BDE8F043FFF70BBF00BF818080806B
:101070008413012034210020681C00204C21002012
:10108000F06C002054210020906B00209C21002057
:1010900018B6002070210020254B1B782BB1254B62
:1010A000B3F9000058BBFFF7EBBE234B10B519791D
:1010B000204CA1B1B4F900104022204B00292BDBB9
:1010C000C3F884205B685A0602D41D4B1D4ADA62BD
:1010D00002200FF0CDF81C4B22881A8010BDB4F905
:1010E0000030002B0DDD03200FF0C2F8B4F9001022
:1010F00002200FF0BDF8144B22881A8010BDFFF7B4
:101100000FBF5B42022023800FF0B2F8B4F9001049
:1011100003200FF0ADF8EEE7C3F888205B685B06AC
:1011200002D4074B3822DA62494209B22180CFE764
:101130003B7D002084130120FC7C002000C0004285
:1011400000801F4038F001008213012000000000E1
:101150002DE9F843FEF70CFBAB4DAC492A680B6850
:10116000AB48D31A0260182B15D8AA4EAA4A2B688E
:1011700012689B1AB3F57A7F80F00F81A74A2B681B
:1011800011685B1AC82B00F2CD803378002B40F039
:10119000EB80BDE8F883A24F22200A6001223B7851
:1011A0009C4EFA2B9F4C327094BF9B186623DFF83D
:1011B000C8923B700EF07CFA637989F80000012B2D
:1011C00000F00281A379012B00F00182964B1B787D
:1011D000002B40F0E780DFF8A482E37963B1934B02
:1011E000A27A1B789A4207D80123914A88F80030E6
:1011F000137000228F4B1A70237A002B40F0658108
:10120000637ACBB18C4B1B78002B00F098818B4B11
:101210008B4A93F9003007EE903AF8EEE77AC2ED88
:10122000007AA27A934207DB0123814A88F80030D2
:10123000137000227F4B1A7025200EF039FA98F8AF
:10124000002099F80030E17843EA42037D4A43EAFE
:10125000800310707C4A137009B14FF480417B48C1
:10126000DFF81C8203F034FC784803F059FCA8F83E
:101270000000764803F08CFCB8F90030744AC3F3E0
:101280004F0374491A4412B20A8073492278D1ED8F
:10129000026A002A00F0A0804A88C2F565426B32DB
:1012A0001A4412B207EE902AA8F80020F8EEE77A66
:1012B000F1EE677A87EEA67ADFF8C88188ED007ACA
:1012C000B5EEC07AF1EE10FA05D5D1ED037A67EEEE
:1012D000877AC8ED007A3B78632B00F2D5802379BA
:1012E000002B00F06F816378002B00F02381002138
:1012F00003200EF0B3F9594AD8ED007A92ED007A46
:10130000574B77EEC77AC3ED007AFEF7EDFCFFF797
:10131000C3FE01210C200EF0A1F900210B200EF0DC
:101320009DF923E74F492B6891ED007A1360B7EEE2
:10133000C77A9FED316BB4EEC67BF1EE10FA2CDD6F
:10134000494B00229FED2E6B187827EE067BB7EEF7
:10135000C77BBCEEC77A17EE103A99B20DF064FD68
:101360003378002B3FF415AF25200EF0A1F93F4B49
:101370003F491A78087082423FF40BAF187000287A
:101380003FF407AF3378002B3FF403AF274A002127
:101390001378317001331370FBE6334B18780DF07E
:1013A000F7FDF2E6334BDFF8D4801B78012B00F019
:1013B0001C8198F8002013437FF40FAF1D490A7871
:1013C000012A7FF40AAF1AE1DFF8B08020200EF086
:1013D0006FF988F8000000E74A88A2F5D452153A60
:1013E00013441BB207EE903AA8F80030F8EEE77A03
:1013F00087EEA67A60E700BF295C8FC2F528BC3F64
:10140000F54A5986380E42404C130120C879002015
:10141000F0790020A2130120700C0120241101207A
:101420003E7D0020FC7C0020A6130120B213012089
:101430003A7D0020B11301203B7D00209313012051
:1014400010110120B7130120BB130120EC03012070
:1014500070E5FFFF7E1301200C7D0020301101207C
:101460002C1101206C0C01203D7D0020AA130120CD
:10147000BC130120A5130120C91301203C7D0020CD
:1014800088130120281101202179002900F096807D
:10149000617800294AD0012103200EF0DFF86E4B5D
:1014A00000216E4A1B781180002B40F08480FFF7EA
:1014B000F3FD00246A4B0B2001211C700EF0CEF8C6
:1014C00021460C200EF0CAF850E618200DF0A2FEBE
:1014D00006EE900A634BFAEECF6A9FED575BB7EECC
:1014E000E67A9FED574B27EE057B93ED005AB7EE5A
:1014F000C55AA5EE047BB7EEC77B83ED007AA37ACD
:1015000007EE903A584BF8EEE77AC3ED006AB4EE76
:10151000E77AF1EE10FAFFF673AE0123534A88F82A
:10152000003013700022524B1A7069E603200EF04F
:1015300095F8B4E7012103200EF090F8DBE62920AE
:101540000DF068FE07EE900ADFED4A6AB6EE007A0B
:10155000F8EEE77A434B9FED486A76EEE76A9FED37
:101560003A5BF0EEE66A9FED3A4B66EE876AB7EEBD
:10157000E67A27EE057B93ED005AB7EEC55AA5EE45
:10158000047BB7EEC77BB4EEC67AF1EE10FA58BF13
:10159000B0EE467A83ED007AA37A07EE903A324BAA
:1015A000F8EEE77AC3ED006AF4EEC77AF1EE10FACE
:1015B0007FF63AAE40E6FFF763FC78E704200EF0D2
:1015C0004DF86CE7012104200EF048F893E6202046
:1015D0000EF06EF8294B1870A8B9254B1A78012A1D
:1015E00016D0DFF89C801870F7E598F80030012BD2
:1015F0007FF4F3AD1E490A78002A7FF4EEAD0B703C
:1016000088F80020E9E51A4BDFF874801870E4E5EB
:10161000164991F800C0BCF1010F06D0DFF86080D8
:101620000A7088F800201870D7E5DFF85480087039
:1016300088F800001870D0E59A9999999999D93F3E
:10164000333333333333E33F333333333333D33F02
:10165000666666666666E63F3B7D00208413012071
:10166000B213012010110120141101203A7D002035
:10167000B113012000C0414400007F43B413012096
:101680003C7D00200978632910B5044682B01046DD
:1016900014D041F214030B4404EB83035B6813B1D1
:1016A00001929847019804F58044D4F854311BB155
:1016B00002B0BDE81040184702B010BD04F58044E8
:1016C000636D002BF1D0019298470198EDE700BFC0
:1016D0002DE9F04F8C468DB00E4607466C46054608
:1016E00000F110084FF00109DFF8A0A0BCE80F00DE
:1016F0000FC49CE8030084E8030055F8044F5CB174
:101700009DF91420A36809FA02F1194223D0236835
:10171000D3F800B0D34519D14545EED107F5804344
:1017200093F850303BB3306806AC7168B268F36828
:101730000FC430691822716903C40DEB020107F16F
:101740001400FFF7C7FA0DB0BDE8F08F9DF8153013
:1017500069462046D847237C002BDDD02368D3F888
:1017600000B09DF81530D345D6D020464FF0FF325B
:101770006946D847D0E7337D324606A938468DF80A
:101780001830FFF77FFF0DB0BDE8F08F6900000053
:1017900000F5804393F85130002B00F0E080DFF833
:1017A00088C22DE9F04F0F4689B004460D4602AEBF
:1017B0000FCF0FC697E8030086E80300DCF800307F
:1017C0009B0059D5DCF83430002743F25078C3F33E
:1017D0000363DB0008339B463B460FE056F80820C6
:1017E000520F022A00F09E8056F80820520F052A58
:1017F00000F0E1800137FBB29B453DD995F91420FB
:10180000632A39D007EB470904EBC90656F80820CC
:1018100006EB080A12F0604FECD056F80820520F81
:10182000012ADBD156F80830EA79C3F300439A4223
:10183000E0D156F8083013F4607FDBD000224FEA85
:101840004909164606E0DAF80030F6B2C3F3C213CF
:101850009E42CFD20136029B09EB060202F6D45219
:1018600054F822209342EED1632302A920468DF83A
:101870001C30FFF72DFFE6E700236B4F8DF80E308D
:101880003E6816F000563AD0FDF734FD3B68064638
:1018900003F07F03013383422ED943F6502743F6EA
:1018A0005428DFF8849195F91430B3421BD006EB2D
:1018B000460104EBC103DA5903EB070B12F0604F4A
:1018C00011D0DA59E879C2F3C06290420BD1DA59EB
:1018D000520F012A44D0DA59520F022A11D0DB5993
:1018E0005B0F052B5FD0D9F80030013603F07F0382
:1018F000F6B201339E42D6D309B0BDE8F08F3B6803
:10190000CBE753F80810029A8A42ECD343F65821E9
:101910005B589A42E7D802A920468DF81C60FFF771
:10192000D7FEE0E756F80830EA79C3F300439A425D
:101930007FF460AF43F25473F258029B9342FFF47A
:1019400059AF43F25872B25893423FF653AF6323F4
:1019500002A920468DF81C30FFF7BAFE4AE770470F
:10196000DB5913F4607FBED04A00002307E0DBF8A8
:1019700000105FFA8AF3C1F3C2118B42B3D203F1B4
:10198000010A029902EB0A0303F6946354F8233028
:101990009942ECD102A9204600928DF81C60FFF715
:1019A00097FE009AE3E7029A31462046FFF72AF9AC
:1019B000002898D0AFE756F8082012F4607F3FF473
:1019C00019AF43F264724FF0010AB218CDE9007505
:1019D00025464F463446994616460AE054F80830E4
:1019E0000AF1010AC3F3C2135FFA8AFA01339A4576
:1019F00016D20AEB4703316803F6D45355F8232077
:101A0000029B1940336813409942E7D1632302A92E
:101A100028468DF80E908DF81C30FFF759FEDDE753
:101A20002C46009F019DE5E600801D40264A38B502
:101A3000136813F0005345D0136805460C4613F4A1
:101A4000004302D1926A92063CD41F4A136B13F0F2
:101A5000200337D0D2F88030C3F30341C3F30050E2
:101A6000A380E172D2F8841003F400122072DB0D1F
:101A7000002A21F0604112BF01220022890CE2718C
:101A8000114A216005F58041D2F8880000BAE06073
:101A9000D2F88C0000BA206191F86512A37163231B
:101AA0006175237513681B0403D4136B43F0200383
:101AB000136321462846FFF76BFE21682846FFF78F
:101AC00023F838BD184638BD00801D407C4B2DE9F9
:101AD000F0471F6881468A4617F0005702D0FDF78D
:101AE00009FC0746764C09F58046226896F8643270
:101AF00002F07F020132934200F2DD800325DFF81D
:101B0000C48157E000295DD0B1FA81F2C2F14002F0
:101B1000934254DB206810F0005001D0FDF7EAFB3F
:101B2000013D86F8640215F0FF0500F0C4802368CB
:101B30009A0005D5874203D9781EC0B286F86402A0
:101B4000236803F07F03013398420CD3206810F020
:101B5000005001D0FDF7CEFB013D86F8640215F080
:101B6000FF0500F0A880D4F824C0C0F12001A36ACA
:101B7000A0F120020CFA01F1C3402CFA02F20B434F
:101B80001343DB070BD400EB08031B011A68110198
:101B900005D4110E01F00B0CBCF1020F16D0013070
:101BA000C3B286F86432226802F07F0201329342A7
:101BB00000F28180E16A226B52EA0100A2D196F81C
:101BC0006402B4E7B2FA82F220329FE702F4001016
:101BD00001F00F010028C2F300508AF8080014BF7A
:101BE000012000208AF80700586820F0604008BFF4
:101BF000800C0629CAF8000002D101218AF80910D8
:101C0000C2F303418AF80B1096F86412481C86F858
:101C100064028AF81410AAF8042096F865229AF84B
:101C200007108AF815209A6800298AF80F2018BF33
:101C30004FF08C619A6808BF4FF08061120A8AF8F1
:101C40000E209A68120C8AF80D209A68120E8AF8F3
:101C50000C20DA688AF81320DA68120A8AF812204F
:101C6000DA68120C8AF81120DA68120E8AF810204D
:101C700019609AF81430A2681F2B14D8012202FAB6
:101C800003F3226B1343236351464846FFF780FD5D
:101C9000DAF800209AF814104846FEF7B3FF68B946
:101CA00096F864027BE70122203B02FA03F3E26A22
:101CB0001343E362E8E70020BDE8F0870120FBE77B
:101CC00000801D4008D8010410B5354C86B00FCCFB
:101CD000EC46ACE80F0094E803008CE80300022116
:101CE00000200DF081F9A0B92E4B1A68910010D593
:101CF0009A6A92060DD41B6B9B060AD569462A4840
:101D0000FFF794FE18B1294B009A9A4206D006B00C
:101D100010BD69462448FFF7D9FEF3E79DF810305F
:101D2000FF2B9DF811301DD007EE103A204AB3EE7C
:101D3000044BB8EEC77B92F900309FED153B06EEE1
:101D4000103A27EE037BB8EEC66B9FED135B27EED0
:101D5000047BA6EE057BFDEEC77B17EE903A137071
:101D600006B010BDC3F58073114AB3EE044B07EE05
:101D7000103A92F900309FED063BB8EEC77B06EEB5
:101D8000103A9FED055B27EE037BB8EEC66BDEE7EE
:101D90009A9999999999A93F666666666666EE3F33
:101DA000681C002000801D4018B6002001000007BC
:101DB000931301202DE9F04F944D9BB0944F08AC44
:101DC00004900FCD0FC495E8030084E803007E6AF9
:101DD000B96AD7F82CB0386B3B68029113F4004312
:101DE000039003D13A68940000F11A81039B43F0F9
:101DF0000103BBF1000F00F00581BBFA8BF3844DAA
:101E0000C3F140032C68DFB214F00054019700F0D6
:101E10008582FDF76FFA2B68044603F07F030133D8
:101E2000984280F0C280874240F2BF80049B671CCA
:101E3000DFF8DC9103F58043FDB2059318E0042A36
:101E400000F06281082A00F00382D9F80030FCB269
:101E5000019A03F07F030133A24288BFAB4205F130
:101E6000010594BF01230023002B40F09E80671CD6
:101E7000C4F12002029BA4F1200A06FA02F1E34019
:101E80000B4326FA0AF10B43D807DED5039B0BFA66
:101E900002F2E34013432BFA0AF21343D907D4D5D5
:101EA000DFF87881A0444FEA0818D8F80030190EFE
:101EB000C3F3036201F00B010229C0D1D8F804106A
:101EC00003F4001021F06041002812BF4FF0010C14
:101ED0004FF0000C890C062A8DF827C0089102D11A
:101EE00001228DF82920ADF82430C3F303438DF887
:101EF000344000288DF82B30059B93F865328DF81F
:101F00003530D8F808308DF82F30D8F808304FEA3F
:101F100013238DF82E30D8F808304FEA13438DF88C
:101F20002D30D8F808304FEA13638DF82C30D8F8EC
:101F30000C308DF83330D8F80C304FEA13238DF87D
:101F40003230D8F80C304FEA13438DF83130D8F8DE
:101F50000C304FEA13638DF8303014BF4FF08C63B0
:101F60004FF080631F2CC8F80030D9F808304FF0CC
:101F7000010334D8D9F83020A340214604981343F4
:101F8000C9F83030089AFEF73DFE002835D108A97F
:101F90000498FFF7FDFB08A8AFF3008008A8AFF393
:101FA000008008A8AFF300804FE7194A1948116A6A
:101FB0000268194B4A40134043B1049B03F5405358
:101FC000B3F8242692B20F2A40F2AC81104A136A69
:101FD0000B431362BFF34F8F1BB0BDE8F08FD9F8EE
:101FE0002C2003FA0AF3214604981343C9F82C3035
:101FF000089AFEF707FE0028C9D008A90498FFF741
:1020000067FBC4E7B3FA83F32033F8E6681C0020CB
:1020100000801D40B4000120BFFF070008D8010464
:1020200089067FF5E3AE82067FF5E0AED7F8802023
:10203000BB4C02F40011C2F30050ADF8242000297B
:10204000C2F303414FEAD2528DF82B10D7F8841017
:102050008DF8280018BF012021F0604108BF002042
:102060008DF826204FF0000208BF890C8DF827005C
:102070000CA80891D4F88810D1400832202A00F822
:10208000011DF7D10DA8A649D1F88C20DA400833FC
:10209000202B00F8012DF7D1049B03F5804393F822
:1020A00065328DF8353063238DF834308B680B6BD7
:1020B00043F020030B63039B5D0603D50B6B43F0DA
:1020C00040030B63039B1C0604D5954A136B43F036
:1020D00080031363049C08A92046FFF759FB08A856
:1020E000AFF3008008A8AFF3008008A8AFF300802A
:1020F00008992046FEF708FD00283FF477AE08A9AE
:102100000498FFF7E5FA71E603F40012002AD8F804
:102110000420ADF82430C3F303438DF8344022F09B
:1021200060428DF82B3018BF0121059B04BF920C33
:10213000002193F8653208928DF83530D8F80830D0
:10214000049A8DF82F30D8F808308DF827101B0A24
:102150008DF82E30D8F808301B0C8DF82D30D8F8BB
:1021600008301B0E8DF82C30D8F80C308DF8333039
:10217000D8F80C301B0A8DF83230D8F80C301B0C14
:102180008DF8313041F25603234452F82330D8F809
:102190000C20120E8DF830200BB108A89847059B33
:1021A000D3F858320BB108A89847049901F580522A
:1021B000B2F81E3B07929BB2002B00F00E81B2F8E2
:1021C0001A3B1A220DF1500CDBB2E04602FB03135E
:1021D00041F622420EA903EB020A06918E46985858
:1021E000DAF80410DAF80820DAF80C30ACE80F005E
:1021F000DAF81000DAF81410ACE80300B8E80F00C1
:10220000AEE80F0098E803008EE803009DF94C301B
:102210005A1C00F0F1809C427FF417AE069AE1B29E
:102220000498FEF731FC079AB2F81A3B0133C3F366
:102230000803A2F81A3BB2F81E3B9BB2002B3FF4F6
:1022400004AEB2F81E3B013B9BB2A2F81E3BFCE57C
:1022500003F40012002AD8F80420ADF82430C3F3A8
:1022600003438DF8344022F060428DF82B3018BFC4
:102270000121059B04BF920C002193F8653208925E
:102280008DF83530D8F80830049A8DF82F30D8F80A
:1022900008308DF827101B0A8DF82E30D8F808303A
:1022A0001B0C8DF82D30D8F808301B0E8DF82C3013
:1022B000D8F80C308DF83330D8F80C301B0A8DF874
:1022C0003230D8F80C301B0C8DF83130D8F80C3087
:1022D0001B0E8DF8303041F25603234452F8233060
:1022E0000BB108A89847059BD3F858320BB108A842
:1022F0009847049901F58052B2F81E3B07929BB2B1
:10230000002B7FF45CAF1F2C4FF001037FD8D9F86E
:102310003020A3401343C9F8303096E52B6885E59B
:1023200000801D40B3F8242692B20F2A05D8B3F8D6
:102330002426013292B2A3F82426B3F82226B3F859
:10234000224602F00F02A4B203EB8202C2F8281662
:10235000B3F8202692B282F01002944206D1B3F86C
:102360002026013202F01F02A3F82026B3F822260D
:102370002B4C013202F01F02A3F82226E469B3F8C5
:10238000EC26A4B292B20F2A05D8B3F8EC2601329B
:1023900092B2A3F8EC26B3F8EA2602F00F0203EBA0
:1023A0004202A2F8EE46B3F8EA46B3F8E826A4B231
:1023B00092B282F01002944206D1B3F8E8260132BC
:1023C00002F01F02A3F8E826B3F8EA260160013202
:1023D00002F01F02A3F8EA26F8E51F2C4FF00103D4
:1023E0000DD8D9F83020A3401343C9F830304FF04E
:1023F0000063C8F8003028E5069A214610E7D9F8AE
:102400002C2003FA0AF31343C9F82C30EFE7D9F86C
:102410002C2003FA0AF31343C9F82C3015E500BF4A
:1024200000801D402DE9F04300F580478FB0044641
:1024300097F8503013B9012387F85030238B9BB2A3
:10244000002B56D1D7F85C2204F58056714B02F070
:102450001F0103EB521301229B008A401A60B6F859
:102460001E3B9BB27BB3B6F81A3B1A2208AD0DF1A6
:10247000080CDBB2AE4602FB034341F6224203EBFB
:1024800002089858D8F80410D8F80820D8F80C306A
:102490000FC5D8F81000D8F8141003C5BEE80F0017
:1024A000ACE80F009EE803008CE803009DF91C10C7
:1024B0004B1C54D0584B0B441B011B68C3F30363E4
:1024C000082B00F08B80D7F85C22544B02F01F01E0
:1024D00003EB521301229B008A4000211A60238BD8
:1024E000B6F81E0B9BB280B240EA03300FB0BDE8D5
:1024F000F083A68A1A23B4F814C008ADF6B20CF122
:10250000010C03FB0646CCF3080CD6F81C01D6F8E8
:102510002011D6F82831D6F824210FC5D6F82C0181
:10252000D6F83011A4F814C0238B9BB203C51BB19D
:10253000238B013B9BB2238308AD02AE0FCD0FC6A8
:1025400095E8030002AA86E803009DF81C300DF10F
:10255000070120468DF80730FFF794F872E7DFF89F
:10256000C080D8F8005015F0005550D0FCF7C2FEDE
:10257000D8F80030054603F07F0301338342A2D927
:10258000DFF89490DFF8988008E0D8F80030013543
:1025900003F07F03EDB201339D4294D205EB0903B2
:1025A0001B011B68C3F30363082BEED102AA294663
:1025B0002046FEF769FAB6F81A3B0133C3F3080365
:1025C000A6F81A3BB6F81E3B9BB2002BDDD0B6F83E
:1025D0001E3B013B9BB2A6F81E3BD6E702AAC9B23E
:1025E0002046FEF751FAB6F81A3B0133C3F308034D
:1025F000A6F81A3BB6F81E3B9BB2002B3FF463AF24
:10260000B6F81E3B013B9BB2A6F81E3B5BE7D8F831
:102610000030B5E76038003808D801044038003889
:1026200000801D4070B54D4B00244D494FF47A7524
:102630004C4A4FF0080C4C484C4E8D609D6081F820
:102640001EC082F81EC00E6016601E604C60484EB0
:102650000C7314735C601C739C62C2E90145454DA8
:10266000C1E90404C2E90404C3E90404C1E908445B
:10267000C1E90A44C2E90844C2E90A44C3E908447A
:102680003D4A83F81EC02968DC623C4B106030462E
:1026900019600721546002F06DF9394A3949304612
:1026A00010F02EF9384A39484FF0081602F5405319
:1026B00002F5805194821060D48235481483A1F8C9
:1026C0001A4BA1F81C4BA1F81E4BA3F82046A3F807
:1026D0002246A3F82446A3F8E846A3F8EA46A3F85E
:1026E000EC4602F58043026083F85040294A83F8A3
:1026F00051402948296883F864421160274A2968B3
:10270000C3E99744264BC3E94A600A20C3F8242151
:10271000A3F88840A3F83001C3F8844083F88A40C6
:1027200083F8BC4083F8CC401E4B1F4A19604FF021
:102730003E43C2F8BC304FF08073A2F80841C2F8A3
:102740000431C2E930440DF02BF84821174802F05B
:10275000A7F92A68164B1A6070BD00BF3CAD002077
:102760009CAD00206CAD0020582400208423002064
:10277000900E01204C13012030AD002024110120C7
:10278000E8730020495B000018B600206023002099
:1027900050000120900C0120090004000E000C00E4
:1027A0003404012094FE00202C0F0120EC030120B2
:1027B000700C01202DE9F04F4FF4FA7083B00CF04B
:1027C000F9FE01210D20B14C0CF084FF0121052000
:1027D0000CF080FF012106200CF07CFF0121092074
:1027E0000CF078FF01210A200CF074FF01210B206E
:1027F0000CF070FF01210C200CF06CFF94F80471B8
:10280000A34B042FC4F8C03044D8002F00F08F82AF
:1028100004F1CC050026DFF87CC26B1F9D484722DF
:1028200001E010F8012F13F8011F2D2A18BF914263
:1028300002D02D2940F0F8819D42F2D1964D00261C
:10284000DFF858C26B1F9548472201E010F8012FAE
:1028500013F8011F2D2A18BF914202D02D2940F0F4
:1028600044829D42F2D194F804718B4D0026DFF82A
:1028700030C26B1F8A484B2201E010F8012F13F879
:10288000011F2D2A18BF914202D02D2940F0348219
:102890009D42F2D1834D0A200CF08CFE824C2E68B2
:1028A00040F2EE28814FDFF878920EF0B9FF2378DE
:1028B000002B00F0DD803B78DB0740F1D9802B68EE
:1028C000D9F800209B1A0E2B40F2D2800A20784DB6
:1028D0000CF070FE0B2177480EF024FF76480CF0C8
:1028E000FBF9764C764A3321764B77482A60236091
:1028F0000EF018FF70480CF0EFF9286800224FF432
:10290000E1210368DB69984728684FF400726F493A
:102910000BF0A4FE4FF400726D49286801250BF0FE
:10292000B7FE0A200CF046FE00224FF4165169480B
:102930000BF026FD4FF40072674966480BF08EFEDF
:102940000A200CF037FE206800224FF4E1210368D2
:10295000DB69984720684FF4007260490BF07EFEF7
:102960004FF4007220685E490BF092FE3A215D48F8
:102970000EF0D8FE50480CF0AFF917215A480EF06F
:10298000D1FE4D480CF0A8F9584CFCF7FFFD16217C
:1029900057480EF0C7FE48480CF09EF9FDF792FB31
:1029A000112154480EF0BEFE43480CF095F9204624
:1029B00018F086FFC0232946204684F8A53084F805
:1029C000305184F82F510BF0E3F90646002840F00F
:1029D000A980122148480EF0A5FE3346102260213E
:1029E00035480CF095F934480CF076F9434F0A213C
:1029F0004348444E0EF096FE434C2F480CF06CF9C1
:102A00003D7064200CF0D6FD0C2140480EF08AFE8B
:102A1000397829480CF054F927480CF05DF90C215D
:102A20003B480EF07FFE317823480CF049F92248EC
:102A30000CF052F90B2137480EF074FE21781E4835
:102A40000CF03EF91C480CF047F9402132480EF0DA
:102A500069FE19480CF040F9FDF7F8FF21212F48D5
:102A60000EF060FE144803B0BDE8F04F0CF034B92E
:102A70002B6822789B1B32B1B3F5FA6F3FF626AF75
:102A80000EF0CEFE11E74345FAD91FE72C0F0120C7
:102A900081000000502F0020F80F0120582F002047
:102AA000602F00204C130120C2130120C11301200C
:102AB000806E0020682F0020F06C0020846E0020C3
:102AC000206E0020C06D0020742F0020D0B10020A7
:102AD000D0B30020606D00208CF80020D0AD002025
:102AE000D0AF0020A82F0020E42F00208C6E002003
:102AF000FC2F00201430002028300020C6130120B5
:102B00003C300020C5130120C813012028310020CB
:102B10003831002048310020543100209831002005
:102B2000601301201B218548854F0EF0FBFD854871
:102B30000CF0D2F83B78002B40F0FC80DFF84882A4
:102B40004A23DFF84892804EDFF844B2DFF8F4A160
:102B50000125204689F8003003FA05F2294684F859
:102B6000305184F8A52084F82F510BF011F9034659
:102B70000221584601937BB30EF0D4FD00231022AE
:102B800099F8001050460CF0C3F81E216F480EF063
:102B9000C9FD50460CF0A0F833781BB96C4B434587
:102BA00040F0B18025216B480EF0BCFD65480CF06B
:102BB00093F840F2DC516848FDF73AFA002800F03B
:102BC000A580232165480EF0ADFD5E480CF084F829
:102BD000634C0123237014E70EF0A4FD019B102227
:102BE00099F8001050460CF093F80B215D480EF058
:102BF00099FD50460CF070F8FF23224699F800101A
:102C0000594801F01DFE002800F0898057495848B6
:102C10000BF056FA4FF496700CF0CCFC142152488D
:102C200001F08CFE3570BDE701360C35F3B29F42E2
:102C30003FF6F3ADC8220C23002513FB07239CE8C5
:102C40000300E218E050117194F80431494803EB95
:102C500043020133DFB204EB8202042F84F80471D3
:102C600082F8CD50C2F8D0003FF614AE002F7FF4AA
:102C7000E5ADDFF820C1C8220C23002513FB072394
:102C80009CE80300E218E050117194F804313A48CE
:102C900003EB43020133DFB204EB8202042F84F81A
:102CA000047182F8CD50C2F8D0003FF6F3AD002F8A
:102CB0007FF4DBADDFF8E0C0C8220C23002513FB56
:102CC00007239CE80300E218E050117194F80431E6
:102CD0002A4803EB4302013304EB820284F80431F7
:102CE00082F8CD50C2F8D000D4E501360C35F3B2ED
:102CF0009F423FF6A7ADBEE701360C35F3B29F42C7
:102D00003FF6B7ADD8E718F8013F21E71C211C4872
:102D10000EF008FD0B48124C0BF0DEFF71E6292186
:102D200018480EF0FFFC50460BF0D6FF34E7DFF8F2
:102D30006CC07FE7044E0A4C63E600BF48300020B9
:102D4000C6130120F06C0020C51301209C30002028
:102D5000D1210020BC300020006D0020E430002094
:102D6000C81301206430002034040120801A0600BA
:102D70008C6E0020D1430000C50400002105000036
:102D80000831002070300020D02100209E13012047
:102D900038300020582F0020602F0020502F0020B6
:102DA000F8B5AB4D2B782DED028BBBB1A94B0221B1
:102DB000A94A042093ED000BB7EEC00B0CF0A4FF62
:102DC000A64BA74A0221042093ED000BBDEC028B19
:102DD000B7EEC00BBDE8F8400CF096BFA14B1B78D6
:102DE000002B36D1A04B1B78002B69D19F4B1B7851
:102DF0002BB92B78002BD9D1BDEC028BF8BD9C4BA5
:102E00000A229749D3ED007AFDEEE77A17EE903A61
:102E100018B20FF041FF974B0A229749D3ED007A81
:102E2000FDEEE77A17EE903A18B20FF035FF934BAC
:102E30000A228949D3ED007AFDEEE77A17EE903A3F
:102E400018B20FF029FF0A228D4900200FF024FF4D
:102E5000CFE78C4BB2EE048A0A228149D3ED007A87
:102E600067EE887AFDEEE77A17EE900A0FF014FF0E
:102E7000854B1B7B002B40F0C280844B0A227E498D
:102E8000D3ED007A67EE887AFDEEE77A17EE900AC6
:102E90000FF002FF7E4BD3ED007A0A226E4967EEF7
:102EA000887AFDEEE77A17EE900A0FF0F5FE0A2217
:102EB000734900200FF0F0FE6B4B1B78002B95D070
:102EC000744C0126C0231C21204684F8306184F80C
:102ED000A53084F82F610AF081FE314620460AF0C1
:102EE00057FF60213346032220460AF0D1FF94F8B1
:102EF000A30094F8A210884240F290808A196318C7
:102F0000D2B293F91A3090424FEA032384F8A220F8
:102F100040F2848022440231927E84F8A21013434E
:102F200007EE903AF8EEE77AF1EE677A0127C023D0
:102F3000524E02215748C6ED007A84F8A53084F835
:102F4000307184F82F710AF049FE394651480AF071
:102F50001FFF032260213B464E480AF099FF94F878
:102F6000A31094F8A22091425ED9D319A018DBB225
:102F700090F91A0099424FEA002084F8A23053D900
:102F8000234402329B7E84F8A220184307EE900A65
:102F90009FED295BB8EEE77B9FED296B27EE057B64
:102FA00027EE067B3C4B0A222D4983ED007B0FF078
:102FB00073FE94F8A23094F8A3209A4231D95A1C97
:102FC000234493F91A0084F8A2200A222A490FF018
:102FD00063FED6ED007A0A221F49FDEEE77A17EE6E
:102FE000903A18B20FF058FE0A22254900200FF03F
:102FF00053FE1E4B1B78002B3FF4FBAEFFE6244B29
:103000000A221D49D3ED007A67EE887AFDEEE77A51
:1030100017EE900A0FF040FE1C4B3CE7F7EE007AEB
:1030200084E74FF0FF30D0E79FED077B4FF0FF3094
:10303000B8E700BFAFF300809A9999999999B93F81
:10304000399D52A246DF913FF561B70371985CBF8D
:10305000C713012028AB0020880C012018AB0020EA
:10306000780C0120C8130120C6130120C5130120CC
:103070007813012038100120800C01204810012015
:10308000940C01209CFE0020FC7C002080F8002095
:103090008CFA00208C6E002008AB0020000000009D
:1030A000614B10B5D97F9A7F93F8200002EB012283
:1030B00093F821105D4C02EB004202EB016207EE37
:1030C000902A9FED4D4B94ED006BB8EEE77B9FEDA2
:1030D0004C5BA7EE046BB4EEC56BF1EE10FAA8BF23
:1030E00036EE456BB5EEC06BF1EE10FA03D59FEDF1
:1030F000447B36EE076B93F81BC09A7ED87D997D92
:1031000002EB0C2293F81CC001EB0021187E02EBAD
:103110000C4293F81DC001EB0041587E02EB0C629B
:1031200093F9294007EE102A01EB006204EE104AE1
:103130003F4800EE102A93F92820B8EEC44B93F8CC
:10314000423005EE102AB8EEC00BB8EEC77B83F014
:10315000020CB8EEC55BDA43364942EA5C029FEDE9
:103160002A3B9FED2B2BA5EE030BA4EE037B26EE53
:10317000026B80ED006B304880ED000BD00781EDD5
:10318000007B26D483F00402C2F38004520720D4CB
:10319000C3F3C103022B1DD1B5EE407BF1EE10FA53
:1031A00003D137EE037B81ED007B80EE070B0EF041
:1031B0001DFC224B01210A209FED177B20EE070BFF
:1031C00083ED000B0CF04AFAFFF7EAFD1C4B0122DD
:1031D0001A7010BD194B0A201A4A93ED007B9FED1F
:1031E000106B117827EE067B83ED007B0CF036FA2E
:1031F000134B1C7010BD00BF2D431CEBE2361A3F71
:10320000000000000020AC407B14AE47E17A843F10
:103210009A9999999999B93FF8C1631ADCA54CC05C
:10322000CDCCCCCCCCCCEC3F78790020B86C002055
:1032300018AB002000AB002020AB002028AB002002
:10324000A11301209D1301202DE9F041834C94F836
:10325000BF50C5F1BE05002D53DC814C21780029FB
:103260002FD001210D200CF0F9F9217801237D4D9B
:103270007D4A59402E78137021700EB17B4A13702D
:103280007B4B1B780BBB7B4B1B785BB97A4B1B785A
:1032900043B9002E00F0D180784C794B22681A6037
:1032A000BDE8F081FFF77CFD744CFDF741F86F4AF3
:1032B00000212B781170BBB12268714B1A60BDE8F8
:1032C000F0810D200CF0CAF9CFE76C4C01226D4B58
:1032D0006D4920681A700860FDF72AF8634A0021DA
:1032E0002B781170002BE7D1012109200CF0B6F9E1
:1032F00000210A200CF0B2F92268614B1A60BDE887
:10330000F08194F8BC70002694F8BD1014F8078082
:1033100021445E48E65511F01DFA012D04F807809E
:103320009BD094F8BB7094F8BC1014F8078021442B
:103330005748E65511F00EFA022D04F807808CD09C
:1033400094F8BA7094F8BB1014F8078021445148DF
:10335000E65511F0FFF9032D04F807803FF47DAF27
:1033600094F8B97094F8BA1014F8078021444A48C8
:10337000E65511F0EFF9042D04F807803FF46DAF26
:1033800094F8B87094F8B91014F8078021444348B1
:10339000E65511F0DFF9052D04F807803FF45DAF25
:1033A00094F8B77094F8B81014F8078021443C489A
:1033B000E65511F0CFF9062D04F807803FF44DAF24
:1033C00094F8B67094F8B71014F807802144354883
:1033D000E65511F0BFF9072D04F807803FF43DAF23
:1033E00094F8B57094F8B61014F8078021442E486C
:1033F000E65511F0AFF9082D04F807803FF42DAF22
:1034000094F8B47094F8B51014F807802144274854
:10341000E65511F09FF90C2D04F807807FF71DAFDA
:1034200094F8B050334694F8B110665D20482144BA
:10343000635511F08FF966550FE709200F4C0CF01A
:103440000DF931460A200CF009F90A2219494FF604
:10345000FF700FF021FCFCF76BFF2DE72C0F012014
:103460009D130120C713012092130120A0130120F6
:10347000C8130120C5130120C61301204C130120DD
:10348000680C0120A7130120900C012010080120D6
:10349000BC0D0120B80D0120D00D0120CC0D012064
:1034A0000C0801200C0F0120D0B5002004040120DD
:1034B000F8030120780C01202DE9F04F89B0FEF7C8
:1034C00003FC9C4B1B7833B9DFF8709299F80030FD
:1034D000002B00F0B980984DDFF8B882DFF8B8A271
:1034E0000EF0B6F8002840F0C580D8F80000036858
:1034F0001B69984760B1914BD8F800001B78002BEE
:1035000000F0998003685B699847C0B20EF0F4F848
:103510008B4B1B780BB1FBF7D1FE8A480AF052FEA9
:10352000002840F0C880884C237823B1874E337838
:10353000002B40F0EE80DAF8000003681B69984722
:10354000002845D0DAF80000814C03685B69984791
:10355000804BC0B21A78002A40F0D7802368032B32
:1035600000F3C1807C49C95C814200F04281226045
:103570007A4942F210722B6809685B1A934200F292
:10358000A680774A2B6811685B1A142B04D9754BF7
:103590001B78002B40F0C380FCF758FC724B1B7863
:1035A0002BB1724A2B6812689B1A282B3AD8704BA1
:1035B0001B78CBB1FDF7CCFD01F008FD022819D036
:1035C00001F004FD0128044621D009B0BDE8F08FC8
:1035D0005F4C2368472BCBDDFBF7ACFF002840F0A6
:1035E000FE8000232360C3E7FCF7C2F801F0EEFC85
:1035F0000228E5D1012105200CF030F80021062039
:103600000CF02CF801F0E2FC01280446DDD1052085
:1036100000210CF023F82146062009B0BDE8F04F48
:103620000CF01CB8534B1A78002AC0D000221A7034
:10363000FFF7B6FBBBE703685B69984701464E4856
:10364000C9B2FCF757FF63E7424B3B4D1B7843B9C8
:103650004A4C42F20F722B6821685B1A934200F2C7
:10366000CB80DFF83081DFF830A10DF0F1FF0028CA
:103670003FF43BAF0EF030F8414B5FFA80FB1B7814
:10368000032B35D9042B00F0898000233C4A1370AA
:10369000DFF8A89099F80030002B40F099802D4B6E
:1036A0001B78002B00F09480DAF80000594603687C
:1036B0001B68984719E7D8F8004022480AF0D4FD63
:1036C0002368014620461B68C9B298472BE70021B2
:1036D00009200BF0C3FF00210A200BF0BFFF294B8C
:1036E00000221A704DE71C4AD0540133236071E761
:1036F000254AD25C5A45C8D1244ADFF8409002F8E6
:1037000003B001331E4A1370C4E70DF0F5FF2368C0
:1037100060E7FCF70DFE0023237033700BE72B6886
:103720001B48136000F080FF00283FF435AFFBF723
:10373000ABFC31E7921301204C130120AD130120A3
:1037400090130120606D0020A0130120A11301201F
:103750003C100120AE13012078790020680C012074
:1037600088F80020C5130120C8130120900C012007
:10377000347D0020A71301202C0F012084F80020A5
:103780009C130120C7130120C079002010040120E0
:1037900034040120806E0020846E00209F4C84F849
:1037A00004B00DF099FF9E4BC0B21B78E218507028
:1037B000E35C522B38D0452B7FF46AAF44287FF46A
:1037C00067AF0023964A1370964A1370964A137097
:1037D000D8F80000594603681B68984785E6002121
:1037E00009200BF03BFF914B01221A70FFF758FCA8
:1037F000F7E601332360BBE61721DFF864828C48CB
:103800000DF090FF8B480BF067FAD8F800308A4A29
:10381000DFF850A213602A682260DAF80020CAF8A4
:103820000030C8F800205BE6844C3128844BC8F88F
:103830000040CAF8003000F0BC80322800F0C2809E
:103840000024DFF8E0917F4B40F606027E4ECDF873
:1038500008B0B346CDF8149093E8030006AB83E8B4
:10386000030043F20E03ADF81A20ADF81E30CDE987
:1038700003A85BF804AF132174480DF053FF5146C1
:1038800000230A226B480BF043FA6A480BF024FA33
:10389000236851460022DB692046984764200BF0DC
:1038A00089FE2368FF2120461B68984701E05B6979
:1038B0009847236820461B69984703462046002BFB
:1038C0002368F4DC4FF000095B68082206A99847DA
:1038D0004F46D5F800804E46CDF804902368204628
:1038E0001B69984700280FDD236820465B699847CD
:1038F00087F00103C0B2B52814BF002303F0010311
:10390000E3B9FFB90136E9E72B68A3EB0803B3F588
:103910007A7FE3D3019B63BB4D4B5B45A9D12E213D
:103920004C48DDE902BADDE904890DF0FBFE4148AF
:103930000BF0D2F900233A4A1370ABE600260136A9
:103940000127CBE7B6FA86F2B5284FEA521208BF34
:10395000002212B11F460126C0E7A6F1010362282A
:10396000B3FA83F34FEA531336D0ABB317460226AC
:10397000B4E7544606212948DDF808B0DDF8149074
:10398000DDE903A80DF0CEFE1C2133480DF0CAFE80
:10399000214600230A2227480BF0BAF925480BF0EC
:1039A0009BF906212D480DF0BDFE22480BF094F93D
:1039B000C0E70123DFF86C90002289F800301A4B31
:1039C0001A7040E71C46DFF85C900023012289F85A
:1039D0000030154B1A7036E7622814BF002303F03D
:1039E000010313B11F46022678E7022E02D1814659
:1039F000032673E7032EA2D1B9F1050F0CD0B9F15C
:103A0000060F08BF0828019B4FF004060ABF0127D4
:103A100000273B46019361E704265FE7100401207D
:103A20009C130120AD130120AE130120C713012008
:103A3000B02D0020F06C002090FA0020206E0020B5
:103A4000C06D0020801C0020C8790020C82D0020F7
:103A5000EC790020042E0020DC2D0020FC2D00201D
:103A6000806E0020846E002090F8A32090F8A200C1
:103A7000101A704790F8A23090F8A3209A4205D906
:103A80005A1C034480F8A220987E70474FF0FF3004
:103A9000704700BF2DE9F0410446D0F8B800072276
:103AA00015490368651E154FE61C5B68DFF85080FA
:103AB0009847D4F8B8003946012203685B689847F4
:103AC00015F8011F0F290DD900231022D4F8B800D2
:103AD0000BF01EF9B542ECD1D4F8B800BDE8F041C6
:103AE0000BF0FAB8D4F8B8004146012203685B68CD
:103AF00098472978E8E700BF34220020384E00209C
:103B00003C2200202DE9F84F0446D0F8B8000722E7
:103B10006F490368651EB4F800A0E61C5B686D4F32
:103B2000DFF8DC81B4F900B09847D4F8B800394622
:103B3000012203685B68984715F8011F0F293BD9DC
:103B400000231022D4F8B8000BF0E2F8AE42ECD11A
:103B50005FFA8AF5D4F8B80006225F492F1F036880
:103B6000FFB25B68282F28BF28279847042D2CD048
:103B70000025DFF86081DFF8889109E00135002336
:103B80001022D4F8B800EDB20BF0C2F8AF421CD945
:103B9000D4F8B8004146012203685B68984716F8DC
:103BA000011F0F29EAD8D4F8B8004946012203685A
:103BB0005B6898473178E1E7D4F8B80041460122C4
:103BC00003685B6898472978BAE7BBF1000F29DBE7
:103BD000D4F8B8000822414903685B689847514609
:103BE000D4F8B8000BF06CF8D4F8B8003C490922BE
:103BF00003685B689847A17839B14B1E042B60D8E5
:103C0000DFE803F02B3845521E00D4F8B800072235
:103C1000344903685B689847D4F8B800BDE8F84FAA
:103C20000BF05AB8D4F8B85014222F49CAF30E0A30
:103C30002B6828465B68984728460BF04DF8C7E785
:103C4000D4F8B8000B22294903685B689847D4F878
:103C5000B800BDE8F84F0BF03FB8D4F8B8000A221E
:103C6000234903685B689847D4F8B800BDE8F84F6B
:103C70000BF032B8D4F8B80007221E4903685B681D
:103C80009847D4F8B800BDE8F84F0BF025B8D4F841
:103C9000B8000D22184903685B689847D4F8B8004B
:103CA000BDE8F84F0BF018B8D4F8B8000B22134950
:103CB00003685B689847D4F8B800BDE8F84F0BF08C
:103CC0000BB800230A22D4F8B8000BF021F8A3E7C0
:103CD00034220020384E00204022002060220020A4
:103CE0006C2200207822002048220020B0220020F0
:103CF000802200208C22002094220020A422002078
:103D00003C22002030B482B00C4602AB03E906002E
:103D1000C37C002B30D072B6C37CDA0708D54FF0D5
:103D2000E0214569D1F880212A408262C1F88021D2
:103D30009D0708D54FF0E0218569D1F884212A40FC
:103D4000C262C1F88421590708D54FF0E021C56946
:103D5000D1F888212A400263C1F888211A0708D5C2
:103D60004FF0E021056AD1F88C212A404263C1F866
:103D70008C21DB062FD462B683689C4235D0224B5F
:103D800084609B69214AC3F30111C3F3826352F833
:103D900021100133B1FBF3F2CCB1944227D8B2FB2E
:103DA000F4F3B2FBF3F294422CD3B3F5817F20D32A
:103DB000174CC460036803220020019918615A62FD
:103DC00001221C6419661A6102B030BC7047994226
:103DD000EFD3531CE9E74FF0E022416AD2F890316B
:103DE0000B408363C2F89031C5E7C468E2E7002462
:103DF000DFE7022BFBD9023B5A08140244EA0244D3
:103E00001C43D6E71A46E4E700C00F408426002092
:103E1000FF7F7F002DE9F0470446B0F90030017ABA
:103E2000D4F80520C3F30E03C5884079C4F80421F3
:103E3000A278052A56D0043BE27AB4F80D501BB2A2
:103E400094F80E9002F0030794F80D800E2BB4F84E
:103E50000FE0E17BB4F811C021DC0026B246607AA5
:103E6000012826D0292832D801282DD9831E272BB6
:103E70002AD8DFE803F0717A6852292952292929C2
:103E8000292929295F622965838A912929292929D4
:103E90002929982929292929292929295252102BE8
:103EA000B4F8136040F3B380607AB4F815A0012829
:103EB000D8D1A4F8D470A4F8CE50A4F8D0E0A4F8D7
:103EC000D2C080B2BDE8F0870020BDE8F087F128BD
:103ED000FAD194F8BC30002B79D1072AF1D184F8BB
:103EE0001091EEE7627A237941EA0221628943EA7E
:103EF0000023A4F8F050A4F8F4202A20A589E28930
:103F0000A4F8EE30238AA4F8F210A4F8FA50A4F82A
:103F1000FC20A4F8FE30BDE8F087A4F8F870A4F8FF
:103F2000EE50A4F8F0E0A4F8F2C0A4F8F460A4F80D
:103F3000F6A0C6E784F80081C3E7A4F802C1C0E791
:103F400084F80881BDE7A4F8DC70A4F8D650A4F882
:103F5000D8E0A4F8DAC0B4E7A4F8E470A4F8DE501E
:103F6000A4F8E0E0A4F8E2C0ABE7A4F8EC70A4F891
:103F7000E650A4F8E8E0A4F8EAC0A2E7A4F81251D9
:103F8000A4F814E1A4F816C19BE7A4F81851A4F80A
:103F90001AE1A4F81CC194E7A4F81E51A4F820E18A
:103FA000A4F822C18DE76FF00E0004F10F0204F1B6
:103FB000170584F80991001B01E012F8011FD4F8DD
:103FC0000C31AA4213441954F7D1607A79E7D4F836
:103FD000B85001220F492B6828465B68984728464D
:103FE0000AF07AFEE37A072BEFD194F8BC3053B194
:103FF000D4F8B850142208492B6828465B689847C3
:1040000028460AF069FE94F80E90607A67E74FF050
:10401000000A24E79C200020BC220020F8B51D46A1
:1040200090F824311646B0F9EE205B42B0EE000B5A
:1040300007EE102A044607EE903A0F462DED048B4A
:10404000B8EEE79BB8EEC78AB0EE491B0DF064FDF1
:10405000B7EEC87AB4F9F030B0EE491B27EE007B1A
:10406000B0EE000BB7EEC77B87ED007A07EE103A93
:10407000B8EEC78A0DF050FDB0EE406BB4F9F230E7
:10408000B0EE491BB7EEC87AB0EE000B27EE067B08
:10409000B7EEC77B86ED007A07EE103AB8EEC78A16
:1040A0000DF03AFDB0EE406BB4F9F430B0EE491BC0
:1040B000B7EEC87AB0EE000B27EE067B06EE103A9C
:1040C000B8EEC68AB7EEC77B85ED007A0DF024FD09
:1040D000B7EEC86AB0EE407BB4F9F630B0EE491BDB
:1040E000B0EE000B26EE076B07EE103A0A9BB8EE17
:1040F000C78AB7EEC66B83ED006A0DF00DFDB7EE13
:10410000C87A0B9AB4F8F83027EE007BB7EEC77B7D
:1041100082ED007A0C9A1370BDEC048BF8BD00BFE1
:1041200070B56424174E05460DE090F8A33090F862
:10413000A22001209B1A002B10DC0BF03BFA631E1F
:1041400013F0FF040CD0D5F8B00003681B69B3422C
:10415000EBD0984703460120002BEEDD012070BD17
:1041600095F8BC000028FAD0D5F8B8500B220649C3
:104170002B6828465B68984728460AF0ADFD204624
:1041800070BD00BFF14B00000C220020F8B57D246B
:10419000184F054606E001200BF00CFA631E13F0E1
:1041A000FF0416D095F8CA000BF082FA78B195F8A2
:1041B000BC30002BEFD0D5F8B86008223946336800
:1041C00030465B68984730460AF086FDE3E70120F9
:1041D000F8BD95F8BC000028FAD0D5F8B8500F22E9
:1041E00005492B6828465B68984728460AF074FD05
:1041F0002046F8BD1822002024220020002900F0CB
:104200009A802DE9F843064689460025DFF82C817F
:104210004F46012396F8B4101C2FD6F8B00028BFE3
:104220001C273A1DD2B209F033FE3046FFF778FF63
:10423000002868D0D6F8B00003685B69434568D1B0
:1042400090F8A23090F8A3209A4217D9013380F851
:10425000A230D6F8B00003685B69434560D190F89E
:10426000A23090F8A3209A4208D9013380F8A230F6
:10427000D6F8B00003685B69434558D190F8A23086
:1042800090F8A3209A4208D9013380F8A230D6F8DA
:10429000B00003685B69434537D190F8A23090F8CD
:1042A000A3209A4204D9013380F8A230D6F8B00096
:1042B000002419E090F8A23090F8A3209A4203F16C
:1042C0000102034435D980F8A220987E01347F2D65
:1042D00005F1010206EB0503E4B201D895B21871AD
:1042E000BC4208DAD6F8B00003685B694345E1D008
:1042F0009847C0B2EAE7A9EB07071FFA87F9B9F1B7
:10430000000F85D10120BDE8F8839847D6F8B000AA
:10431000CEE79847D6F8B00003685B6943459ED066
:104320009847D6F8B00003685B694345A6D0984724
:10433000ADE7FF20CAE70120704700BFFD4B00003A
:104340002DE9F047D0F8B05082B00446002D78D067
:1043500090F8B41001230422284609F099FD204664
:10436000FFF7DEFE002872D0D4F8B000964D036847
:104370005B69AB4240F00F8190F8A23090F8A32027
:104380009A4240F217815A1C034480F8A2209E7E74
:10439000D4F8B00003685B69AB4240F0F68090F857
:1043A000A23037B290F8A3209A4240F205815A1CFD
:1043B000034480F8A22093F81A80C146D4F8B000D4
:1043C00003685B69AB4240F0D8804FEA09290FFAD5
:1043D00089F990F8A23090F8A3209A4240F2F18037
:1043E0005A1C034480F8A22093F81AA0D4F8B00015
:1043F00003685B69AB4240F0BD8090F8A23090F852
:10440000A3209A4240F2D4805A1C80F8A22018447B
:10441000837E49EA0701267084F80180C1F30E010A
:1044200084F802A0E37091B10439204689B2FFF705
:10443000E5FEA078012800F09580012002B0BDE8DB
:10444000F08790F8CA000BF033F9012803D100205F
:1044500002B0BDE8F087D4F8C4205C4BD4F8C000AB
:10446000CDE9002302AB13E90600FFF74BFC294618
:1044700094F8C8000BF0F2F8D4F8C06033685D66B9
:10448000DA6D12F4F81FFBD05D6F0022EDB25A66B0
:10449000DA6D12F4F81FFBD0586F00215FFA80FC30
:1044A0005966D96D11F4F81FFBD05F6F0021FFB280
:1044B0005966D96D11F4F81FFBD045EA00205B6FF7
:1044C0002570C0F30E0584F801C0A770E370002DBD
:1044D00064D0291F89B281B10020FF25271D3268D1
:1044E0005566D36D13F4F81FFBD07F28536F98BF28
:1044F0003B54013083B28B42F1D3012194F8C800C0
:104500000BF0ACF8D4F8C020D37C13B3DE0704D58D
:10451000906A4FF0E021C1F800019D0704D5D06AF0
:104520004FF0E021C1F80401580704D5106B4FF09B
:10453000E021C1F80801190704D5506B4FF0E021C4
:10454000C1F80C01DB0604D5926B4FF0E023C3F8F1
:10455000102194F8BC30002B3FF46BAF2046FFF7DE
:10456000D1FA66E72379012B7FF472AF184684F8FD
:10457000CC306DE79847C3B24BE74FEA092998471B
:104580000FFA89F95FFA80FA30E7984781465FFAB7
:1045900080F837B212E79847C6B2F9E694F8BC3013
:1045A000002B3FF454AF2046FFF774FA28464FE73C
:1045B000FF232EE7FF273E466FF0FF094FF0FF086D
:1045C00007E74FF0FF0A18E7FD4B0000070000C0A7
:1045D00010B5044690F8CA00FF2803D00BF068F825
:1045E000012812D02046FFF7ABFE70B1A378032B51
:1045F0000DD0022B06D0052B07D12046BDE8104078
:10460000FFF708BC2079F12806D0002010BD2379DF
:10461000FB2BF2D00020F9E7A379072BF6D1637AC0
:1046200084F8103110BD00BF08B5FFF7D1FF003886
:1046300018BF012008BD00BF2DE9F0430C46D0F89B
:10464000B070111D83B0054616465FFA81F9002F40
:1046500060D090F8B43049465B0087F8A53001235C
:1046600087F8303187F82F31D0F8B00003681B6825
:104670009847D5F8B000002103681B689847D5F823
:10468000B00021462C4403681B689847D5F8B00059
:1046900094F8841003684A1C1B6884F884209847A7
:1046A0006EB1013E2B1DEC1C53FA86F6D5F8B00016
:1046B00014F8011F03681B689847A642F6D1012130
:1046C000D5F8B00009F064FB044628B94FF00108A2
:1046D000404603B0BDE8F08395F8BC302BB94FF0ED
:1046E0000008404603B0BDE8F083D5F8B8002B229F
:1046F00045494FF0000803685B689847D5F8B85003
:1047000000230A22214628460AF002FB28460AF026
:10471000E3FADDE7FFF73AFD80460028DFD0D5F861
:10472000C430D5F8C0000093384B019302AB13E9B5
:104730000600FFF7E7FA394695F8C8000AF08EFF41
:10474000D5F8C0100B68C3F86490DA6D12F4F81F46
:10475000FBD05A6F00225A66DA6D12F4F81FFBD0B4
:104760005A6F5C66DA6D12F4F81FFBD02C445B6F55
:1047700094F884305A1C84F884200A685366D36DF8
:1047800013F4F81FFBD0536F76B1701E2B1DE91C7C
:1047900053FA80F011F8013F5366D36D13F4F81FFC
:1047A000FBD08842536FF5D1012195F8C8000AF07B
:1047B00055FFD5F8C020D37C002B87D0DD0704D56A
:1047C000906A4FF0E021C1F800019C0704D5D06A3F
:1047D0004FF0E021C1F80401580704D5106B4FF0E9
:1047E000E021C1F80801190704D5506B4FF0E02112
:1047F000C1F80C01DB067FF569AF926B4FF0E02347
:10480000C3F8102164E700BFE0210020070000C0CA
:10481000012210B5114602710446FFF70DFF322048
:104820000AF0C8FE2046FFF78BFD0028FAD132209F
:104830000AF0C0FE2046FFF783FD0028FAD110BD24
:10484000FF2B70B5044680F8B410C0F8B02080F893
:10485000CA3003D0022118460AF03CFF2046FFF779
:10486000D7FF0222F92320461146A380FFF7E4FE7A
:104870002046FFF765FD18B12379F82B01D0002001
:1048800070BD94F8BC50002DFAD0D4F8B8001422B2
:10489000254903685B689847A17900231022D4F862
:1048A000B8000AF035FAD4F8B80015221F49036899
:1048B0005B689847E17900231022D4F8B8000AF029
:1048C00027FAD4F8B800A6681322036818495B6871
:1048D0009847314600231022D4F8B8000AF018FA9D
:1048E000D4F8B800E6681422036812495B68984758
:1048F000314600231022D4F8B8000AF009FAD4F89F
:10490000B80015220C490368268A5B689847D4F8DA
:10491000B84000231022314620460AF0F9F920461B
:104920000AF0DAF9284670BDD4220020EC220020DB
:104930000423002018230020302300204FF47A7332
:1049400040F6FD0203FB01F110B442600A1200249C
:10495000417282720A14090E0472C272112201732A
:1049600002214473C481046104755DF8044BFFF7B0
:1049700063BE00BF8A0030B5044683B001800D4697
:10498000C180104601920EF09DF9019AE06068B175
:104990000A4B00212361636100236180A180A36031
:1049A0000DB10FF09FF9204603B030BD034A00213E
:1049B0002060A080A16022616261F4E70000C07FF6
:1049C00010B50446C06808B10EF084F9204610BD49
:1049D000C26842B38388D0ED027A02EB83020133CE
:1049E000C18892ED007A9BB277EEC77A8B4208BFFE
:1049F0000023C0ED027A82ED000AD0ED027A8380B6
:104A000077EE807A4388C0ED027A6BB1D0ED047AFC
:104A1000F4EEC07AF1EE10FA0BDD80ED040A994253
:104A200001D901334380704780ED050A80ED040A07
:104A3000F5E7D0ED057AF4EEC07AF1EE10FA48BF52
:104A400080ED050AEBE700BF10B44488FCB1C268F2
:104A5000611E9FED117A89B2131DF0EE477A80ED49
:104A6000027A03EB810192ED007A8B421A4603F140
:104A7000040377EE877AC0ED027AF4D107EE104A8C
:104A80005DF8044BB8EEC77A87EE870A70479FED52
:104A9000030A5DF8044B7047000000000000C07F6F
:104AA00070B5094E04460D46304609F0CBF8304645
:104AB00016F006FF4FF48061002280232046257007
:104AC0006180A280A37170BDCC6F002041807047CF
:104AD000818070478171704770B5054601260F4C83
:104AE00000212B78204684F83061B34084F82F6190
:104AF00084F8A53009F072F83146204609F048F9EB
:104B0000334602222978204609F0C2F994F8A3001E
:104B100094F8A230C01A18BF012070BDCC6F0020DD
:104B200070B505460126194C00212B78204684F8E3
:104B30003061B34084F82F6184F8A53009F04EF855
:104B40003146204609F024F90222297833462046CE
:104B500009F09EF994F8A22094F8A350AA4211D229
:104B60009319A118DBB291F91A009D424FEA002077
:104B700084F8A23006D9234402329B7E84F8A22016
:104B8000184370BD4FF0FF3070BD00BFCC6F0020E8
:104B9000034670B55A8801269C88114D3146224340
:104BA0009C791B78284644F0030485F83061B340B3
:104BB00085F82F61144385F8A53009F00FF8A4B2E9
:104BC000284644F40144210A09F008F82846E1B2D5
:104BD00009F004F831462846BDE8704009F0D8B81D
:104BE000CC6F002068B161B1002210B4048801329A
:104BF000012C0AD0914200F11000F7D15DF8044B6E
:104C000070474FF0FF329A607047027A1A74427A06
:104C10005A74827A9A74C27A9C60DA745DF8044B92
:104C2000704700BF4B684360704700BF70B50D46CA
:104C300088B00446164601A9284603F055F901300C
:104C400004D0019B0120736008B070BD0023059360
:104C5000A36004930793CDE902330123ADF8043038
:104C6000ADF81430164B06934FF45453ADF806309C
:104C700004F078FE04F0D4FF0346227901A80293E1
:104C800063798DF80C208DF80D30A279E3790495C5
:104C900007948DF80E208DF80F3001F045FF0028A5
:104CA000D2D0A368002BFCD0A368013302D0A06847
:104CB000012802D0002008B070BD23697360C3E7EB
:104CC0006D5D000000207047704700BF014B186801
:104CD000704700BF4C130120036818470B6803603E
:104CE000704700BF0B680360704700BF704700BF8C
:104CF00010B5044609F008FF204610BD704700BFFC
:104D0000704700BF002938B51546104B14BF01226B
:104D100000221A7006D0044604F024FE04F038FE87
:104D200030B138BD01F092FEBDE8384001F078BEE8
:104D30000748046001F00AFE0028F2D0204601F086
:104D400085FE2968BDE8384001F0B2BE9613012007
:104D5000B80001202DE9F04FDFF864829BB00F46C8
:104D6000D8F800A0CDE9010204F0FCFD04F0BCFD80
:104D7000002840F0D780824A136813B94FF480337B
:104D80001360804B1B68002B00F0EE80DFF834B21C
:104D9000DBF800301BB94FF40063CBF80030DFF8CC
:104DA000289299F80000002800F0D98080000AF0CD
:104DB00077FF034699F80000734D80002B600AF0DE
:104DC0006FFF686099F8000040000AF069FFA86072
:104DD00099F8000040000AF063FFE86099F80000CD
:104DE00080000AF05DFF286199F8000080000AF059
:104DF00057FF034699F80000644A400013600AF028
:104E00004FFF686199F8000040000AF049FF024630
:104E100099F800005E4B80001A600AF041FF5D4B7C
:104E2000186099F800000AF03BFF5B4A99F80030DF
:104E300010602BB30026039734462F680136DBF849
:104E400000000AF02DFF47F824006F68DBF800002F
:104E50000AF026FF47F8240004202F690AF020FFFB
:104E60004A4B47F8240000211B684B4A43F82410A2
:104E700013681955F4B299F80030A342DDD8039FA6
:104E8000404B08A81B6808933D4B1B680993434B94
:104E90000A93434B0B9306F099F801305BD00199CC
:104EA0000622404804F05CFE013054D004F05AFD64
:104EB000002850D004F056FD3B4B3C4A0693136843
:104EC000059013F0010F3A4B03D1029919600121AB
:104ED000116005A8079312AC02F0C0F8354B0EA97B
:104EE000354A14A80C9312930E92FFF7F7FE214651
:104EF00045F6BF52314809F085FD129B14A8DB68C6
:104F000098470C9B0EA8DB68984704F02BFD01F036
:104F10009DFD01F097FD68B9D8F80030A3EB0A03B6
:104F2000BB4218D204F01EFD01F090FD01F08AFD95
:104F30000028F1D012AC01E0129BE3B904F012FD9D
:104F400001F084FD214601F09BFDD8F80030A3EB71
:104F50000A03BB42F0D300201BB0BDE8F08F08234A
:104F6000202089F8003022E7054B18680AF098FEE7
:104F7000044B18600AE701201BB0BDE8F08F00BFAA
:104F80006C0001206800012000002020600001204A
:104F9000780001207C000120800001205C26002098
:104FA0006C260020087A00208D5E0000A0FE002004
:104FB000C80001207426002039C20000D4730020EC
:104FC0004C1301206400012095130120024B187836
:104FD000C0F10200C0B27047961301200320704751
:104FE00010B5044604F0BEFC04F0D2FC024B0246AD
:104FF0002046C4E9003210BD5824002010B50C46EC
:1050000082B004F0AFFC61680446019104F0AAFC90
:1050100004F0CCFC01990246204602B0BDE81040E5
:1050200004F078BC10B40020054C064B064A074932
:10503000C3E9004006485DF8044B0DF061BC00BFB9
:105040005824002070000120E8730020795E0000E1
:10505000D47300200020704710B4034C4A69C0E9A3
:1050600000425DF8044B704758240020008B7047C5
:10507000C0897047808B80B2704700BF704700BF07
:1050800038B5064D0446807F2B78834200D838BD62
:1050900000F0C8F92B78A37738BD00BF9513012025
:1050A000104B1A7870B504460D460F4E82B1327817
:1050B000827700221A702946022000F0D5F9337851
:1050C000A07783420BD900230120E581A38370BD23
:1050D000807F33788342EED900F0A4F9EBE700201B
:1050E00070BD00BF387D00209513012008B54FF03A
:1050F000000C03460431807FA3F81AC000F04CFB7B
:1051000008BD00BF08B50021807F00F081FB08BD0D
:1051100008B5807F00F07CFB08BD00BF13460A463F
:10512000418B9BB210B50446807F00F003FB638B7C
:105130000344638310BD00BF838B9BB2ABB10122DC
:1051400010B582B00446807F0DF1070100F07EFAB1
:10515000002807DDA38B9DF80700013B9BB2A383CA
:1051600002B010BD4FF0FF30FAE74FF0FF3070474C
:10517000838B9BB2CBB1838B9BB2934210B5044619
:105180000AD912B2807F00F061FA00280ADDA38BF1
:105190001B1A9BB2A38310BD828B807F12B200F0DA
:1051A00055FAF2E74FF0FF3010BD4FF0FF30704777
:1051B00008B5074B827F1B78934206D9838B9BB23D
:1051C0001BB1104600F0A8FA08BD4FF0FF3008BD33
:1051D00095130120F0B5114F0446807F83B03B78D2
:1051E0000E461546834215D8726869460C4B8220DC
:1051F00001922A46009300F0E7F93B78A0778342BA
:1052000005D900230120E581A38303B0F0BD002070
:1052100003B0F0BD00F006F9E6E700BF95130120EA
:105220005824002030B5044687B0807F00F05AFA39
:10523000A08308B907B030BD14480C251449A37FDA
:105240000068096850F8230051F8231002AB114A96
:105250000295126801930DEB05030093002305F0FE
:105260009DFB0D4AA17F0023126822F81130421CD9
:1052700009D09842DEDDBDF80E30059A5BBA626156
:10528000238307B030BD184607B030BD6000012051
:105290000400202064000120140020202DE9F041AA
:1052A0001A4C8AB000260F4690460546059406968D
:1052B000CDE90846CDE9014604F054FB04F084FB37
:1052C00003A9CDE9034005A8FFF7ACFC394605A8C2
:1052D00041F2883301AAFFF7A9FC01280DD1029AF7
:1052E0002B689B6A04920A4A03949342424607D170
:1052F00004A9A87F6E8300F04FFA0AB0BDE8F081E0
:1053000003A9284698470AB0BDE8F0815824002038
:105310007562000003680D4A5B6810B5934282B065
:105320008DF807100CD10446418B01230DF10702C3
:10533000807F00F0FFF9638B0344638302B010BDEC
:1053400001220DF10701984702B010BDA5620000CF
:1053500070B50568124EAD6BB54219D11346828BFC
:10536000044692B2C2B1828B92B293420AD21AB26E
:10537000807F00F06BF900280EDDA38B1B1A9BB217
:10538000A38370BD828B807F12B200F05FF9F2E7D9
:105390002B46BDE8704018474FF0FF3070BD00BF8E
:1053A000F96200001A4B1A6852F82030D3B101217B
:1053B00052F82000072210B584B003AC03910DF120
:1053C0000B031449009405F0E7FB01300CD09DF865
:1053D0000B30042B03D8104AD05C04B010BD012060
:1053E00004B010BD1846704702F0BCF904460A210B
:1053F0000A480CF097F90CF0C9F92146084809F061
:105400005FFC074809F068FC0CF0C0F9DFE700BF5B
:105410006000012017E50300F41D0020D4210020C6
:10542000F06C002070B50D4E044633681A5C0344DE
:1054300052B985000A4E002432681C70505905F09C
:1054400003FA33685C5170BD064B85001B6853F846
:10545000200001F02DFE33682344EBE7800001209B
:10546000600001207C0001202DE9F047DFF8548125
:1054700088B098F80090B9F1000F00F081804C4F8F
:10548000002305460E463A689C4601E0E1455AD99C
:1054900001331168644604325FFA83FC0029F5D1B8
:1054A000444B0121022D1B680391029361D0212DF1
:1054B00005D098F80040204608B0BDE8F0870022EB
:1054C0000846D7F8009004F0D7FF23B249F823002C
:1054D0004FEA84093B6853F80930002BE9D00C22CD
:1054E000002105A876BA05F0BDFE3B6805A90C228F
:1054F00053F809000023ADF8166007930123ADF8B7
:10550000143005F0EDF83B68013053F8090034D051
:10551000042602AB06222849009605F0B9FA3A683B
:1055200002AB254952F809000522009605F0B0FAB1
:10553000212D27D0214B002220461B6823F8142060
:1055400008B0BDE8F0874FF0000A534601E04B4534
:10555000AFD218461C46FFF725FF00F0FB000AF10A
:10556000010A18285FFA8AF3F1D12046FFF75AFFA3
:1055700096E7084600222946A3E705F065F998E773
:105580004C4698E70E4B102206211B6804933B689B
:1055900053F8090003AB009605F07AFA3A6804ABB9
:1055A000054952F809000322009605F071FAC1E797
:1055B000600001206400012017E50300780001204D
:1055C000881C002095130120F0B5022087B00D46FD
:1055D0001146FFF749FF1B4B04461B7883422DD031
:1055E0006B79042728791B04E979AA7925B203EBA2
:1055F0000063154E0B44002103EB02231922059191
:105600001BBA0493336853F825000823009304ABB6
:1056100005F03EFAFF23182200210393336853F864
:10562000250003AB009705F033FA336800211722F9
:1056300053F8250003AB009705F02AFA204607B07F
:10564000F0BD00BF95130120600001202DE9F0415D
:10565000DFF88C80204BD8F800501B6835F810C05C
:1056600005EB40059C4533D0064647000CEB020095
:105670001446834218DC9BB2A3EB0C04A4B279B1AC
:10568000164B084622461B6853F82610614405F065
:1056900059FDD8F8005035F816303D4423449BB2EC
:1056A0002B802046BDE8F08171B10C4B08461B6889
:1056B00053F82610614405F045FDD8F8005035F840
:1056C00016C03D440CEB040028802046BDE8F08164
:1056D0004FF0FF34E5E700BF640001200400202004
:1056E0001400202010B5094B0146094C094A2068D6
:1056F0001C68022350F82100126854F8211005F0AC
:10570000BDF9431C08BF002080B210BD040020205A
:105710006000012064000120044A054B12681B68E8
:1057200052F8202033F81030D05C7047040020205D
:105730001400202070B50E461D46114604B23344B5
:10574000B3F5006F124B13DB1B68C6F5006553F809
:1057500024002A46304405F0F5FC0E4BA8B21A6826
:1057600032F814309B1B03F5006322F8143070BD2F
:105770001B682A4653F82400304405F0E3FC054B2F
:1057800028461B6833F81420154423F8145070BDC4
:1057900000002020080020200B780BB94B783BB389
:1057A000002A2DD003B292FA92FC002010B4154CBE
:1057B000226822F81300144A0C78106850F823006D
:1057C000047010684C7850F82300447010688C788E
:1057D00050F8230084701468C8780C4A54F82310D9
:1057E000C870012012685DF8044B22F813C070479E
:1057F0008B78002BD4D1CB78002BD1D118467047B1
:105800001046704708002020100020200C002020A7
:1058100010B5194B86B0194C84461B6801222068CC
:105820000C24ADF80C2050F82C0033F81C200B464B
:10583000ADF80E2042780178120402EB0162C178C3
:1058400080780A440E4902EB0022096812BA51F826
:105850002C000C4905920C4A0968126851F82C106A
:1058600032F81C2001946C44009405F017F80130C4
:1058700018BF012006B010BD0C0020201000202011
:1058800060000120000020200800202040BA80B2E3
:10589000704700BF00BA7047002070474E494F4A1A
:1058A000F8B5CB6E04464E4D43F44063CB664D4B8A
:1058B000C2F8E850C2F8E430D2F8E030002BFBDA4E
:1058C00049484FF4803349494FF4004EC2F8E8305C
:1058D0000522436843F2E907454E4FF0000C19409A
:1058E000444B012541F4003141604BF2E901C3F81A
:1058F000742100F5A610C3F87821726800F5806065
:1059000042F4404272600322C6F884E04FF4804EB5
:10591000C6F888E0C3F87C73C3F88473C3F88013B7
:10592000C3F89873C3F88813C3F88C13C3F89013A3
:105930003121C3F894131621C3F89021C3F88C21A8
:10594000C3F8A411C3F8A821C3F89421C3F8A02177
:10595000C3F89821C3F89C21C3F8B8C1C3F8B4C1F7
:1059600002232549036345638563C5630564C562F6
:10597000224D4868224B2A68A3FB0232920C520047
:105980004B681B1A9A42FBD8194B4FF48042C3F85C
:10599000842012221B4B5A6403F13B73486803F5C1
:1059A00017332A68144903F28323A3FB0232920CB3
:1059B00002EB82024B681B1A9A42FBD84FF420720A
:1059C0001821204602F026F881221721204602F0F5
:1059D00021F80020F8BD00BF00C00F4000800D403E
:1059E0000F1001000120210000C00A40FFDF7DFFF1
:1059F0000040004200801F40001000E0CC6C0020FE
:105A000083DE1B4300802D40014B187903F0EAB878
:105A100000ED00E0102830D9194B1A4A9B6830B5C8
:105A200053F82040944218BF43F8202010389F2894
:105A30004FEA501C1FD8144C0F2900F01F054FF0DF
:105A4000010204EB8C0E04EB000302FA05F228BFFE
:105A50000F21DEF88001C1F10F0110430901CEF8DA
:105A6000800154F82C00C9B20243002044F82C20D5
:105A700083F8001330BD002030BD4FF0FF30704779
:105A800000ED00E0916B000000E100E008460BF043
:105A900033BE00BF0BF0DCBD0BF01EBEE0B10369EE
:105AA0001B78012B18D1C3681A68AAB1A1B1136879
:105AB000D3F8E430CB704FEA136C180C1B0A81F852
:105AC00000C0487000208B701368D3F8E8301A0EBD
:105AD0001B0C0A714B7170474FF0FF30704700BFCD
:105AE00070B103691B78012B0AD1C36800201B68C1
:105AF0001B68D3F80422D3F88432C1E9002370472D
:105B00004FF0FF30704700BFC3681A6813685968C8
:105B1000890104D54FF00071D160596070474FF092
:105B2000FF325A60704700BFC0684FF40003890419
:105B300030B4046801F4F80164686360A568A36880
:105B400023F40003A360037ADB0503F078630B43BF
:105B50000D4919434FF48033216401E0013B0BD020
:105B600061680902FAD54FF4000300206360A56064
:105B7000236C138030BC70474FF400034FF0FF30AC
:105B80006360A560F6E700BF0000026030B4C4683F
:105B900089044FF40003256801F4F80069684B603C
:105BA0008D688B6823F400038B60237ADB0503F098
:105BB00078631A434FF4803302430B481043086460
:105BC00001E0013B09D04A681202FAD54FF4000304
:105BD00000204B608D6030BC70474FF400034FF0E5
:105BE000FF304B608D60F6E70000025070B3F8B5EF
:105BF000036907461B78012B25D1C3680C461E6834
:105C000009B306B306221349204605F035FBD0B18F
:105C100006221149204605F02FFBA0B1237813F08E
:105C2000010510D12368384632681BBAC2F8E43047
:105C3000637921791B0443EA0163C2F8E83001F07B
:105C40003BFE2846F8BD4FF0FF30F8BD4FF0FF3067
:105C5000704700BFD42C0020CC2C002038B5C3687E
:105C600000224FF0FF35044619680B6888685A64B3
:105C70005A629A605D6003F015F82046BDE838402E
:105C800001F00EBEC3689A692DE9F043064683B061
:105C90001D6812B1904700286DD12B6801225A620D
:105CA0005C6A14F00104FBD1286B4FF0FF329C605A
:105CB0000C275A6000F13F0300F18E02ED3023F013
:105CC0003F03A14622F03F0220F03F006B616FF0DE
:105CD0007F086B62AA612A621F805C80FFF7DAFD91
:105CE0000246286B6B6900F22A705A6020F03F0070
:105CF0001A7A1F7240F23D675A7A5C729A7A9C72E5
:105D0000DA7ADC72FFF7C6FD6B69AA69D8600223F4
:105D10002B7707FB04F1286B02EBC40312F834C0A5
:105D200001F6675102F834805A78084483F80190EC
:105D30009A7820F03F0083F80290DA7883F8039095
:105D4000FFF7A8FDAA69E30001341344042C58604E
:105D5000DFD169696C770B89A86843F020030B8158
:105D6000138B2C4943F02003138323462A4A0096C1
:105D700002F058FF10B103B0BDE8F0832B6840F289
:105D8000FE5C6A68C3F82001C3F82401C3F8180157
:105D9000C3F81C01D5E90517C3F888C1C3F88071A1
:105DA000C3F884111D49C3F884101821C3F8C440F6
:105DB000C3F8C0114721C3F8C4114FF48071C3F870
:105DC00044110F21C3F89001304631626E215164B5
:105DD0004FF00071022299605A6201F045FE0028DE
:105DE000C9D12B684FF000424FF08071C3F8E40036
:105DF000C3F8E8005A66C3F80402C3F884025A6E76
:105E000022F000425A66C5E90A00196103B0BDE8F4
:105E1000F08300BF916C0000497000000401FE0592
:105E2000C36870B51C6882B0236A1A88110644D40E
:105E300005464FF0807624E01A8812F47C5F0CD17E
:105E40005868FFF727FD236A01905888FFF71EFD69
:105E500001990246284601F091FC236A21681A88BC
:105E600002F020021A801A8842F080021A801A88F2
:105E700090064CBFA369083323620E611A8812068C
:105E80001BD41A881207D7D4236A21681A880833CA
:105E900002F0200223F8082C33F8082C42F080028C
:105EA00023F8082C33F8082C900648BFA3690E612C
:105EB0001A881207EAD50E61D1E702B070BD00BFA3
:105EC00038B5C36804461D6802F01AFFEB689A01F2
:105ED00003D4BDE8384002F01BBF23F00073204616
:105EE000EB60FFF79DFFBDE8384002F011BF00BF37
:105EF00070B50D46002931D04B690D2B2ED9C368E2
:105F00001E68726A138813F08004FBD15068FFF793
:105F1000C1FC2146034604464FF0FF32284603F0F9
:105F2000C5F9AB69990620D5686980B2746AFFF734
:105F3000ADFC726A6080138843F080031380BFF366
:105F40005F8F736A1A8892060DD4083332687362C1
:105F50005369002BFCD14FF0807353612846BDE894
:105F6000704003F0F1B97369F0E7A3896869082B01
:105F700019D04DF686529342D7D12728D5D9227D04
:105F80002823002AD1D003F10E01062A0C441ED08A
:105F9000112A15D0012AC8D104339842C5D3002351
:105FA000A370E370C1E71328BFD9A38A23F040038D
:105FB000002BBAD1A37BE27D9B0003F03C03E0E71A
:105FC00008339842B1D30023A371E371ADE71433D2
:105FD0009842AAD3002323746374A6E7C3684FF0E2
:105FE000FF3C30B501EB0C001F4C1D6801F1050EA4
:105FF00010F8012F082305E0013B4FEA520284EA22
:106000005C0C09D082EA0C01C907F5D4013B4FEAC8
:106010005C0C4FEA5202F5D18645E9D1CCF384629B
:106020000123BCF1000F03FA02F32A680DDBD2F85A
:106030002411194203D0AA6A1A43AA6230BDD2F8C9
:1060400024110B43C2F8243130BDD2F8201119427B
:1060500003D0EA6A1A43EA6230BDD2F820110B433A
:10606000C2F8203130BD00BF2083B8EDC3684FF0C7
:10607000FF3C30B501EB0C001A4C1D6801F1050E18
:1060800010F8012F082305E0013B4FEA520284EA91
:106090005C0C09D082EA0C01C907F5D4013B4FEA38
:1060A0005C0C4FEA5202F5D18645E9D1CCF384620B
:1060B0000123BCF1000F296803FA02F308DBAA6A86
:1060C000D1F8240162EA03030340C1F8243130BD52
:1060D000EA6AD1F8200162EA03030340C1F82031E3
:1060E00030BD00BF2083B8ED38B51D461346EA1C0D
:1060F0008A420AD8457004462A46023503700230A7
:10610000049905F01FF8601938BD002038BD00BFA4
:1061100030B5D0E90025531C9D4202D83AE09542A3
:1061200038D9147813460132002CF8D0FF2C31D026
:106130005A7802321A4495422CD302601C7893F8A4
:1061400001C0013C3A2C22D8DFE804F01E216E2168
:1061500021632121212121212121212121212121ED
:10616000212121212121212121212121212121211F
:106170002121212121212121212121212121594DAB
:1061800043392121212F2500BCF1040F57D0531C86
:106190009D42C6D830BDBCF1040FF8D1D3F802300F
:1061A0008B61531C9D42BCD8F4E7BCF1040FEED1C7
:1061B000D3F802304B61531C9D42B2D8EAE7BCF1E0
:1061C000040FE4D1D3F80230CB60531C9D42A8D811
:1061D000E0E7BCF1010FDAD19B7881F82030531C45
:1061E0009D429ED8D6E7BCF1010FD0D19B78032BFE
:1061F000CDD881F82130531C9D4292D8CAE7BCF11A
:10620000040FC4D1D3F80230CB61531C9D4288D80F
:10621000C0E7BCF1030FBAD9D3F802300B61531CAD
:106220009D423FF67EAFB5E7BCF1030FAFD9D3F87F
:1062300002308B60531C9D423FF673AFAAE7D3F840
:1062400002304B60531C9D423FF66BAFA2E700BF8C
:106250002DE9F041044686B00C200F4602AB03AA9C
:10626000264602900193002300924FF40A7256F8DA
:10627000340B314604F092FB054607F0A3F9A369FD
:10628000C01A636998424BD2EF2D04DC00252846E2
:1062900006B0BDE8F08194F83430022BF6D1D4F882
:1062A0003880A06AFFF7F6FA8045EFD194F83620DF
:1062B000062AEBD104F1200104F1500004F0DCFFC8
:1062C0000028E3D10422184904F5907004F0D4FFAB
:1062D0000028DBD12421384604F0C8FF636C04F1A8
:1062E0002C0039463B6004F59273E3626B1E1E443A
:1062F0002663FFF70DFF97F82130002BC7D09A07D0
:106300004CBF04F1600204F1A002DB07E2624CBF63
:1063100004F21F1304F19F032363FFF7F9FEB6E7AE
:106320004FF0FF35B3E700BFC82C00202DE9F04344
:1063300000F13407044689B04FF40A713846062547
:1063400004F094FF40F20113A06A04F12008A38630
:1063500084F83650FFF79EFA80232A464146E387A9
:10636000A06304F1500004F0EDFE04F590700422E7
:106370006C4904F0E7FE237904F59270092B00F2D2
:106380008180DFE803F0827F8D95AD7FB8C37F0504
:1063900004F5187304F5177632220093311A04239A
:1063A000FFF7A2FE00286DD003234FF0FF398DF8D0
:1063B00009300DF109033522311A00930123FFF74B
:1063C00093FE054600285DD09DF8093003F0FD03DB
:1063D000012B1CD107F0F6F8D4F86432A0615BB150
:1063E00004F51973711B2846332200930423FFF729
:1063F0007BFE0546002845D04B4B711B28463722B3
:1064000000930623FFF770FE054600283AD04FF4AC
:106410000A70FFF73BFA0DF10A03711BADF80A0091
:106420000093284602233922FFF75EFE054648B353
:10643000414601230DF10C0806220DF10D008DF8E7
:106440000C3004F07FFE711B284607233D22CDF857
:106450000080FFF749FE0546A0B1FF2305AE0C21E1
:106460000370304604F002FFEA1B0C2500962068FA
:1064700000232E4C013239460195CDF81C9005942D
:1064800004F00CFA09B0BDE8F083D4F86C3204F5DE
:106490001776D4F87892236407238DF8093088E7BB
:1064A000012304F517764FF0FF398DF8093080E7A6
:1064B00004F5247304F5177632220093311A04236D
:1064C000FFF712FE0028DDD004F52773311A3622BB
:1064D00000930423FFF708FE00287FF465AFD1E79F
:1064E000D4F86C3204F517764FF0FF392364042397
:1064F0008DF809305DE7D4F86C3204F51776D4F8DE
:106500007892236403238DF8093052E7032304F5BE
:1065100017764FF0FF398DF80930D4F86C322364C8
:1065200047E700BFC82C0020647A00200100004328
:1065300010B50446017109290FD8DFE801F0610F99
:106540001F2431053E4E0F5483690622D0F8800285
:106550002361431C227367D1A06010BDD0F8B40240
:1065600003F040FA012805D00022D4F8B402114605
:1065700003F0D0F9A36A0133A36210BDFFF7D6FE82
:10658000E369636110BDFFF7D1FE0120A1694FF4FB
:106590007A624FF47A532073C4E90412A36010BDE9
:1065A000D0F86C12D0F8B40200F0C2FF07F00AF87D
:1065B0004FF47A73A061A36010BDFFF7B7FE072305
:1065C000D4F884022373FFF765F94FF47A724EF61C
:1065D000602302FB00F06361BEE7FFF7A7FE012323
:1065E000D4F88802EEE7FFF7A1FE0120A1694FF47D
:1065F000FA524FF47A6320732161A260636110BD87
:10660000D0F86C32C3B9D4F8B40203F0EBF9022825
:1066100015D000232068637104F016F9D4F8B8028D
:10662000BDE8104000F0E2BCFFF734F94FF47A7394
:1066300003FB00F0A06010BDFFF778FEE3E7002247
:10664000D4F8B402114603F065F9E2E710B5044648
:10665000D0E99B12D0F8B40203F05CF9D4F87412BC
:10666000D4F8B40203F066F9D4F87C12D4F8B4027A
:1066700003F06CF90221D4F8B40203F0C1F9A36964
:10668000D4F88002052106222361431C2171227364
:1066900005D0FFF7FFF84FF47A7303FB00F0D4F84E
:1066A000BC32A0603BB1D4F8C8222046D4F8B41262
:1066B000BDE81040184710BD30B502798DB00446D2
:1066C000531E082B09D8DFE803F0688E0A38540AF5
:1066D0000A7B0A002046FFF7B9FF0DB030BD063A2D
:1066E000012A40F2CE8006F06DFF2269A368801A6D
:1066F000984280F0BF80204603A9FFF7A9FD421C05
:1067000000F0C7800028E8DD9DF82C30052B00F054
:10671000C480062BE1D10123D4F8B402237103F025
:1067200061F9012805D00022D4F8B402114603F023
:10673000F1F8A36A0133A362CFE706F043FFA26931
:10674000A368801A9842C5D20022D4F86C12D4F8FB
:10675000B40200F07FFD01280546BED12046FFF7B8
:10676000E5FDD4F8B402257103F03CF90128E0D02E
:10677000D9E7D0F8B40203F035F900285FD1637986
:10678000012BAAD100F04CFC00212046FFF7D0FEDF
:106790000DB0BDE8304000F049BC02230371FFF7A3
:1067A000C5FDE269D4F8C0326261002B95D0D4F8FF
:1067B000C4222046D4F8B4120DB0BDE830401847CA
:1067C00009230371FFF7B2FDA36901204FF4FA51C9
:1067D0004FF47A622361D4F8C0322073A160626101
:1067E000002BE4D179E703A9FFF732FD411C92D0D9
:1067F00000287FF772AF9DF82C30022B7FF46DAF2D
:106800000DF10C0C04F524754FF0030EBCE80F00DD
:106810000FC5BCE80F000FC5DCF8003020462B6028
:1068200084F804E0FFF782FD0120A1694FF47A6249
:106830004FF47A532073C4E90412A3604DE7214654
:1068400002AB03A80C2201930023009002924FF4A4
:106850000A7251F8340B04F0A1F806F0B3FE226975
:10686000A368801A98427FF638AF217B2046FFF755
:106870005FFE32E7217B20460DB0BDE83040FFF7D8
:1068800057BED0F8B40203F0ADF800287FF42BAF68
:1068900075E72046FFF74AFD1FE7039B002B3FF4F7
:1068A0001CAF069B002B3FF418AF0A9D002D3FF450
:1068B00014AFA36923616B1C17D1CDE9085503AD53
:1068C00004F51B7C0FCDACE80F000FCDACE80F003A
:1068D0002B68CCF8003094F86832002B3FF4FAAE05
:1068E00004212046FFF724FEF7E62846FEF7D2FFF4
:1068F000B3281ED84FF034430A93089B23B1099B59
:1069000013B10A9B9D42DAD00A98FEF7C3FF4008F4
:10691000FEF7C0FF03460A980893FEF7BBFF054643
:106920000A98FEF7B7FFA5EBD000FEF7B3FF09907A
:10693000C5E70A98FEF7AEFF024B9842DDD9024B3D
:106940000A93DAE79BC420000020C49B2DE9F041A4
:10695000064684B000F064FB66B1D6F80080B8F15A
:10696000000F07D0404603F05BF9074610B1294CF1
:1069700065792DB100F05AFB002004B0BDE8F0812C
:106980000C2101A804F072FC234B2A4602210120AD
:106990000193CDE9027503F06FFD20600028E9D076
:1069A00001A90C2203F09CFE78BB062204F1200111
:1069B000404603F04BF840BB2146184800F0F4FA7B
:1069C000C4F8B80208B373684FF47A62B068C4F8C8
:1069D000B482E261C4F86032FEF75CFFD4F8602252
:1069E00003462046002AC4F86432337B0CBF0121E1
:1069F000082184F86832FFF79BFD0123637100F0E2
:106A000015FB204604B0BDE8F081206803F01CFFB0
:106A1000B0E700BF1C0801200100004441780000DD
:106A200028B110B543790446012B01D010BD704741
:106A300000F0F6FA20460021FFF77AFDBDE810408D
:106A400000F0F4BA00B14079704700BF38B5054690
:106A500080B10A4C00F0E4FA6279012A08D1D4F836
:106A6000B422AA4218BF002400F0E0FA204638BD44
:106A70000024F9E70446204638BD00BF1C08012069
:106A8000A9B138B5054600B938BD0C4600F0C8FAC2
:106A900005F51B7EA446BEE80F00ACE80F009EE89B
:106AA0000F008CE80F00BDE8384000F0BFBA704717
:106AB00028B109B1C16170474FF47A63C36170476F
:106AC0002DE9F843074608460D4604F0E9FB064663
:106AD000384604F0E5FB2EB1731C834205D000203C
:106AE000BDE8F8830120BDE8F883013D012400E002
:106AF0001C4615F8013F04F1FF392E2B08D0385DF4
:106B000004F0FEFB8046287804F0FAFB804509D1AA
:106B1000A64204F10103EBD8A01BB0FA80F04009B3
:106B2000BDE8F8834C46F7E72DE9F0414FF40073D8
:106B300088B00546039300F073FABDB16B69ABB141
:106B40004FF48071E86804F0B7FB0138FE280DD8D7
:106B50000C22294605A804F0F5FA05A804F0FAF974
:106B6000012800F082805B4E337A2BB100F05EFA90
:106B7000002008B0BDE8F0814FF41C71304604F0ED
:106B800075FBD5E90523C6E90323EB682A8AB361BF
:106B9000B28504F0E9FB2B8A3085012B62D0022BF1
:106BA000E4D14FF4E05300220221BDF814007385B4
:106BB00003F062FC30600028D8D0042403AB062226
:106BC0004549009403F064FF03AB00940522424959
:106BD000306803F05DFFBDF816301BB94FF4545315
:106BE000ADF816300C2205A9306803F0C3FC013063
:106BF00061D0328D0024394BE9683948F28533631E
:106C0000778D049404F06EFB04AA36493448364D5F
:106C100004F07EFBDFF8CC8006E0044483F83A0001
:106C20000020013404F074FB601C284404F038FB9D
:106C3000331904AA41460028EFD1254411342549CF
:106C4000A5F801700127E8702F712848746200F0E0
:106C5000ABF9706078B3377200F0E8F91D4808B0FE
:106C6000BDE8F0814FF480739DE7069802F0E6FFDF
:106C7000044620B3002603E002F0C8FD044618B322
:106C8000BDF814302046771C0BB1DB0703D502F0AA
:106C90009BFE0790D0B9069B30463E46002BEBD0BA
:106CA00005A804F057F900287FF460AF204602F0F1
:106CB000B7FF069057E7306803F0C6FD56E702F0CD
:106CC00051FE04460028D5D10024E9E70123ADF8A0
:106CD0001430E5E76C05012017E503000100000111
:106CE000A7050120906A0020A6050120197F000059
:106CF0002DE9F04F4FF0000983B0154683460F464B
:106D00001646C8460193347804F0C003C02B1BD04C
:106D1000B3BBBBF1000F31D087B3BC4234D2631C8C
:106D2000013F584631469A46DAB204F00BFA3F1B4F
:106D30005346D3441E44B54238BF3546002CE2D1F9
:106D4000284603B0BDE8F08FB8F1000F00D102353E
:106D50004FEA0428737808F47C5898440C9B9845B3
:106D60000ED209F10109019BB9F1040F03EB0806EA
:106D7000C9D913F8084004F0C003C9E7631CD9E778
:106D8000002003B0BDE8F08F184603B0BDE8F08FD7
:106D90002DE9F043037AADF5037D0446022B09D0BB
:106DA000032B00F09480012B00F081800DF5037D12
:106DB000BDE8F083064600234FF4007256F82E0B10
:106DC000314603F05BFE0C28054640F29B80E28DC5
:106DD000238D9A42EAD1B4F93030002BE6DA608E86
:106DE000FEF754FD0128E1D1334604F13A02FF21B8
:106DF00002A80095FFF77CFF07460028D6D0A169BE
:106E000002A8FFF75DFE0128D0D104374FF000083B
:106E100006EB05090AE0B3F5A06F00F0838038891E
:106E200008F10108FEF732FD0A300744A08EFEF794
:106E30002DFD404540F287804F4580F084803A46E2
:106E40003346FF2102A80095FFF752FF07460028AE
:106E500079D0A16902A8FFF733FE0128DFD13B8872
:106E6000628D9A42D7D17B88B3F5807FD7D1B2F5B6
:106E7000807F236A6BD103F12302D7F80A104FEA0F
:106E8000021C04EB021224F80C00916004EB0312C4
:106E900001337968032BC2F83C122362BFD9002B5F
:106EA00084D0032323720DF5037DBDE8F0830146F2
:106EB0000023426A51F82E0B03F066FD636A834299
:106EC000EFD106F07FFB0223606123726EE700F0D2
:106ED000A7F8206803F0B8FC606800F087F800238A
:106EE000237200F0A3F8216A49B90846A269D4E9DF
:106EF0000353AC460DF5037DBDE8F043604704F550
:106F00000C70F3E706F05EFB6369C01AB0F57A7F98
:106F10007FF64CAFE3690133052BE361C1D8012350
:106F2000237243E77B88B3F5807F7FF478AF3346E5
:106F300007F10A02FF2142A80095FFF7D9FE0DF2E2
:106F40000913A3616BE7236A002BAAD12EE7233331
:106F50004FF0020C102207F10A01180104EB031391
:106F600024F800C003F1080004F0ECF8236A8DE770
:106F7000F8B50B4C01270B4804F1900604F0AEF86D
:106F800023682BB125791DB9A06827719847257111
:106F90000C34B442F4D10348BDE8F84004F0AAB878
:106FA000940B0120280C0120F8B50646C8B10F4605
:106FB00004F0ACF800230C4D1A4655F82340033377
:106FC0003CB101320C2AF8D1002404F0ADF820467F
:106FD000F8BD02EB420205EB820445F82260A7608F
:106FE000F3E704462046F8BD940B012048B110B5E4
:106FF000044604F08BF800232360BDE8104004F041
:1070000093B870470448902108B504F02FF903485D
:10701000BDE8084004F054B8940B0120280C01206E
:10702000014804F05BB800BF280C0120014804F0BF
:1070300061B800BF280C012010B50446006802F0BA
:10704000D7FD237B834207D0207301462068D4E913
:107050000432BDE81040184710BD00BF70B50446AB
:10706000FFF7DEFF34B1236823B1636813B10E4D1F
:107070002E790EB1002070BD1821284604F0F6F8D4
:10708000A3680A48D4E900126B61296029462A6185
:10709000FFF78AFFA8600028ECD001232E732B7124
:1070A000FFF7C4FF284670BD680B0120C1810000B6
:1070B00068B110B50446FFF7B3FF204614F00CFC8E
:1070C000204614F0F9FBBDE81040FFF7AFBF704752
:1070D00002F09EBD70B50E4E044600F1F00502E0D0
:1070E0001834AC4213D0A368002BF9D006F06AFA2A
:1070F000E368C01AB042F3D9206908B102F024F95C
:1071000020461834182104F0B1F8AC42EBD170BD20
:10711000804F12002DE9F047856D0F46164600237B
:10712000A846284684681830BC4248D001330A2B50
:10713000F8D12B4600249A68183312B301340A2C74
:10714000F9D10024A146A24606E00AF1010A08F19D
:107150001808BAF10A0F14D006F034FAD8F80C3037
:10716000C01A4845F1D954460AF1010A06F02AFA34
:10717000D8F80C30BAF10A0F08F11808A0EB03098F
:10718000EAD104EB44084FEA440905EBC808D8F8F3
:10719000100020B102F0D8F80023C8E90433A1445C
:1071A0000622314605EBC9052C462846AF6003F0A0
:1071B000C9FF06F007FAE8602046BDE8F08703EB58
:1071C00043030622314605EBC304204603F0BAFF11
:1071D00006F0F8F9E0602046BDE8F08720B3F8B586
:1071E0000E46F1B1074601F1F0050C4681652046D7
:1071F0001834182104F03AF8AC42F8D132460C4960
:107200000C4806F011FAC6F8F00050B139460A48A9
:1072100001F02CFDB0FA80F3C6F8F4005B09584287
:10722000F8BD4FF0FF30F8BD4FF0FF30704700BFA2
:107230005D820000E09304005982000010B5846D67
:1072400034B1D4F8F00006F00FFA0023C4F8F0309F
:1072500010BD00BF70B50546C8B1836DA3B10C4623
:10726000164601F04DFDA86D00238446DCF8085059
:107270000CF1180CAC420DD001330A2BF6D10024CE
:1072800001F046FD204670BD1C46204670BD0446F8
:10729000204670BD03EB43030622084900EBC305FB
:1072A000284603F0E9FF0028E9D00124002EE7D0AA
:1072B00006222946304603F045FFE1E7D42C0020A2
:1072C0004B692DE9F0431B2B85B0866DCD6801918C
:1072D00003D92A88B2F5807F05D0084602F034F839
:1072E00005B0BDE8F0832A79062AF6D16A88082A13
:1072F000F3D16A79042AF0D11C2B044604D0C3F1DF
:107300001C0101A802F0E4F80622204602A902F0BE
:1073100085FB074638B905F10808062202A9404650
:1073200003F0AAFF08B90199D7E70622344940467D
:1073300003F0A2FF0028F6D0D5F80E10E36AD5F8C6
:1073400018908B424ED04B4544D0A66D334602E098
:1073500001370A2FE7D09A6818339142F8D11823E1
:107360000622414603FB0766304603F0EBFE06F0BB
:1073700029F9F060336943B132464FF40061204689
:1073800000F044FA0023C6E90433EB88B3F5807FAC
:10739000C9D1E36A4B45C6D1002305F11206414627
:1073A0000622AB7102233046EB7103F0CBFE02A93B
:1073B0004046062203F0C6FED5F80E10E36A3246B8
:1073C000A9612046C5F80E3040F60601019B00F089
:1073D0001DFA85E742462046FFF79CFE0646002838
:1073E000C8D1D2E723B9A36DD3F8F8304B45CCD13F
:1073F000012384F85430D6F8F40001F0B3FCC4E75C
:10740000CC2C002060B32DE9F043D0F8588083B035
:107410000446B8F1000F20D00E4601F071FC0121A6
:107420001C2001F03DFE0746A8B1C56800234FF0BF
:10743000060920462B706946EB704A46AB71012362
:1074400085F804906B70EB710823AB7004236B71AB
:1074500002F0E4FA28B101F05BFC03B0BDE8F08370
:10746000704705F112004A460B4903F06BFE4A468D
:10747000694605F1080003F065FEE36AAE61C5F8F0
:107480000E300BB9C8F8F8603B46044A40F60601D6
:10749000204600F0BBF9DEE7D42C0020CC2C0020E5
:1074A0002DE9F041D0F8588006460D46174601F008
:1074B00027FCC4460023DCF808400CF1180CAC4251
:1074C00019D001330A2BF6D1184A29463046FFF766
:1074D00021FE0446206908B101F036FF276106F05D
:1074E00071F80346294630466361FFF78BFFBDE81C
:1074F000F04101F00DBC03EB430308EBC304236927
:1075000004F11008002BE9D006F05CF86369C01A9A
:10751000B0F57A7FDED8D8F800000028DED001F080
:1075200013FF2761BDE8F04101F0F2BBD42C00202D
:1075300000B583B0CDE9001003F0E8FDDDE90010EF
:10754000FFF760FF03B05DF804EB03F0EDBD00BF93
:1075500070B5846D002501F0D3FB04F1F0062069BD
:1075600018B101F0F1FEC4E904551834B442F6D163
:10757000BDE8704001F0CCBB2DE9F047B1F1200E21
:10758000844642D42EF01F0002F1400302F1200194
:10759000184431F81E5C203131F8403C31F83C4C45
:1075A0002B4431F83A9C31F8388C234431F8367C3E
:1075B00031F8346C4B4431F8325C31F8304C434490
:1075C00031F82EAC31F82C9C3B4431F82A8C31F840
:1075D000287C334431F8266C2B4431F8245C234456
:1075E00031F8224C884253444B4443443B44334497
:1075F0002B4423449C44CCD14FEA5E114B1CC1EB7D
:10760000C16102EB43120EEB4111B1F108041DD42C
:1076100024F0070002F1100302F10801184431F8C8
:10762000083C083131F80E7C31F80C6C3B4431F8E1
:107630000A5C884233442B449C44F0D1E1084B1C43
:10764000C1EB417102EBC30204EBC1018D1E12D4E8
:1076500069084C1C02EB440432F8023BA2429C44F1
:10766000FAD1C1EBC171604605EB410109B1207847
:107670006044BDE8F08714466046F7E7F0B5D0E90E
:10768000032683B00C468E4228BF0E4641B3074600
:107690000025A41B28463146FFF76EFF05465CB166
:1076A0003F6816F00103FA6809D1396926468C4211
:1076B000EFD3CE18002CECD1284603B0F0BD12F861
:1076C000010B013C0192FEF7E1F839694FF0FF33FD
:1076D00005442646A142019AEBD9002CD9D1EBE70B
:1076E0000D46E9E708B5FFF7C9FF4FF6FF730344FE
:1076F0001A0C03D012FA83F31A0CFBD1D84380B2D0
:1077000008BD00BF38B514460D461146FFF7B6FF59
:10771000034620461C46FEF7B9F84FF6FF732B448C
:1077200023441844030C03D013FA80F0030CFBD15C
:1077300080B238BD38B51C4615460A461946FFF7D3
:107740001BFF2A462146FFF717FF4FF6FF7303443E
:107750001A0C03D012FA83F31A0CFBD1D84380B26F
:1077600038BD00BF014B93F9000070479113012011
:10777000014B1870704700BF91130120002818BFFB
:107780000E2A05D970B50E4682B011B902B070BD8F
:107790007047144669460622054602F03FF9002864
:1077A000F4D106226946B01803F066FD0028EDD03A
:1077B0000122A4F10E0106F10E0001F067FD002880
:1077C000E4D03378FF2B0ED0012B03D1836943F033
:1077D00004038361B389B3F5C16F11D0082B0AD0BC
:1077E00001F0B2FDD2E77378FF2BF3D1836943F048
:1077F00002038361EEE70146284600F0DBFCC5E7A3
:1078000001462846FFF75CFDC0E700BF2DE9F047C1
:10781000064688461746D0F80C901C461BB15A699C
:1078200083689A4225D801210E2001F039FC0546D3
:10783000F8B1D0F80CA0062230460AEB020102F0A3
:10784000EDF8B0B939460622504603F07BFC4046BD
:10785000FEF71CF8AAF80C0024B12846214601F0D6
:10786000E3FE0546D9F80C3029463046BDE8F0471E
:1078700018472046BDE8F04701F066BDC16849B130
:10788000203108B5FFF7AAFC18B9044A1368013380
:10789000136008BD4FF0FF30704700BFE80A0120B9
:1078A00008B5FFF7CBFC024A1368013B136008BD23
:1078B000E80A0120FFF74CBEC16A09B1FFF7A2BD7B
:1078C00010B582B006220446694602F0A7F808B156
:1078D00002B010BD03466A464FF6FF712046FFF71F
:1078E00095FF02B010BD00BFF0B50C4683B0064650
:1078F00001462046174600F0CFFC78BB04F0F003A9
:10790000E02B0FD06D46214630462A46FFF7A2FCF9
:1079100058B33B462A464FF400613046FFF776FFE6
:1079200003B0F0BD01225E2320466D46ADF8002075
:107930008DF80230FDF7AEFF03462046C3F3064341
:107940008DF80330FDF7A6FF034620461B0A8DF88D
:107950000430FDF79FFF8DF80500DAE76D4606223B
:107960000549284603F0EEFBD3E73A462146304668
:10797000FFF796FDD4E700BFCC2C0020C3685A69FE
:10798000CAB14FF0010C5E2300B583B0C1F3062EDF
:10799000ADF800C0C1F3074C8DF80230C1F30763A6
:1079A00069468DF803E08DF804C08DF805309047E6
:1079B00003B05DF804FB7047C3681A69CAB14FF0A1
:1079C000010C5E2300B583B0C1F3062EADF800C0F4
:1079D000C1F3074C8DF80230C1F3076369468DF897
:1079E00003E08DF804C08DF80530904703B05DF8D2
:1079F00004FB704750B1036993F800C0BCF1010F5C
:107A000004D15B6B13B11B6803B118474FF0FF3013
:107A1000704700BF50B1036993F800C0BCF1010F7B
:107A200004D15B6B13B15B6803B118474FF0FF30B3
:107A3000704700BF10B5044682B088B10369197859
:107A400001290DD15B6B5BB11B684BB10DF10602D7
:107A5000984728B9BDF80600C0F3800002B010BDF9
:107A600094F8240002B010BD70B5002182B04FF42C
:107A700000420546C66842F21074ADF80610FFF7E2
:107A8000C9FF01E0013C49D02B690DF1060200213C
:107A9000284693F800C0BCF1010F04D15B6B13B111
:107AA0001B6803B19847BDF90630002BEADBF66985
:107AB0001EB12846B047064668BB0DF106043146A4
:107AC00028462246FFF796FFBDF806303146284685
:107AD00023F4806242F4905292B2FFF79BFF05F0CC
:107AE00071FD064610E05B6BA3B11B6893B198472C
:107AF00001300FD0BDF806309B060BD405F062FDB7
:107B0000801BB0F5FA6F05D22B69224628461978FA
:107B10000129E8D00026304602B070BDF369B3B148
:107B20002846984706460028F5D10DF10602214661
:107B30002846FFF75FFFBDF806202146284622F4BD
:107B4000806242F4905292B2FFF764FFE2E70DF1D7
:107B50000602214628462646FFF74CFFBDF80620C0
:107B60002146284622F4806242F4905292B2FFF7F6
:107B700051FFD0E7F0B5DE681C46002389B00F4600
:107B80000546B370F37010B1036A9B0715D46169A1
:107B900020460792FFF7A6FD079A7080002339461A
:107BA00028460093CDE902434024CDE90433012364
:107BB000019400F03FFE09B0F0BD6169079200F04A
:107BC000D3FA079A0028E2D1A36943F02003A36106
:107BD000E4E700BF2DE9F0410D46516988B0232943
:107BE000019227D92429064601AF29D1384601F050
:107BF000CBFB01301DD0019B00210120D3F80C806C
:107C000098F8112002F092F8044690B1836983B18C
:107C100005AB02AA08F10801304600F0ADFA38467B
:107C20001C2101F055FCA469019B05AA02A9284664
:107C3000A047019A104601F087FB08B0BDE8F0812B
:107C4000C1F12401384601F043FC019B38465969D3
:107C500001F09AFB0130CED1EBE700BFF0B583B065
:107C600004460E4615460898019301F06DFB0198F5
:107C700044B338B304210DEB010001F085FB013062
:107C800001981FD08369AF689B06B668C56813D595
:107C90002146304600F000FB98B906F0F003E02BD7
:107CA0000FD02B78033B092B0BD8DFE803F03C38CF
:107CB0000A0A0A220A0A180F4169FFF713FD002871
:107CC000E6D0019801F040FB03B0F0BD6B78012BCA
:107CD000F7D8019A09212046FFF77CFFF4E76B787B
:107CE0005BB3012BEDD10821019A2046FFF772FF0B
:107CF000EAE701984369072BE4D92146384600F0AA
:107D0000CBFA0028DDD107F0F003E02BD9D02870A2
:107D10003246019B39462046FFF72CFFD4E76978AD
:107D20000029CED1E0E76B780C2BCAD80449204655
:107D3000019AC95CFFF74EFFC6E70721D4E700BFF1
:107D4000241E00202DE9F04F83B00193C3B1DD68FC
:107D500006461846EC88D5F80C9024F0E004D5F8D7
:107D600010A05CB990466A7A0F46012A10D12A7891
:107D7000920002F03C02AA5C122A04D901F0E4FA53
:107D800003B0BDE8F08F314941FA02F2D307F5D4D0
:107D90003146484600F080FA002841D109F0E0035E
:107DA000E02B3DD03146504600F076FA002837D11E
:107DB0000AF0F003E02B33D00198816911F006043A
:107DC000DCD12146082001F06BF9834640B3C3683B
:107DD0000C2F1C715C719C71DC7109D1B8F1040F1E
:107DE00020D10EB330890093FDF750FD009B9880A1
:107DF0001F7083F801802B7801999B004A6903F07A
:107E00003C0303F10800904217D3584601F00CFCE4
:107E100003464A46514630460193FFF7ABFEAFE7B3
:107E20000198ABE70C2FE3D140460093FDF72EFD00
:107E3000009B4FF000089880DAE7C2F1080201A821
:107E4000D11801F045FB0199DFE700BFFE18F8FFEC
:107E5000F0B5002583B010F8014B8DF80450002CCC
:107E60003DD00E460A270DF1040C2B4611E09CF87C
:107E7000001017FB012201B98BBBFF2A2FD88CF809
:107E800000201BB90135042D29D8012310F8014B1E
:107E9000D4B1A4F130025FFA82FEBEF1090FE6D937
:107EA0002E2C14BF002303F00103C3B1A5F104037A
:107EB000B3FA83F35B0993B910F8014B0CF1010C91
:107EC0008CF80030002CE4D1032D08D90422304670
:107ED0000DEB020103F036F9204603B0F0BD4FF080
:107EE000FF3003B0F0BD00BFFFF7B2BF70B515465D
:107EF00004460E4600F004FF6B6962681344B3F554
:107F0000804F14D80021042001F0CAF878B16A69C2
:107F100029466368C6601344636001F085FB01462F
:107F2000204601F099FB00F0F3FE002070BD00F048
:107F3000EFFE4FF0FF3070BD70B50568A5B1EB687E
:107F400004462E680B6000F0DBFE1EB163687269A8
:107F50009B1A63600023204629462B6001F086FBB4
:107F600000F0D6FE304670BD2E46304670BD00BFD4
:107F700038B594461A46049B04461D1E18BF0125B9
:107F8000002918BF00254DB142B141698988C90750
:107F900004D5614600F0BCFD10B938BD6FF0050096
:107FA00084F88400FFF7E4FB4FF0FF3038BD00BFDA
:107FB00070B5049E04467BB176B10D4611461A4653
:107FC00033684BB145B943699B88DB0704D5334619
:107FD00000F06AFD10B970BD6FF0050084F88400F0
:107FE000FFF7C6FB4FF0FF3070BD00BF38B5044649
:107FF00000F086FE6369BBB100250BE0D968D16053
:10800000D9680A6162699A4208BF616101F09CF90E
:1080100063694BB11A6998689A42EFD1656101F0C2
:1080200093F96369002BF5D163685BB122681A602C
:10803000226802B15360204601F046FBBDE838409B
:1080400000F066BE226801490A60F2E7A40C012034
:1080500010B500F055FE0A4B186838B1037A013BA1
:10806000DBB2037233B100680028F7D1BDE81040DD
:1080700000F04EBE0468FFF7B9FF2046EDE700BFF1
:10808000A40C012010B500240E4B0F494FF4FA70D8
:1080900022461C6005F0C8FA0C4B186070B10C4801
:1080A000782103F0E3F821460A4800F0DFFDB0FA3A
:1080B00080F3094A5B091060584210BD4FF0FF3051
:1080C00010BD00BFA40C0120D9910000B00C01200C
:1080D000EC0A012091940000A00C012070B50E4C18
:1080E00000F00EFE206820B1FFF780FF2068002816
:1080F000FAD10A4C216829B1204601F0B7FA21686B
:108100000029F9D10026064D666000F001FE2868BE
:1081100005F0AAFA2E6070BDA40C0120A80C012065
:10812000B00C012038B5044601F02CFC0D4B1D6845
:10813000ADB12B46DA6B1AB1D96A614011420CD04D
:108140005B69002BF6D108B1836C43B92B4601E083
:108150005B6923B19A6C002AFAD0184638BD0346F1
:10816000184638BD900B012080681431814294BFBD
:1081700000200120704700BF2DE9F04107460E4660
:1081800010460C211C4615464FF0010803F06EF80E
:10819000FB690C21A5F8008020466B60F368AB609A
:1081A00003F064F8FB69A4F8008063603369A3609E
:1081B000BDE8F08178B110B50C4601B910BD0A4692
:1081C00001460848FFF792FE30B9074BBDE8104062
:1081D000186800F0C7BD70472046BDE8104001F0A8
:1081E000B3B800BFA80C0120A00C012010B50C4CA6
:1081F00000F086FD206820B1FFF7F8FE2068002817
:10820000FAD1084C216829B1204601F02FFA2168E3
:108210000029F9D100236360BDE8104000F078BD6B
:10822000A40C0120A80C012070B5154D00242B468C
:10823000224606E01E68864213D001320C330A2A19
:1082400007D09E68002EF5D101321C460C330A2A55
:10825000F7D124B1A3680133012BA36009D02046D4
:1082600070BD5E688E42E8D102EB420205EB8204EB
:10827000F0E7C4E9000101F087FC204670BD00BFB3
:10828000EC0A012018B18368013B836003B1704799
:10829000D0E9000101F07EBC431E033310D86FF417
:1082A000AB7398420CD069B10B6C834208D04B6C15
:1082B000834205D08B6B181AB0FA80F040097047E2
:1082C0000120704700B583B0019002F01FFF0D4BF5
:1082D00001981B6843B912E05A6C904207D09A6B20
:1082E000904204D05B6953B11A6C9042F4D10120E2
:1082F000019002F019FF019803B05DF804FB1846E5
:10830000F6E700BF900B01202DE9F0478CB0B14E8D
:108310000027DFF8C48200F0F3FC03A93046FFF722
:108320000BFE049028B34760142104A801F02CF838
:10833000013000F08780049BDC686088D4F810A0CE
:10834000FDF7A4FA049B054694F800905A6982420E
:1083500005D3132A03D94FEA191104290ED0184660
:1083600000F0F2FF03A93046FFF7E6FD0490002875
:10837000D9D100F0CDFC0CB0BDE8F0874FEA8909F7
:1083800009F03C09B9F1130FE9D94845E7D303993E
:10839000C86A50455AD19542C0F0DF80E18821F08B
:1083A000400100295BD10399096A09070AD5617A5E
:1083B00001F0EF00012801D0062903D1996941F0AD
:1083C00020019961B2F5004F1846C9D8002309F180
:1083D0000802194600F0A4FE4946054604A801F02B
:1083E00077F8DDF80CA00C2106A802F03FFF4FF053
:1083F0000109DAF81C300C21ADF8189009A8079390
:10840000E368089302F032FFDAF81C3009AAADF8ED
:10841000249006A90A93236903980B930095049B63
:1084200001F0D0FD627A4846002101F07FFC00286F
:1084300000F0E480009509AA446906A9DDE9030378
:10844000A0476AE7049800F07FFF66E75046FFF711
:1084500023FF002800F08880049B5A699BE711469F
:1084600005A8059300F090FF013000F05481059BB2
:10847000D8F80040D3F80C90002C00F05181B9F8E6
:10848000042003E02468002C00F04A8163899342B1
:10849000F8D1617A99F809309942F3D1E168D9F8B5
:1084A0000C309942EED12169D9F810309942E9D1C6
:1084B00099F8005005A8AD0005F03C05294601F0EB
:1084C00007F8B9F80200FDF7E1F9401BA9F802002E
:1084D000B9F80600830600F19B80FDF7D7F9C000CC
:1084E00083B20598A9F80630C9F8080061690D46FD
:1084F00002E0ED68A94253D0EA889342F9D2A9423A
:108500004ED02969B1F806A049888A44BAEB030A1B
:1085100040F08580B9F8020018449042A0EB0201B7
:108520003EDD6B88994230D3ED682B69986800F086
:108530000BFF2B691A6993427FD0D968D160D96843
:108540000A61626993427AD0954200F0E680B9F8F8
:108550000630B9F80200EA88DEE7A91A04A800F09C
:10856000B7FF049B5A6919E7039AD36A002B40D0DE
:10857000049B0AF0F00ABAF1E00F04D012691278F5
:10858000032A7FF4ECAE5A6905E788B21B1A10443F
:108590006B80E88005F1080000F09AFFB9F806301A
:1085A0002A69002A42D0616900293FD0D168C9F800
:1085B0001020C9F80C10D168C1F81090C2F80C90C6
:1085C0006269D188994235D80B46914649460022C6
:1085D0000BE000BFA80C0120A40C01204B88C96847
:1085E0001A44494592B244D0CB889A42F6D00497B7
:1085F00093E6049B99698907BBD5C4E7049800F00A
:10860000A3FE2B46022203210398FFF79BFB84E67F
:1086100099F8013043F0010389F801305DE7B9F8BA
:1086200002309A450ED300F08FFEE0E7C9F80C90B7
:10863000C9F81090C4F81490C8E7676187E70A4644
:10864000616181E705A8514600F042FFB9F80620B4
:108650001FFA8AF3B9F80200C01A1344A9F80200FD
:1086600080B2A9F806309BB26269954298D0EA8838
:1086700052E7D9F810305B78D807B8D4D9F8083069
:108680000593D9F80C504D450AD01846A96800F05A
:10869000CBFF0590ED680346D4F814904D45F4D116
:1086A00099F800101A698900586901F03C010A44E0
:1086B00008441A61DA68586180B2521ADA60FDF72C
:1086C000E5F8A9F80200E368C9F80C3099F8013020
:1086D000226923F00103C9F81020627A89F8013079
:1086E00089F8092062682368002A62D01360236831
:1086F00003B15A60204600F0E7FF059B0493002B6E
:108700003FF40BAEDC685A6994F800904FEA89098F
:1087100009F03C0956E6059885E7B9F806303FE7C9
:1087200099F8004005A8A40004F03C04214600F09C
:10873000CFFEB9F80200FDF7A9F8001BA9F8020066
:10874000182000F0D1FF04460028E4D0D8F800300B
:10875000236003B15C60142327716771A771E7710F
:108760002372C8F80040B9F80430638199F80930E1
:108770006372D9F80C30E360D9F810302361B9F88E
:108780000600850605D599F8013043F0010389F804
:108790000130FDF77BF8059AC000C9F80C90C9F8C4
:1087A000109083B2C9F80820A9F80630C4F81490D4
:1087B0000CE7C8F800309BE72DE9F041D2F80C80B7
:1087C0001F460023044615460E4688F80A3088F8EE
:1087D0000B30036ADB0717D5936943F010039361ED
:1087E00021463046FFF758FD40EA0703DBB21BB9CC
:1087F00006F0F003E02B12D123692A4631462046C9
:108800001B69BDE8F041184798F800101046890030
:1088100001F03C01FEF766FFA8F80A00E0E7E36A12
:10882000E26B73401342E7D04FF6A963B34318BF1E
:10883000A66CE1E72DE9F04F2DED028B87B01D46C8
:108840009DF848909DF84C809DF854609DF858B074
:10885000CDE90421002800F0CF800446059B0BB928
:10886000E36A0593149A53691433B3F5004F0AD998
:108870006FF00705104600F067FD284607B0BDEC15
:10888000028BBDE8F08F0121142000F009FC07469F
:10889000002800F0C880179B43B11798042304AA4E
:1088A00005A90088FEF746FF179B1880D7F80CA093
:1088B0007A4A9AF80030108803F00F0343F040031F
:1088C0008AF80030431C1380FCF7E0FF9AF8002080
:1088D000003E8AF8019022F00F0218BF0126149979
:1088E00042F00502B3014E698AF80020AAF806306A
:1088F0001436059BB6B2AAF80400CAF80C30049BE3
:1089000030468AF80880CAF810308AF80950FCF717
:10891000BDFF1499AAF80200384600F085FEA7684A
:1089200002461490B74272D29AF80090BAF8063014
:108930004FEA89095B0609F03C09A7EB090727F014
:10894000070795D4072F93D90190494614A800F042
:108950001BFD0130019A66D009EB0703149D9E426E
:10896000E968019308EE101A63D9131DDDF804803D
:10897000CDE9024B9A468B461CE0A6EB0807E08047
:10898000414600233A46284600F0CAFBB844014657
:1089900000287CD0149800F047FE1490808AFCF7E1
:1089A00075FF149B60804645CAF80030149B03F1A4
:1089B000040A3CD90021484600F072FB14900028BC
:1089C00061D04A46C068594602F0BCFB149BA8EB34
:1089D0000900DC68C0F3CF00237823F00F0343F0D5
:1089E00005032370FCF752FF07EB080340F0200259
:1089F000B342C2D2E280C3E71046FFF793FB0446BE
:108A000000287FF42BAF149A6FF00F0532E7002592
:108A100020465B460499FFF7CFFE284607B0BDEC21
:108A2000028BBDE8F08F149A6FF0020522E7DDE9B2
:108A3000024B18EE106A149500277088FCF726FF89
:108A4000019B191A14A800F043FD149B988AFCF7A7
:108A50001DFFF388708043F02003F38000261495F7
:108A600008E05B4604992046FFF7A6FE1495002D0A
:108A70003FF403AF28466D6802464660002FF0D0F1
:108A800000F062FCF2E7DDE9024B0127E6E714980B
:108A90000127DDE9024B00F057FCDFE780130120DE
:108AA00047F6C470704700BF172910B408D01829C2
:108AB0001ED0162910D06FF008005DF8044B7047E7
:108AC0001968032920D990F86C4004210020146013
:108AD0005DF8044B196070471968032914D990F8A0
:108AE0006D400421002014605DF8044B196070474C
:108AF0001968032908D990F86E40042100201460F9
:108B00005DF8044B196070476FF00500D5E700BFB2
:108B1000F8B51C46A1F1160305461746042B5DD88F
:108B2000DFE803F0342D2003030078680E46A0B37D
:108B300001F09EF8082C12D188B1396801F0F003D9
:108B4000E02B0CD16B6953B19B79022B07D1D5F87F
:108B500090402CB3236883422BD0192E3BD06FF06A
:108B60000500F8BD032CFAD94369002BF7D09B7997
:108B7000022BF4D13B68002085F86E30F8BD032C41
:108B8000EDD93B68002085F86C30F8BD032CE6D9A0
:108B90003B68002085F86D30F8BD00F0F3FEC9E7B2
:108BA000192EDCD1FFF740FBC5F8900098B12046A4
:108BB000F8BD62689142D0D1192E0CD0A368013B58
:108BC000A36023B100231846C5F89030F8BD1146C4
:108BD00000F0E0FFF6E76FF00D00F8BD6FF0080061
:108BE000F8BD00BF0D4B10B51C6814B90DE024682A
:108BF0005CB163688342FAD1A3680BB1606998479E
:108C0000074B1B6813B10123237410BDE268237462
:108C1000002AFAD06069BDE810401047640B0120BB
:108C2000800B01202DE9F843054618208846174699
:108C30001E46DDF8209000F057FD80B10A4B044637
:108C4000C0F8088031461A68C0F81490284665605C
:108C5000E7601C602260BDE8F843FCF7DBBE4FF024
:108C6000FF30BDE8F88300BF640B01200B4B70B5EB
:108C70001C68064618200D46621C1A6000F034FD80
:108C800050B10022064B446082601A68C66045619C
:108C900018600260204670BD0446FBE76C7A002035
:108CA000640B012010B4154C2268AAB1134601E0F0
:108CB0001B688BB159688142FAD19A4203D116E000
:108CC000516881420BD094461268002AF8D11846A8
:108CD0005DF8044B00F0F8BC5DF8044B7047126877
:108CE00018465DF8044BCCF8002000F0EDBC1A6883
:108CF000184622605DF8044B00F0E6BC640B0120CE
:108D0000024A136801331360704700BF800B0120D3
:108D10002DE9F041114F3B68012B04D03B68013B2A
:108D20003B60BDE8F081DFF838800026D8F80040CD
:108D3000002CF3D0002201E0246864B1257C012DD1
:108D4000FAD1E3682674002BF6D06069984724684E
:108D50002A46002CF2D1002AE8D1DFE7800B01205F
:108D6000640B012038B5124D124A2B681468013388
:108D70002B6014B90DE024685CB163688342FAD1BA
:108D8000A3680BB1606998472B68012B05D00123BC
:108D90002374BDE83840FFF7BBBF0022E3682274AC
:108DA000002BF6D060699847BDE83840FFF7B0BFA8
:108DB000800B0120640B012000230249024A0B6052
:108DC00013607047800B0120640B0120E0B1082A7A
:108DD00038BF082202F10B038B4214D200F1030CBE
:108DE000014450422CF0030C02EB0C03CCF804209D
:108DF000073303406046C91A5B60B1FBF2F11960AA
:108E0000CCF8003070470020704700BF002303609B
:108E1000704700BF59B338B505460C46FFF770FFE1
:108E2000D5E90030211A5A688B420C4607D28A4293
:108E300009D89A4207D913468B425A68F7D393420E
:108E4000F9D39142F7D2D1F800E00EFB001C624545
:108E50000ED04A60D3F800C019460CFB00118C42BA
:108E600012D05C602B60BDE83840FFF751BF7047FF
:108E7000D2F800C0F444C1F800C052684A605A6891
:108E80009342E7D10B46E8E7226862441A606468BF
:108E90005C602B60BDE83840FFF73ABFF8B5064686
:108EA0000C46FFF72DFF00257068621E34680244EF
:108EB00063682746A446B2FBF0F2013200E05B682B
:108EC0001968914206D31DB1D5F800E0714501D271
:108ED00067461D46A3429C46F1D175B17B6869681F
:108EE00099422B6810D093420BD09B1A2B6000FB49
:108EF00003F3EA502B44C5183760FFF709FF2846F3
:108F0000F8BD2B467960F6E79342EED10025F4E7F1
:108F100038B50546FFF7F4FE2968A9B10A684B6821
:108F2000541EC3B1994201D117E03BB11A685B6886
:108F3000A24288BF02F1FF348B42F6D1FFF7E8FE70
:108F4000686804FB00F038BD0C46FFF7E1FE686876
:108F500004FB00F038BD9942F0D1002CEED0941EF5
:108F6000FFF7D6FE686804FB00F038BD2DE9F04F2E
:108F7000046883B0002C40D081EAE17AD4F81490E0
:108F80000E46AAEBE17AD14537D300290746256979
:108F900024DDA3698D4201937DD8DFF8008110E0C4
:108FA0000B60D4F800B02146D8F800005C46FFF70B
:108FB00031FFBBF1000F1ED0DBF810201544B54285
:108FC0001ED823683B60A1680B68012B03F1FF33B7
:108FD000E6D1D8F80000FFF71DFFE2E709EB010238
:108FE00095421ADA264603E033691D44954216DAA3
:108FF0003668002EF8D100243C6003B0BDE8F08F45
:10900000521B3244019BAE1BA361E36826611344EB
:10901000E360A9EB0A036361EEE72B4626461A4498
:10902000521B35683261E5B1DFF870800DE00B60EE
:10903000D5F800B02946D8F80000FFF7EBFE5D46F2
:10904000C6F800B0BBF1000F0AD0A9680B68012B6D
:1090500003F1FF33EBD1D8F80000FFF7DBFEE7E7C1
:109060003269002AD5D1B1680B68012B0CD0013BC5
:10907000DFF828800B6034683146D8F80000FFF72D
:10908000C9FE002CC5D1B6E7DFF81080D8F8000083
:10909000FFF7C0FEEFE70A46B4E700BF840B0120EC
:1090A0002DE9F0411D4F0D4606461C213868FFF79B
:1090B000F5FE003D044618BF012500B9C5B9A4B1AD
:1090C00006F1040838684146FFF7E8FE034600B998
:1090D000B5B9EBB100220121C4E900221960191DC4
:1090E000A360C4E90316C4E905622046BDE8F08127
:1090F00000F04AFE1C213868FFF7D0FE0446DEE788
:1091000000F042FE41463868FFF7C8FE0346E0E73C
:10911000214638681C46FFF77DFEE6E7840B0120F8
:109120002DE9F84F4FF0000C04468B469046056938
:109130000068AC440028FAD1B8F1FF3F00F09D80F0
:1091400008EB0B025A4538BF5A4694457DD34E4E24
:109150001F1E4FF01C01306818BF0127FFF79EFE4D
:10916000824608B9002F7DD1BAF1000F6DD00023DF
:10917000CAF81480CAF80430A369CAF81830236901
:109180005B4538D9E26808EB0B09A3685A44CAF872
:109190000830CAF80C201A6801321A602369A9EB5A
:1091A0000309B9F1000F55DDA3EB0B0355464FF052
:1091B0000008CAF810301C213068FFF76FFE2860E5
:1091C00008B90FBB48B324680546C0F80480A368FB
:1091D000D4F818C01A68E16801328360C0F818C07A
:1091E0001A602369C160A9EB0302002A42DB9146A1
:1091F0000361E0D131E024681946226913449B459C
:10920000F9D2ABEB010BBDE700F0BEFD1C213068CD
:10921000FFF744FE28600028D5D1DAF808100B6863
:10922000012B2DD0013B0B6051463068DAF800402D
:10923000FFF7F0FD2B689C4207D021463068246878
:10924000FFF7E8FD2B68A342F7D14FF0000A504624
:10925000BDE8F88F5046CAF81080002303605046DE
:10926000BDE8F88F00F090FD1C213068FFF716FE76
:10927000824679E7C0F81090EFE7ACEB0B0866E7A1
:109280003068FFF7C7FDCFE7840B012070B50D46AE
:10929000064611462846FFF703FF044620B12A463A
:1092A0003146C06801F04EFF204670BD92B3F8B55C
:1092B0001F460546164604460023226924681344C7
:1092C000002CFAD1721C06D072188A4238BF0A46A6
:1092D000934201D2F8BD5E1A2C698C420AD82D68DF
:1092E00022462B691C44A142F9D2891A1C4601E08E
:1092F00000212C69641AEB683846B442194428BF2F
:109300003446361B224601F01DFF27442D68002EEF
:10931000EED1F8BD704700BF38B5044658B181683A
:109320000B68012B09D0013B064D0B6021462868D4
:109330002468FFF76FFD204638BD024D2868FFF70F
:1093400069FDF3E7840B0120D8B170B504460D4EDA
:1093500005E00B6029463068FFF75CFD84B12546C7
:109360002468A9680B68012B03F1FF33F1D1306841
:10937000FFF750FD29463068FFF74CFD002CEED179
:1093800070BD7047840B01202DE9F04F066883B053
:10939000002E58D0B1FA81F388465B09002952D0DB
:1093A00032698A424FD2716941454CD307463546EE
:1093B00000E02A6913442D68984501D9002DF8D1A1
:1093C000DFF808A108F10401DAF80000FFF766FDF4
:1093D0000446002876D00346012243F8042B1846A1
:1093E0000193D6E9031201F0ADFEB168D6F81090F2
:1093F0000A68019B012A5AD0013A0A60C6E9024371
:109400003468A5420CD122E00B60D4F800B02146AC
:10941000DAF80000FFF7FEFC5D45F3685C4617D004
:1094200003EB09002269E16801F08CFEA168226962
:109430000B689144012B03F1FF33E5D1DAF800000A
:10944000FFF7E8FCE1E7002003B0BDE8F08FAB4692
:10945000A8EB090403EB0900DBF80C10A9EB0809E1
:10946000224601F06FFEDBF810304B44CBF8103091
:109470006BB1DBF80C302344CBF80C300020C6F87D
:1094800000B0C6F810803E6003B0BDE8F08FDBF896
:1094900008100B68012B10D0013B0B60DBF800407B
:1094A0005946DAF80000A346FFF7B4FCE6E7DAF81D
:1094B0000000FFF7AFFC019BA0E7DAF80000FFF720
:1094C000A9FCEBE74FF0FF30BEE700BF840B0120A3
:1094D00009B1FFF74BBD70472DE9F04784B0002A72
:1094E0004FD0D0F800808146CDF80C80B8F1000F45
:1094F00047D00D46D8F81410174602EB050A51451F
:109500003FD3002D58D0D8F810209542C0F0878066
:109510004046444624686CB323699E18B5422DD258
:10952000954203945AD0721BBA422FD9C91BC8F86E
:109530001410A168096801295CD0D21B00211046D3
:109540000192FFF7ADFD019A8046002860D02369A3
:10955000E1689B1BC0685344194401F0F3FD236983
:1095600022689B1BC8F800202B44C4F800802361AC
:10957000D9F80040204604B0BDE8F08732462046C6
:10958000C8E70024204604B0BDE8F0871FD0AD1B1B
:109590002B44236123685961E91937D02046FFF72E
:1095A000E5FCD9F80040D8F814302046DB1BC8F899
:1095B000143004B0BDE8F08703A81146FFF7D6FCCD
:1095C000039C2046C9F8004004B0BDE8F087DB1BCF
:1095D000C91B23614446C8F81410CBE761613946C2
:1095E000FFF7C4FCD8F81430D9F80040DB1BC8F8EA
:1095F0001430BFE72B44D21B981BE368C1191844F1
:10960000194401F09FFD2369DB1BB0E74446CAE71C
:10961000D9F80020044653693B445361AAE7164633
:10962000444613467FE700BF98B1024699B103460E
:1096300030B418461B68002BFBD18D6994695369BF
:1096400001602C43486903441046C2E9053430BC2C
:10965000704708467047704703682BB11A465B682D
:10966000002BFBD1516070470160704760B138B585
:109670000446006838B188420CD0044640688842ED
:1096800003D00028F9D138BD70474568FFF75CFE6C
:10969000656038BD4568FFF757FE256038BD00BFDF
:1096A00008B50822FFF792FBB0FA80F3024A5B0983
:1096B0001060584208BD00BF840B0120014B1868A0
:1096C000FFF726BC840B0120024B01461868FFF708
:1096D000A1BB00BF840B0120024B01461868FFF7B5
:1096E000DDBB00BF840B0120074B014610B582B0E3
:1096F00018680191FFF7D2FB044610B1019901F0FF
:10970000B5FD204602B010BD840B0120014B186846
:10971000FFF77CBB840B012070B504460D4616464E
:10972000FFF7EEFA0023E56284F8503084F85430F5
:1097300055B14EB92B061AD4E16B69B3CA43FF2366
:109740006FF0FF0063631EE005EA060265EA0603A8
:10975000C4E90E266364284601F018FE23695B699C
:109760000BB120469847BDE87040FFF7D1BA05F02D
:10977000C003802B16D005F0E003C02B1AD0636B1A
:10978000E16BD843CA432B4029402843236345EA71
:109790000203A1632064DDE7FF236FF0FF02194697
:1097A000E363CCE7E16B71B1CA434FF6FF730C483A
:1097B0006363E8E7E16B61B1CA436FF07F434FF049
:1097C0007F406363DFE74FF6FF73054A1946E363A3
:1097D000EBE76FF07F434FF07F421946E363ECE71E
:1097E0000000FFFF10B5FFF78BFA074B1C683CB178
:1097F000236920469B6903B198476469002CF7D11F
:10980000BDE81040FFF784BA900B012038B504463C
:1098100001F07CFC054B1D6825B11CB16D69013C54
:10982000002DFAD101F080FC284638BD900B0120B4
:1098300060B10388012B0AD1064B8268186810B901
:1098400004E0406928B1C36A9A42FAD17047002007
:1098500070477047900B012068B138B5104C2368F1
:1098600043B19842054602D106E09D4204D05B69AF
:10987000002BFAD138BD70472B69DB680BB1284645
:109880009847D5E905324AB1536103B19A61054B56
:109890001A689542EED122681A6038BD2360F4E759
:1098A000900B01208C0B012038B501F02FFC0B4DE3
:1098B000FFF726FA0A4B00221A60FFF729FA01F097
:1098C00033FC2C682CB12046FFF7C6FF6469002CDE
:1098D000F9D10023034A2B60136038BD900B01209F
:1098E000880B01208C0B012010B582B0044601F0DA
:1098F0000DFC074B186810B904E0406910B18442B0
:10990000FBD10120019001F00FFC019802B010BDC5
:10991000900B012070B504460D46164601F0F6FB8B
:1099200024B1324629462046FFF7F6FEBDE87040D6
:1099300001F0FABB48B138B504460D4601F0E6FB2C
:10994000A564BDE8384001F0EFBB704748B138B5B9
:1099500004460D4601F0DAFBE564BDE8384001F04D
:10996000E3BB704700B583B001F0D0FB044B18682F
:10997000019001F0D9FB019803B05DF804FB00BF32
:109980008C0B0120014B1868704700BF8C0B012025
:1099900010B5044682B030B101F0B8FBE06A019026
:1099A00001F0C2FB019802B010BD00BF10B5044623
:1099B00082B030B101F0AAFBE06B019001F0B4FB82
:1099C000019802B010BD00BF10B5044682B030B19E
:1099D00001F09CFBE06C019001F0A6FB019802B045
:1099E00010BD00BF10B5044682B038B101F08EFB47
:1099F00094F85000019001F097FB019802B010BD5F
:109A000050B138B504460D4601F080FB84F8505043
:109A1000BDE8384001F088BB704700BF002918BF7F
:109A2000002A10D078B103696BB110B45C6894421D
:109A300004D8DB6913B15DF8044B18474FF0FF30D1
:109A40005DF8044B70474FF0FF30704700B585B0AC
:109A5000CDE90210019201F059FB0398DDE90121E3
:109A6000FFF7DCFF019001F05FFB019805B05DF8A6
:109A700004FB00BF032A70B5154604460E460DD8F8
:109A80008CB186B1236973B15A68AA420BD11B6AA3
:109A90004BB131462046BDE870401847086800BA0F
:109AA00001F074FCECE74FF0FF3070BDF8B560B129
:109AB000036904464BB1284D0E4617462B6813B96F
:109AC00007E05B692BB19C42FBD14FF0FF35284684
:109AD000F8BDFFF715F92B68636103B19C610023A2
:109AE00001202C60A3612346DA69824212D05B69AF
:109AF000002BF9D1226923629368E0614BB32046C1
:109B00009847054640B12046FFF7A6FEFFF700F94B
:109B10002846F8BD0130E6E706B18FB923691B7806
:109B2000013B012B05D90D4B1A68002AEED11C60B0
:109B3000ECE72046FDF7A2FE0028F4D00546E2E758
:109B40003A4631462046FFF795FF0028E6D0054605
:109B5000D9E74FF0FF35D6E7900B01208C0B0120A1
:109B600000B585B0CDE90210019201F0CFFA03985B
:109B7000DDE90121FFF79AFF019001F0D5FA019884
:109B800005B05DF804FB00BF18B10369DB6A03B1DF
:109B90001847704718B103691B6B03B1184770472A
:109BA00070B5E8B1036904465B6ACBB103F00AFD06
:109BB000A36A0546C31AC82B15D92369204694F811
:109BC00024605B6A9847A56284F82400054646B97C
:109BD000864206D023695B691BB12046984700E0A6
:109BE0000125284670BD94F82450284670BD00BF5A
:109BF00000B583B0019001F089FA0198FFF7D0FF1A
:109C0000019001F091FA019803B05DF804FB00BFE8
:109C1000024B1B6803B11847704700BF880B012037
:109C200010B5044682B030B101F070FAE0690190DD
:109C300001F07AFA019802B010BD00BF38B50546B0
:109C400001F064FA65B1094B1C6814B904E0646959
:109C500014B1E3699D42FAD101F066FA204638BD9D
:109C60002C4601F061FA204638BD00BF900B012060
:109C700050B1074B1B6813B904E05B6913B1DA6993
:109C80008242FAD11846704703461846704700BF13
:109C9000900B0120F8B5FFF733F8134B134D002656
:109CA000DA6805F10C071E601AB19047431C0446A0
:109CB0000BD0BD420DD055F8043FDA681E60002A73
:109CC000F7D09047431C0446F3D1FFF721F8204614
:109CD000F8BDFEF7D7F901304FF0FF3418BF00246C
:109CE000FFF716F82046F8BDA47A00201C2D0020AE
:109CF00038B5FFF705F80B4B0B4C1B6904F10C054D
:109D000003B19847AC4206D054F8043F1B69002BBE
:109D1000F7D1AC42F8D1FEF7E1F9BDE83840FEF7E3
:109D2000F7BF00BFA47A00201C2D0020144BB3F80D
:109D300004C030B510EA0C0F124C04F10C0E07D021
:109D400093F806C08C4510D011B99D68954212D089
:109D5000744512D054F8043FB3F804C010EA0C0F55
:109D6000F6D093F806C08C45EED122B19D6895429D
:109D700001D0002DECD1184630BD0023184630BD6F
:109D8000A47A00201C2D002038B50B4B0B4CDB694E
:109D900004F10C0503B19847AC4206D054F8043FD7
:109DA000DB69002BF7D1AC42F8D1FEF71FFABDE812
:109DB0003840FFF717BD00BFA47A00201C2D0020FB
:109DC00003464FF40062402100209A64A3F86C100F
:109DD0009A63704738B50C460546FEF791FFE207D7
:109DE00008D4A30702D5012385F85030FEF790FF71
:109DF000002038BD012305F1340085F8403000F023
:109E0000CFFFEEE72DE9F047044686B015461E4623
:109E100088460E9FFEF774FFA36CAB4260D367B316
:109E2000404600222946FFF731FA804600285AD0E2
:109E300016F0040611D17868D4F81090FFF718FFD7
:109E40003B88012B1CD094F98530002B46D1FEF7BE
:109E50005FFF284606B0BDE8F087012394F88C9098
:109E6000D4F810A084F88C307868FFF701FF3B88A5
:109E7000012B30D084F88C90E5E704F15407CFE74C
:109E80005FFA89F3B146BA6894F86D7002F0F00C8D
:109E9000A16EBCF1E00F0CBF94F86EC094F86CC0DA
:109EA00000970027CDE901C80597039794F88C70B7
:109EB0000497FEF7BFFC0EB184F88C900028C2D046
:109EC0000146204600F04AF9FEF722FF4FF0FF302E
:109ED00006B0BDE8F0875FFA8AF3D4E70020EFE729
:109EE0006FF00700ECE76FF00200E9E7F0B51C4601
:109EF00089B005460E4684F002040C2105A80392A1
:109F0000C4F340040E9F01F0B1F905AB039A31464A
:109F100005F13400009400F0C7FF431C12D095F9FE
:109F2000853043B904461FB1394605A801F030F821
:109F3000204609B0F0BD002128464FF0FF3400F064
:109F40000DF9F5E76FF00701F6E700BF30B50446FD
:109F500083B000250191FEF7D3FE0C22019904F194
:109F6000540001F0EFF8032304F13400A4F8625028
:109F70002373A4F8565000F013FFFEF7C9FE2846DD
:109F800003B030BD00B583B00190FEF7B9FE019972
:109F9000044800F015F9FEF7BBFE002003B05DF8A1
:109FA00004FB00BFE47B002010B5054C216829B1FB
:109FB000204600F005F921680029F9D110BD00BF45
:109FC000E47B00202DE9F84F0A9C002B18BF002CE1
:109FD00059D00746002856D01E465B69002B52D048
:109FE0000B8888461546012B69D04FF00009394689
:109FF000284600F0A5FF002865D0524B1C68002CB5
:10A0000041D04FF0000A01E0246804B323694B45B6
:10A01000FAD1284600F084FF002836D02B88012B87
:10A02000F2D1D4F890100029EED04A68AB689A4279
:10A03000EAD10B689F42E7D1BAF1000F03D09AF83A
:10A040004030002B68D0A2462468002CDED1BAF143
:10A05000000F18D09AF84030ABB92346214630465D
:10A060004FF0FF32FFF75CF8044660B1014642460C
:10A070000AF1340000F0C6FE013004D12046BDE8EC
:10A08000F84FFFF761B9BDE8F88F04F1600B58464F
:10A0900000F060FF28B95846294600F067FF002805
:10A0A000B2D004F1540B584600F054FF0028C3D13D
:10A0B0005846414600F05AFF0028BDD1A4E7E368A6
:10A0C00093F8099093E7284600F02AFF002894D1DE
:10A0D0001C4A4B4629461068424600F0EBF80446FD
:10A0E0000028D0D090F84030002BCCD11946304613
:10A0F0004FF0FF32FFF714F805460028C3D00146A1
:10A10000424604F1340000F07DFE0130BBD1284608
:10A11000BDE8F84FFFF718B919464FF0FF32304647
:10A12000FEF7FEFF834600288DD00AF13400424638
:10A13000594600F067FE013085D15846A246FFF728
:10A1400003F961E7E47B00200348302108B501F002
:10A150008DF8002008BD00BF2C0C012090F985204F
:10A1600003461AB10020114683F88500084683F89B
:10A170008410FDF7FDBA00BF38B505460C46FEF762
:10A18000BFFD2B68236003B15C60002363602C601B
:10A19000BDE83840FEF7BCBD38B50C460546FEF7B5
:10A1A000AFFD63684BB122681A6023680BB1626827
:10A1B0005A60BDE83840FEF7ABBD23682B60F4E77A
:10A1C00038B50D460446FEF79BFDFEF799FD6B681A
:10A1D00053B32A681A602B680BB16A685A60FEF79D
:10A1E00097FDFEF78DFDEC6B3CB120466468FFF7F0
:10A1F000ABF8002CF9D1EC636C63FEF789FDFEF738
:10A200007FFDEC6C3CB120466468FFF79DF8002CA4
:10A21000F9D1EC646C64FEF77BFD2846FFF754FA35
:10A22000BDE83840FEF774BD2B682360D3E700BF5C
:10A2300000283DD030B5B1F802E001E00068C8B1B7
:10A24000B0F862C0F445F9D1B1F800C01CF0010FBC
:10A250000CF001040FD08D686DB1B0F86050AC45C2
:10A26000ECD1002CEAD0856E8C68A542E6D132B9DB
:10A27000B3B1012030BD002BEFD0002AF8D0B0F8E8
:10A2800054501488AC42D9D1E407D7D5C56D946831
:10A29000A542D3D1B0F856C05488A445CED1E8E742
:10A2A000002ACBD0B0F854501488AC42C6D1EBE7AA
:10A2B000704700BF2DE9F04100284CD04FF0030E4D
:10A2C000002504699C4226D1B0F862C04C88A445A0
:10A2D00021D1446E14B14E68B4421CD1B0F8604034
:10A2E000E6071ED5866EE6B1B1F800C01CF0010F7E
:10A2F00038D10124B0F854C01CF0010F1ED0C66D37
:10A30000E6B11AB1178817F0010F34D10134A64510
:10A3100001D9A646054600680028D2D12846BDE8E6
:10A32000F0810C8814F00104E4D08C68B0F854C0BB
:10A33000003C18BF01241CF0010FE0D13AB1B2F883
:10A3400000C01CF0010F02D09668002EDED17445CB
:10A3500005D2002CDDD105462846BDE8F0814FF03E
:10A36000010ED8E78F68002FC3D0A445D3D1BE42D9
:10A37000D1D10024BEE7D2F80880B8F1000FC5D0D3
:10A38000BC45C8D14645C6D1B0F856705688B742CC
:10A39000DDD0C0E72DE9F04184B0284F04460C22FF
:10A3A00001A8B7F8008044F2010643F6FE7500F0FC
:10A3B000C9FEFEF7A5FC08EB06039BB2AB422AD808
:10A3C00008F101081FFA88F84046FBF75FFAADF87C
:10A3D00006004CB3BDF804E02346DDF80CC00EF0D7
:10A3E000010101E01B68FBB1B3F862208242F9D1A0
:10A3F0000029E0D0BCF1000FDDD0B3F86020964515
:10A40000F0D10029EED09A6E9445EBD108EB06030B
:10A410009BB2AB42D4D94FF440484046FBF736FAE2
:10A42000ADF80600002CD5D1A7F80080FEF770FC2F
:10A43000BDF8060004B0BDE8F08100BF327D002009
:10A4400038B505469420FFF747F9044690B19422A9
:10A45000294600F077FE0023C4E90033A36023738C
:10A46000A3612363E36163626363E3636364E3643F
:10A47000A4F88430204638BD2DE9F84F07460E4633
:10A48000904600F043FE394B1B78002B53D0DFF889
:10A49000E0A0FEF735FC0024534653F8045B3DB1C1
:10A4A00001340C2CF9D1FEF733FC6FF0010044E0CD
:10A4B0004FF0FF330AEB840B4AF82430FEF728FCF8
:10A4C000424631463846FFF731FC814600283DD0F0
:10A4D0009420FFF709F9064600283DD04AF82400E9
:10A4E000A0F860700573C0F808B0C0F81490C0F808
:10A4F0001080B8F1000F02D1D9F808300361A6F836
:10A500005470FEF7FDFBD9F80030336003B15E6094
:10A5100000237360C9F80060FEF7FAFBD9F8203019
:10A520005B681BB130469847013018D000F0FCFD45
:10A530005846BDE8F88F6FF018004FF0000BFDF79C
:10A5400017F900F0F1FD5846BDE8F88F6FF00900EB
:10A5500000234AF82430F0E76FF00200F8E73146B4
:10A560007069FFF72DFEFDF7FDF8F1E79A13012062
:10A570002C0C0120F0B587B005460C46164600F0BD
:10A58000C5FD564B1B78002B66D0002D64D02D687E
:10A59000002D61D02B7B042B00F099806F693A6A03
:10A5A0001278002A51D1002C00F08580002E00F096
:10A5B00082802388DA0740F181800B2E7BD96E469A
:10A5C00094E8070086E80700002A7AD0BDF8023038
:10A5D00013B9BB79032B69D10C2205F160040DEB93
:10A5E0000200214600F0AEFDBDF80C30BDF80020A1
:10A5F0001340ADF80C30DB073AD40198FFF738FB75
:10A60000BDF80C30012B59D100283DD0C36A059309
:10A61000BDF80E3083B36B6903A932461868012375
:10A62000FFF706FE00284FD120460C2200F08AFDDD
:10A630006B691B6ADC681CB131462846A04704469A
:10A6400000F072FD204607B0F0BD032B42D0022B74
:10A65000A9D16FF015061EE06FF01B064FF0FF3416
:10A660003046FDF785F800F05FFD204607B0F0BDED
:10A67000059B002BCCD1C0E76B6903A91868FFF7D5
:10A6800089FEADF80E00C6E70298FDF74BFD0028E5
:10A69000BCD16FF00F0695F9850050B1002385F805
:10A6A000853085F88400FDF763F8D7E76FF00E0674
:10A6B000F1E73046F5E76FF00506ECE76FF00B06C3
:10A6C000E9E76FF00606E6E76FF00D06E3E76FF0E7
:10A6D0000A06E0E76FF01206DDE700BF9A130120DB
:10A6E000F8B505460C46164600F010FD554B1B7894
:10A6F000002B6DD0002D6BD02D68002D68D0002C64
:10A7000042D0002E40D02288D10740F190800B2EFD
:10A710003AD9B5F86260002E36D1B5F8603013F042
:10A7200001072ED1A16801F0F000E0283AD1934250
:10A73000678859D063686B66002F3ED03E46A5F807
:10A740006260FEF7DDFAEC6B3CB120466468FEF710
:10A75000FBFD002CF9D1EC636C63FEF7D9FAFEF730
:10A76000CFFAEC6C3CB120466468FEF7EDFD002C9E
:10A77000F9D1EC646C64FEF7CBFA00F0D5FC002054
:10A78000F8BDA96E0029CDD06FF0050095F9853090
:10A790001BB10022184685F8852085F88400FCF757
:10A7A000E7FF19E0002932D16788FFB92288B5F8A0
:10A7B0006030934215D063686B666B699A79032A9F
:10A7C000BDD005F160011868FFF7E4FD0646B6E765
:10A7D0006FF01B00FCF7CCFF00F0A6FC4FF0FF3041
:10A7E000F8BDDA07E7D5A168A966A3E76B6921463A
:10A7F000186800231A46FFF71BFDD8B92288B5F860
:10A800006030934219D063683E466B6697E73FB964
:10A810002046FFF70DF80028C6D16FF00E00B5E70F
:10A820000021A86EFDF738FD0028BDD1F0E76FF0DC
:10A830000B00ABE76FF00D00A8E7DB07D3D463682C
:10A840006B667BE79A13012038B5044600F05EFC86
:10A85000114B1B78B3B1ACB125689DB1D5F8900010
:10A8600008B1FDF70FFD6B691B6A9B681BB1284699
:10A870009847054610B900231D46236000F054FC9C
:10A88000284638BD4FF0FF356FF01B00FCF770FF16
:10A8900000F04AFC284638BD9A1301202DE9F04308
:10A8A00085B0164604460D461F46DDF8308000F0A0
:10A8B0002DFC344A1278002A41D0002C3FD0246865
:10A8C000002C3CD0B8F1000F27D00D9B2BB3B8F86B
:10A8D0000030DB074CD50D9B0B2B46D9D8F8083040
:10A8E000002B3FD0002D40D094F85030002B42D1A7
:10A8F00063691B6AD3F81890B9F1000F3ED03B464C
:10A90000324629462046CDF80080C847039000F023
:10A910000BFC039805B0BDE8F083B4F85430DA07B7
:10A920001AD46FF0130094F985301BB10022184639
:10A9300084F8852084F88400FCF71AFF03E06FF0A8
:10A940001B00FCF715FF4FF0FF30039000F0ECFB0D
:10A95000039805B0BDE8F083E36D002BE1D04FF024
:10A960000008BFE76FF00600DDE76FF00500DAE7EB
:10A970006FF00B00D7E76FF01400D4E76FF00A0018
:10A98000D1E700BF9A13012010B5002482B0CDE9B1
:10A990000044FFF783FF02B010BD00BF2DE9F04374
:10A9A00085B00D46044690461F460C9E00F0AEFB57
:10A9B0003149097800293BD0002C39D02468002C7B
:10A9C00036D0002D31D0B4F862301BB963699B7961
:10A9D000032B3AD10D9B002E18BF002B14BF012270
:10A9E00000221AD194F84030002B3CD163691B6AD5
:10A9F000D3F81490B9F1000F3BD0002A3B464246F1
:10AA0000294608BF002620460096C847039000F05C
:10AA10008BFB039805B0BDE8F0831B682BB1B4F83D
:10AA20006010C90722D50B2BDCD86FF005000EE0B3
:10AA30006FF01B00FCF79CFE4FF0FF30039000F01E
:10AA400073FB039805B0BDE8F0836FF0040094F940
:10AA500085301BB10022184684F8852084F88400D4
:10AA6000FCF786FEE8E76FF01400F0E76FF00B00EC
:10AA7000EDE76FF00A00EAE79A13012010B5002411
:10AA800082B0CDE90044FFF789FF02B010BD00BFDE
:10AA90002DE9F04184B01D4604468846174600F073
:10AAA00035FB3B4B1B783BB334B3266826B3002DF4
:10AAB0006AD00A9B002B67D0364B984514D0736937
:10AAC000002B61D01B6A1C6A002C5DD00A9B3A46A1
:10AAD0004146304600932B46A047039000F024FBEC
:10AAE000039804B0BDE8F0817B1E052B3ED8DFE85B
:10AAF00003F015202B3D0A0A6FF01B00FCF738FE0F
:10AB00004FF0FF30E9E70A9B032B3DD92B68052F57
:10AB10004FF000000CBFB364B363DEE70A9B032B66
:10AB200032D92B6800201B1A18BF012386F88D30FC
:10AB3000D3E70A9B032B27D92B6800201B1A18BFC9
:10AB4000012386F88C30C8E70A9B032B1CD96B883D
:10AB50004FF47A72002002FB03F3C6F888302B789A
:10AB60001B1A18BF012386F88E30B6E76FF0080075
:10AB700096F985301BB10022184686F8852086F8A4
:10AB80008400FCF7F5FDBBE76FF00500F0E700BFC0
:10AB90009A13012017E503002DE9F04184B01D460A
:10ABA00004460F461646DDF8288000F0AFFA794BD0
:10ABB0001B78002B34D0002C32D0D4F800C0BCF16C
:10ABC000000F2DD0002D00F0E280B8F1000F00F052
:10ABD000DE80714B9F4217D0DCF81430002B00F060
:10ABE000D6801B6A5C6A002C00F0D1802B4632466E
:10ABF00039466046CDF80080A047039000F094FAF3
:10AC0000039804B0BDE8F0810D2E00F2B280DFE8B9
:10AC100006F07485919DB02020323F4E0E0E5C6888
:10AC20006FF01B00FCF7A4FD4FF0FF30E5E7D8F80C
:10AC30000030032B40F2AB8004230A2E4FF00000BB
:10AC4000C8F800300CBFDCF83430DCF844302B603E
:10AC5000D3E7D8F80030032B40F299800423052E67
:10AC60004FF00000C8F800300CBFDCF84830DCF8CA
:10AC700038302B60C1E7D8F80030002B00F0878017
:10AC800001230020C8F800309CF80C302B70B4E78A
:10AC9000D8F80030002B7AD001220023C8F8002019
:10ACA00018469CF984202A708CF88430A5E7D8F8DF
:10ACB0000030002B6BD00122DCF81430C8F80020E3
:10ACC00003B19B7900202B7097E7D8F80030032B55
:10ACD0005DD904230020C8F80030DCF82C302B604C
:10ACE0008BE7D8F80030032B51D904230020C8F893
:10ACF0000030DCF828302B607FE7D8F80030032BD9
:10AD000045D904230020C8F800309CF80C30A3F18A
:10AD10000403B3FA83F35B092B606EE7D8F80030C5
:10AD2000032B34D904230020C8F800309CF88D3060
:10AD30002B6062E7D8F80030032B28D904230020C9
:10AD4000C8F800309CF88C302B6056E7D8F80030FB
:10AD5000032B1CD90423114A0020C8F800309CF8AA
:10AD60008E302B70DCF88830A2FB03239B096B80AC
:10AD700043E76FF008009CF985301BB100221846AC
:10AD80008CF885208CF88400FCF7F2FC4CE76FF01F
:10AD90000500F0E79A13012017E50300D34D621078
:10ADA00038B50546FDF7ACFF4DB1AC683CB1204667
:10ADB0006468FEF7C9FA002CF9D1AC602C60BDE8DC
:10ADC0003840FDF7A5BF00BF38B50D460446FDF776
:10ADD00097FF6B69D4E900120B4493420CD82946C3
:10ADE000A068FEF721FC6A692368A0601344236011
:10ADF000FDF78EFF002038BDFDF78AFF4FF0FF30D2
:10AE000038BD00BFF8B504460D461746FDF778FF7C
:10AE100022686B691344626893421BD800210C209E
:10AE2000FEF73EF90646A8B139460C22C06800F08C
:10AE300089F96A69236829463046134444F8083B77
:10AE4000FEF7F2FB01462046FEF706FCFDF760FF29
:10AE50000020F8BDFDF75CFF4FF0FF30F8BD00BFEC
:10AE600070B50546806868B11E460B4641698A4246
:10AE700028BF0A4600211446FEF718FA012E04D016
:10AE8000204670BD0446204670BDFDF739FF05F130
:10AE900008002146FEF71CFB2B681B1B2B60FDF7EF
:10AEA00037FF204670BD00BF2DE9F84385689DF847
:10AEB000208005B32F6806469946D7B10B467969BD
:10AEC00038468A4228BF0A4600211446FEF7EEF9AA
:10AED00048460C22E96800F035F96B690C3BA34247
:10AEE00088BF4FF0FF34B8F1000F08D12046BDE80D
:10AEF000F8833C46ECE72C462046BDE8F883FDF796
:10AF0000FFFE1FB133687A699B1A336006F10800AF
:10AF10002946FEF7ABFBFDF7FBFE2046BDE8F883B4
:10AF200068B1038813F0010308D0806800F0F000D6
:10AF3000A0F1E000B0FA80F0400970471846704771
:10AF400010B10388DB0701D4002070478068FDF74B
:10AF5000A3B900BF38B10388DB0704D58068B0FA15
:10AF600080F0400970470120704700BF20B119B13F
:10AF700002880B88934201D00020704713F0010330
:10AF8000FAD080688B68C01AB0FA80F04009704728
:10AF9000034608461BB111B11A88D20700D4704786
:10AFA0000C22194600F0CEB810B5044610B1038843
:10AFB000012B01D0002010BD4068FEF759FE00288B
:10AFC000F9D1A068BDE81040FDF7ACB8F8B500288D
:10AFD00053D043680446002B4FD083682E4D2F4A30
:10AFE000C1682B6011601BB31B68002B45D02C4E31
:10AFF00030469847002840D12B68CBB19A68294F3A
:10B000008AB1316879B1304690473B789BB14FF0B7
:10B01000FF342B682BB1DB681BB12148026802B1F9
:10B0200098472046F8BD3A782AB14FF0FF34F2E74E
:10B030001C4F3B780BBBD4E90001FEF731FB044603
:10B040000028E6D1FBF7DEFF04460028E1D1FDF73A
:10B05000B3FE154A154B0A2014601C6002F096FAE4
:10B0600001300ED0FEF716FE01300AD0FFF76CF863
:10B07000013006D001233B70CBE74FF0FF34204670
:10B08000F8BD4FF0FF34FEF70FFCFEF731FE02F083
:10B090008BFAFEF73BFBBCE7DC030120E403012055
:10B0A0005C0C01209A130120900B01208C0B0120D5
:10B0B00008B502F0AFFABDE80840FBF759BF00BF82
:10B0C000054B1A681AB112681AB110B11047104630
:10B0D00070474FF0FF307047DC030120044B1A68C3
:10B0E0002AB192681AB110B1036803B110477047D2
:10B0F000DC030120044B1A682AB1D2681AB110B1DE
:10B10000036803B110477047DC030120044B1B6840
:10B110002BB19B681BB10348026802B11847704706
:10B12000DC0301205C0C0120044B1B682BB1DB68A5
:10B130001BB10348026802B118477047DC030120C5
:10B140005C0C0120032A7ED90B4630B5CC0705D50F
:10B1500011F8013B013A00F8013B0B469D0704D56D
:10B1600031F8023B023A20F8023B950976D001F112
:10B1700040034FEA851E00F1400C03EB851553F8A0
:10B18000404C40330CF1400C4CF8804CAB4253F82F
:10B190007C4C4CF87C4C53F8784C4CF8784C53F879
:10B1A000744C4CF8744C53F8704C4CF8704C53F889
:10B1B0006C4C4CF86C4C53F8684C4CF8684C53F899
:10B1C000644C4CF8644C53F8604C4CF8604C53F8A9
:10B1D0005C4C4CF85C4C53F8584C4CF8584C53F8B9
:10B1E000544C4CF8544C53F8504C4CF8504C53F8C9
:10B1F0004C4C4CF84C4C53F8484C4CF8484C53F8D9
:10B20000444C4CF8444CBAD101EB0E03704412F09C
:10B210003C0FC2F3830123D08D00A0F1040C03EB9B
:10B22000810153F8044B8B424CF8044FF9D1284468
:10B23000940703D531F8023B20F8023BD20701D531
:10B240000B78037030BD930703D531F8023B20F82B
:10B25000023BD30744BF0B78037070470B46D6E719
:10B260001946E5E70AB108F03DBD70470A4611B13D
:10B27000002108F037BD70477AB1013A431E013909
:10B2800000EB020C01E0634506D013F8010F11F842
:10B29000012F801AF7D0704770471046FBE700BFB8
:10B2A00048B1034613F8010B28B1002013F8012B15
:10B2B0000130002AFAD1704778B1034613F8012B08
:10B2C0006AB1B1FA81F0400911B908E0814205D0B4
:10B2D00013F8012B0130002AF8D170477047002085
:10B2E000FBE700BF50B149B10B782BB100F8013B2F
:10B2F00011F8013F002BF9D100230370704700BF04
:10B30000A0F14103192B01D82030C0B2704700BF13
:10B3100008B330B405468C4615F8014B01E09C4259
:10B3200015D01CF8013B002BF9D1C4B115F8014B25
:10B330008C4601E0002BF9D01CF8013B9C42F9D16E
:10B340003CB1002305F8013C156030BC704728462D
:10B35000E0E72546F8E710680028DAD17047204674
:10B36000146030BC704700BF10B5074C44F2A71002
:10B370006FF0004200232168A1FB000107F0C6FA2C
:10B380001046226010BD00BF240C0120024A136841
:10B3900018441060704700BF240C0120836993F8A3
:10B3A0008020042A19D0A2F1050CBCF1010F13D89A
:10B3B000052A1BD0DA6E0A21013A83F88010033285
:10B3C00011D84FF0FF31012299660273D3F884201F
:10B3D00042F00802C3F8842070470721012283F855
:10B3E00080100273F2E73022DA66EAE71A6A8A42CC
:10B3F000E0D0082283F88020E8E700BFF8B50023FA
:10B40000876914460E461370BB8BA3B10D4643F0FB
:10B410000170FAF73FFA286025780E4B0435EDB23B
:10B420002570B87F43EA0020FAF734FA7051237888
:10B4300003332370F8BDC06DFCF774FE30B1836830
:10B44000283B9BB2BB8325783544E0E72578BB8B4E
:10B450003544DCE70000030370B5846906468821A3
:10B460002046FFF703FF4FF40672B56B336FA287D8
:10B470001A4AA383954227D89BB2A5609D4238BF44
:10B48000A583A37F4FF4405C0CFA03F2AA420AD2D0
:10B490000133DBB20CFA03F2591C9E46AA42CBB22E
:10B4A000F8D384F81EE04FF0FF330C220B4963669B
:10B4B000E3676367A366A367C4E91B33736BA16388
:10B4C000C4E912221BB970BD1546A260D9E706F186
:10B4D0003400BDE87040FFF763BC00BF0000FF0F01
:10B4E000062970B5049D86690AD10E3A86461C4627
:10B4F000072A10D8DFE802F0160F181B0F202309C7
:10B500000495BDE87040FCF753BDC36F042223606F
:10B5100000202A6070BD6FF00801FEF71FFE4FF09B
:10B52000FF3070BD036FF1E790F88030EEE7D6F89A
:10B530008430C3F3C003E9E7436F5B08E6E7836F3A
:10B540005B08E3E738B5456A95B10446FDF7D8FBDB
:10B55000646A25462468002CFBD1286B2946836A3F
:10B560002430013B4360FEF717FE2C63FDF7D0FB50
:10B57000284638BD10B504468820FEF7B5F8E0B17E
:10B5800000234FF400424FF46151A0612367184635
:10B5900084F88E3096234FF0010C6167A264082175
:10B5A000A2634FF48072A367402384F880C0E167F0
:10B5B000A4F88C20A4F86C3010BD20466FF0020176
:10B5C000FEF7CCFD4FF0FF3010BD00BF2DE9F0417C
:10B5D00006460D46FDF794FB344B1C68002C57D0F3
:10B5E000002701E02468A4B1B4F862206B889A4275
:10B5F000F8D1237B042B34D1002FF3D104F1600860
:10B600004046FFF7A7FC002848D027462468002CB6
:10B61000EAD1002F3CD0FC696CB104F154003146F2
:10B62000FFF7A4FC20B1B4F8562073889A4213D0D7
:10B630002468002CF1D17C6A6CB104F154003146CD
:10B64000FFF794FC20B1B4F8562073889A4203D0D7
:10B650002468002CF1D13C46FDF75AFB2046BDE89A
:10B66000F081294604F16000FFF780FC0028B9D082
:10B67000237B002BB6D0314604F15400FFF776FC53
:10B680000028AFD0B4F8562073889A42AAD1E3E7D5
:10B690000024FDF73DFB2046BDE8F08140462946E9
:10B6A000FFF764FC002818BF27469BE7087C0020B2
:10B6B000062970B5049D16D1152A0446944639D83A
:10B6C0009E464FF46513D340DB0701D5042D39D1D5
:10B6D000ACF10E0CBCF1070F2CD8DFE80CF00F2BEF
:10B6E000152B2B1D24090495BDE87040FCF740BCC8
:10B6F000DEF8003033B30020E36770BDDEF80030C1
:10B7000003B30020236770BDDEF8003003B10123CE
:10B71000002084F8803070BDDEF8003093B15B000B
:10B720000020636770BDDEF800305BB15B00002075
:10B73000A36770BD6FF008012046FEF70FFD4FF0C4
:10B74000FF3070BD6FF00501F6E700BF2DE9F04353
:10B75000044689B04069FEF78BFA002106461420A2
:10B76000FDF79EFC002800F0AA8005461421C06861
:10B77000FFF77CFDE76A27B194F83080B8F1000F3D
:10B7800043D1EB6850221A73EF68E388E0693B808D
:10B79000638A7B80FAF77EF87860EF68206AFAF7B0
:10B7A00079F8EB68B86094F824205A73E08CEF685D
:10B7B000FAF76CF80346616B2846FB81FDF734FF0E
:10B7C0000546208DEF68FAF761F8EB680022788271
:10B7D00003F110071A82238A012B06D1002E64D0B0
:10B7E000336A9B0753D4EF681037AA8A4FF4C061BD
:10B7F0002846FBF787FF3880E8681030238A012B42
:10B800002FD0002009B0BDE8F08300212820079543
:10B81000FDF746FC814600284ED0C0682821FFF77E
:10B8200025FD49460798FDF7FFFE7B1E00210768AE
:10B83000079013F8010FFA68505401318845F8D188
:10B840008A0703D021F003010431C9B2283907A8BF
:10B85000FDF73EFE3B69079A1433D2689B001373D1
:10B8600092E72368E168A269E3B15C781F7893F8F6
:10B87000203000940024029501970394CDE9043010
:10B8800006233046FCF7D6FF09B0BDE8F0836969AE
:10B890003046FCF769FC0028A5D1AB6943F02003D2
:10B8A000AB61ABE71C464027E3E7A069FCF73AFC35
:10B8B0000646002894D196E72846FDF745FD606BC3
:10B8C00008B1FDF741FD6FF002009BE7037B7BB3FE
:10B8D000826910B592F880308EB00446012B25D0D5
:10B8E0000A2B23D0022B24D0D368002004210793F5
:10B8F00004F16C030C22089001A88DF8241004F1C7
:10B9000060010093FFF71EFC04A80C2204F154010F
:10B91000FFF718FC00236846ADF82630ADF8283054
:10B920000B938DF830300D93FFF710FF0EB010BD64
:10B9300070470023506A14210793D9E7F0B50C46ED
:10B94000114691B01D46E2680646019192F80DC07D
:10B950001CF0100323D090680024F9F79BFF4FF0F0
:10B96000040C019909900C228DF82CC00A940DEB5F
:10B9700002000296FFF7E6FB06A80C222946FFF715
:10B98000E1FB002302A8ADF82E30ADF830300D9366
:10B990008DF838300F93FFF7D9FE11B0F0BD099341
:10B9A0005068F9F777FFE26867694FF0140C537B32
:10B9B000127B03F00104C3F34003120901993C44D4
:10B9C0001C44A4EB82040444CDE700BF00293DD011
:10B9D000CA68F8B5137B0F461B09052B4FEA830E87
:10B9E00033D90646142423E0611C71452DD295F805
:10B9F00001C0611E8C44F44527D2022B1FD0032BBB
:10BA00000CD1AA78D6F884300C2A43F0200328BF42
:10BA10000C2286F83E20FA68C6F88430A3185B78BA
:10BA20001C44137B1B09B4EB830F4FEA830E0CD22B
:10BA3000A35CA5184BB1012BD6D10134F1E768887E
:10BA4000F9F724FFFA68B087E8E7F8BD704700BF50
:10BA500038B5144D00221449C82001F0E5FD2860D6
:10BA6000A8B1002211494FF4FA7001F0DDFD104B2E
:10BA70000446186070B1FFF777FC0E4903460020BA
:10BA80000A6802F57A4252FA83F30B6038BD4FF030
:10BA9000FF3038BD286801F0E7FD4FF0FF302C6023
:10BAA00038BD00BF600C012069D1000045DE0000F8
:10BAB000640C0120E0030120F8B5036B0546002B60
:10BAC0002FD0027B022A1AD09A6A03F124078669D2
:10BAD000013A9A626EB134682CB120466468FDF771
:10BAE00033FC002CF9D100233046C6E90033FDF7C2
:10BAF000EBFD29463846BDE8F840FEF761BB1A6AFF
:10BB000003F11C078669013A1A62002EF1D03468ED
:10BB1000002CE8D020466468FDF716FC002CF9D113
:10BB2000E1E78669D6F884303468DB0705D5D4B1FF
:10BB300020466468FDF708FCF9E72CB120466468EC
:10BB4000FDF702FC002CF9D1002405F14400C6E900
:10BB50000044FFF725F905F154002C730C21BDE8D2
:10BB6000F840FFF783BB00233046C6E90033FDF7FA
:10BB7000ABFD29460248BDE8F840FEF721BB00BFF7
:10BB8000087C002010B5037B0446042B05D016E08A
:10BB9000FFF79CFEE069FFF78FFFE0690028F7D10F
:10BBA000606A38B1FFF792FE606AFFF785FF606A4E
:10BBB0000028F7D12046BDE81040FFF77DBFFFF712
:10BBC00085FE2046BDE81040FFF776BF70B5037BC9
:10BBD00004460D468669042B0DD0FFF73DFC00237B
:10BBE0000322E562E3650020A4F85630042386F8BA
:10BBF0008020237370BDFDF783F8236AA26A991829
:10BC00008D4208D23BB1E069FFF7BCFF236AA26A0C
:10BC100098188542F6D3AA4205D9606AFFF7B2FFA9
:10BC2000A36A9D42F9D3E562FDF772F8002070BD6A
:10BC300038B5104CFDF764F8206858B18269D2F825
:10BC4000843043F00103C2F88430FFF79BFF206883
:10BC50000028F3D1084D094C286801F005FD206843
:10BC600001F002FD00232B602360BDE83840FDF7A2
:10BC70004FB800BF087C0020600C0120640C01203C
:10BC8000F8B5FDF73DF8174B1D68B5B10027AE6953
:10BC90002C462D68D6F88430DB0712D4237B042B86
:10BCA00015D034682CB120466468FDF74DFB002C9C
:10BCB000F9D1C6E90077002DE9D1BDE8F840FDF7DC
:10BCC00027B82046FFF7F8FE002DE0D1F5E7E06940
:10BCD0000028F0D0FFF756FFE0690028FAD1002DC8
:10BCE000D5D1EAE7087C0020002A18BF002B31D00C
:10BCF00038B501B938BDDB680546104693F802C077
:10BD000093F803E04CEA0E2CA2F802C01A785B7894
:10BD100042EA03234B80FFF759FC0028EAD08369ED
:10BD2000092DE7D801A252F825F000BF0BCF000083
:10BD300003CF0000DFCE0000E7CE0000E7CE00001A
:10BD4000DFCE0000DFCE00007DCE00007DCE000003
:10BD5000FBCE00007047E82380F8853038BD037BB8
:10BD6000042BC7D0EE2380F88530BDE83840FFF7BC
:10BD7000A3BEF72380F8853038BDF82380F88530DE
:10BD800038BD9A8F1A6338BD2DE9F04F846991460A
:10BD9000456B9846A2688FB0A3690746551B0E46AF
:10BDA000D4F820A025EAE575AB4203D2E91AA08BAE
:10BDB000814260D3B207A56166D5B5F5405F0AF14F
:10BDC000010A55D8ADB2F30710D594F880300AF1C6
:10BDD000010A042B5BD0072B02D1092384F88030A1
:10BDE000D4F8843043F00403C4F8843016F0100B08
:10BDF00007F16C034FF00C0207F1600101A818BFB6
:10BE0000D4F824B00093FFF79DF90C2207F15401F8
:10BE100004A8FFF797F94FF0FF336846A367236A3A
:10BE2000ADF8265000250793CDF820B08DF824609A
:10BE3000CDF82C908DF83080ADF828500D95FFF797
:10BE400085FC236925645A1C03F10053C4F820A023
:10BE50009A4206D8524501D8534504D20FB0BDE8E6
:10BE6000F08F5245F8D8C4F810A00FB0BDE8F08F9D
:10BE70004FF44055A7E7B1EB520F9BD2002B18BFF0
:10BE80001D46B207A56198D4A37FDD409AE705233C
:10BE900084F88030D4F8843043F00403C4F884304C
:10BEA000A4E700BF30B5856985B0044695F88030B9
:10BEB000052B0DD0092B0BD0022B17D000231021FE
:10BEC0001A46FFF761FF4FF0FF33AB6705B030BD97
:10BED0002A6A00232046511E1A4629621121FFF7C3
:10BEE00053FF4FF0FF33AB6705B030BD2B6A0DF148
:10BEF000070202A9013B2B62FFF780FA9DF8073089
:10BF000002AA12212046FFF73FFF4FF0FF33AB6735
:10BF100005B030BD2DE9F041054682B0144603F06E
:10BF2000020687690191DDF82080FCF7E9FE2846CA
:10BF3000B6FA86F3019950F8342F5B09A24228BF64
:10BF40002246FEF78DFF0446EEB93B6CBA8B0344E4
:10BF5000B3EB420F3B642BD32B7B032B10D0002C75
:10BF600032D0B8F1000F05D00C2205F15401404643
:10BF7000FFF7E8F8FCF7CCFE204602B0BDE8F08100
:10BF80002846FFF78FFF002CEBD12B7B032B1BD117
:10BF9000B8F1000F05D00C22404605F15401FFF71F
:10BFA000D1F8D7F884301B07E4D56FF019010DE004
:10BFB000BA68B3EB520FCFD2BA69002AE3D1002B93
:10BFC000CAD1002CE1D0CCE76FF013010191FCF74E
:10BFD0009FFE28460199FEF7C1F84FF0FF30CCE7ED
:10BFE00038B5FCF78DFE154B1D68D5B12B7BAA69C2
:10BFF0002BB1936F581C02D0013B9367CBB16C6A95
:10C0000064B1237BA26933B1936F591C03F1FF33F1
:10C0100001D093674BB12468002CF2D12D68002D1C
:10C02000E4D1BDE83840FCF773BE2046FFF73AFF85
:10C03000F1E72846FFF736FFE1E700BF087C002064
:10C04000F0B5054685B008460C46FEF7ADFF002862
:10C050004CD001462046FEF773FF00283AD1204617
:10C06000FEF75EFF002835D12846224FAE69FFF764
:10C07000F3F90DF1070202A92846FFF7BFF93B6863
:10C080003362013394E80700336105F1540383E818
:10C090000700FCF735FE9DF8073002AA022128466A
:10C0A000FFF772FE0446F0B9012386F880300223C0
:10C0B0002B73FFF759F93B6803F57A4353FA80F085
:10C0C000B36C33671E233860F366FCF721FE20460D
:10C0D00005B0F0BD6FF00E04214628464FF0FF3446
:10C0E000FEF73CF8F3E7FCF713FEF5E76FF00F04FB
:10C0F000F2E700BFE00301202DE9F047856906461D
:10C10000D0F844A08EB0EB68D5F82090C06DA3EBBA
:10C110000907A9EB03085744B94228BF39460C4622
:10C12000FCF7BEFC04F11403984296F8503038BF77
:10C13000A0F114043F1BB7FA87F77F09002C5FD0EA
:10C14000002F5DD0002B67D11827B269736B906800
:10C150009169C31A23EAE37399420AD2B2F81CC068
:10C160005A1A624505D2B2EB500F02D2002918BF0D
:10C170000B46AB61002C47D0716C00232246F06C5B
:10C18000A1EB0A014144FCF7CBFF804600285AD0BE
:10C1900006F16C0306F160010C2201A80093FEF782
:10C1A000D1FF06F154010C2204A80026FEF7CAFFB5
:10C1B0002B6A68464C4407936B6A8DF82470089389
:10C1C000AB69AA7FCDF83480D3404FF0FF32ADF891
:10C1D0002860AA67ADF826300B968DF83060FFF71F
:10C1E000B5FA2B692E645A1C03F100532C629A4253
:10C1F0000CD8944201D39C420AD90EB0BDE8F08716
:10C2000003B11FBB1027A0E7A046C1E79442F2D3B9
:10C210002C610EB0BDE8F087192795F8803009F140
:10C220000109042B0BD0072B02D1092385F880309C
:10C23000D5F8843043F00403C5F8843085E705233E
:10C2400085F88030F4E74C442C62D6E71127E4E708
:10C250002DE9F843856907468946D5F88400296A9F
:10C2600020F04003AA6AC5F88430EB685B1A9E1878
:10C270005ED42A6BA98F9C187A6CB4FBF1F403EBA3
:10C28000020801FB04F446454346A8BF4646B442B3
:10C29000A8BF3446002C52DD89F00109002609F0C0
:10C2A0000109A14229DDEB6AB4EB530F1DDCD5F87F
:10C2B0008430DA0619D4E9682A6A914202D097F8E4
:10C2C000802072B1A219904556D0696FAA6C481CA3
:10C2D00001D0914201D92A656A6743F04003C5F84D
:10C2E0008430BEB90020BDE8F88326442146384694
:10C2F000FFF702FF002EF5D00CE03846FFF7FCFEFA
:10C30000A98F641A0E44B9F1000FEAD0002CC8DCE2
:10C31000002EE7D095F8603033B3022B34D04FF0C5
:10C32000FF322B6F93426A6719D00120BDE8F88372
:10C330000223314485F860307B6C29629B1A97F8A0
:10C340005020002ACED000F004000343CAD11A4680
:10C3500038461121FFF718FD2B6F0133E5D1AB6C87
:10C3600001202B67BDE8F8832B6A002101226B6155
:10C37000E96785F86020D2E7464621463846FFF750
:10C38000BBFE002EAED0C5E76A692B6A511C02F1D4
:10C390000052914204D99942E7D99A42BFD3E4E7C7
:10C3A0009942FAD9BBE700BF38B5037B032B25D1EF
:10C3B0000D460446FCF7A4FCAA0702D594F85030B9
:10C3C00043B1EB0702D594F8403063B1FCF7A0FC11
:10C3D000002038BD0121204684F85010FFF738FFB7
:10C3E000EB07F3D5EFE704F13400FEF7D9FC0123A6
:10C3F00084F84030FCF78CFC0020EAE76FF0130172
:10C40000FDF7ACFE4FF0FF3038BD00BF38B5037B01
:10C410008569002B3ED090F88E300446012B02D166
:10C42000D0F888303BB3FCF76BFC237B032B24D183
:10C4300094F85030002B44D0FCF76AFCFCF760FC09
:10C44000D5F8843043F00103C5F88430237BA3B3CF
:10C4500095F880300A2B08D094F88E30012B23D029
:10C4600030230122EB6684F84020636B83BBFCF72A
:10C470004FFC002038BDFCF743FCD5F88430204643
:10C4800043F00103C5F88430FFF77CFBFCF740FC68
:10C49000002038BDD5F8843043F00103C5F884305E
:10C4A000FFF70AFB002038BDD4F88830002BD7D026
:10C4B0000A4AA2FB03235B09D3E72046FFF7FCFAF5
:10C4C000D5E70121204684F85010FFF7C1FEB3E7FD
:10C4D00004F13400FEF764FCC9E700BFD34D6210DD
:10C4E000CB682DE9F04F0546846998681746884661
:10C4F0002DED028B83B0F9F7CDF995F88D20D8F8A2
:10C500000C300646012A93F80DA00CBF6A6F4FF05D
:10C51000FF32A2663A68520701D50122A267E1689C
:10C520004FF0FF32B142626600F099800023A6EB23
:10C530000109226B63646B6C994528BF9946A24B35
:10C540009A4216D8A16B8A4200F2158102EB0903C8
:10C55000994280F07181636B216313440A465B1A30
:10C560004B446363934204D39B1A6363A38F1344C6
:10C570002363494605F14C00FCF7AAFF6B6CA3EB63
:10C5800009036B64236AE6605A1C03F100539A4264
:10C5900044D9B24246D9B34244D2636913F100523E
:10C5A00080F03482B34206D8B24204D394F86010CB
:10C5B000012900F02881D8F80C30D8F8142003F1B4
:10C5C0000C00D4F884100E077CD503784FF00109D5
:10C5D0001B09B2EB830F3B6884BF43F002033B604F
:10C5E000190702D41AF0080F02D02846FFF75AFCA8
:10C5F000D4F884102846C1F3C011FFF729FE3B6828
:10C6000010B143F001033B60A26A6AB96A6C5AB187
:10C61000626F013200F0D580226D0BE0B242BCD8CF
:10C62000B342BAD32662B8E7D4F88420520602D4C3
:10C630004FF0FF326267226AE168914214BFA26C38
:10C640004FF0FF3213F0090F226702D19B0700F170
:10C65000D180484603B0BDEC028BBDE8F08FD4F822
:10C660002090B14526D06A6C22B3197B03F10C00EF
:10C67000D8F814200909B2EB810FA2D11AF0030FE8
:10C680009FD1616C022901F1010C00F09781C4F87F
:10C6900044C096E70133DA005B00A265E36503EB73
:10C6A000D2034FF0FF32A364002384F86030D8F83F
:10C6B0000C30E267D4F8841003F10C00D8F8142091
:10C6C0000E0782D4CDF800800178AE69090993F88D
:10C6D0000D80B2EB810F4FEA810906D118F0210FCE
:10C6E00003D13B684FF001097AE75868F9F7D2F8AF
:10C6F000736A9842706842D0009BB26859690844D6
:10C70000904263D83A6842F002023A603268002AE6
:10C7100000F03C814FF0000B01920CE0804501D805
:10C7200081451ED2DDF804B0009BDBF80420002A0E
:10C7300000F023810192DB685868F9F7ABF8009BA1
:10C7400000F10108DB685868F9F7A4F8019B00F1D3
:10C750000059DB685868F9F79DF8C845DED980456F
:10C76000DED8009BBBF1000F00F01281CBF8043043
:10C77000019A5A6003E1636B4B446363F2E600285D
:10C78000BAD118F0010F40F0088149466846FCF71D
:10C790009FFE0099002900F0FD804A694FF00009D2
:10C7A000736AE86B13447362FCF73EFF009BE86317
:10C7B0005A696B6B13446B633B6843F004033B6043
:10C7C0000EE7A26C226535E7FFFFFE0FDB685868B5
:10C7D000F9F760F8736A9842009B93D04FF0010913
:10C7E000DB685868F9F756F8D6F82480404527D01A
:10C7F0003B68F5E62846FFF755FB484603B0BDEC1D
:10C80000028BBDE8F08FA26DE36F002A3FF442AFC8
:10C81000A3EBD203E06D002B1A44B8BF5B42012AA0
:10C82000A3EB9003B8BF01220344A265002B3FF79E
:10C8300035AF0B46E16532E71A462363636B91E639
:10C840003368002BD4D0424608EE109AB046164604
:10C85000DB685868F9F71EF8D8F800308346DB68C3
:10C860005868F9F717F800F10050834506D85E457F
:10C8700001D3864204D918EE109AB9E75E45F8D381
:10C88000D8F8003016F1005BDB682CBF4FF00109CF
:10C890004FF000095868F8F7FDFFD8F80020D2F8EB
:10C8A0000CC053699CF80C100909A3EB81030344E5
:10C8B000B9F1000F15D19E4201D89B4513D25368A0
:10C8C000104601925A69C8F80030D8F804309B1A13
:10C8D000C8F80430FCF738FDD8F80030002BB7D189
:10C8E000C9E79E42E9D8DCF80400F8F7D3FFD8F88E
:10C8F0000030A6EB000BDB685868F8F7CBFFD8E9EF
:10C900000032D9685E69A2EB060C0A7B019312091A
:10C91000C8F804C0A6EB82065A68C8F800200022B6
:10C9200006445A6001F10C034A7BD00715D41978EC
:10C93000042309090DEB030003FB01B1FCF7C8FD5B
:10C94000019939B16B6B4A69E86B13446B63FCF76F
:10C950006BFEE863C8F82460BEE788680136F8F724
:10C9600099FF01462846FEF719FD3A68019B42F0FF
:10C970000802DB683A600C33D9E7CBF80430726800
:10C980004FF0000959690A44726029E73360F6E7FD
:10C990003360EDE689463B6822E6009BDB689868D9
:10C9A000F8F778FF01462846FEF7F8FC736A013372
:10C9B00073623B6843F008033B60E6E60423A26A27
:10C9C000A18F6364236B93428CBF53085B084A00BA
:10C9D000B3EB410FA36301D21346A263284623633E
:10C9E0002662FFF789FB3B68C4F8209043F00103FF
:10C9F0003B60022384F860304FF0FF33D8F81420F6
:10CA0000E367D8F80C3003F10C00DAE5B3423FF6E7
:10CA1000CBADCBE52DE9F041037B90B0856923B325
:10CA20006B6E04465E1C02D0013B34D06B66EB6E2D
:10CA3000581C02D0013B1BD0EB662B6F5A1C03D055
:10CA4000013B00F0AB802B67A96E4F1C02D001396F
:10CA500051D0A966696F481C02D001392BD0696793
:10CA6000EB6F5A1C01D00133EB6710B0BDE8F081C9
:10CA7000D5F884304FF0FF32D907EA6600F1BA806A
:10CA800094F9853013F1180F0FD009330DD0E92335
:10CA900084F8853009E04FF0FF336B6690F98530FC
:10CAA000183302D0EF2380F88530204610B0BDE85F
:10CAB000F041FFF701B8A6694FF0FF336B67B36A27
:10CAC000002B40F0D18001212046FFF715FB326A90
:10CAD000336D013A782B326206D05B00782B40F23E
:10CAE000EA80782213463265726E73670132B7D1DD
:10CAF00030237366B4E74FF0FF33A7690120AB66BC
:10CB0000FCF7CEFA80460028A4D0A269636B906837
:10CB10009169C31A23EAE373994209D2968B5A1A90
:10CB2000B24205D2B2EB500F02D2002918BF0B4619
:10CB3000BA7F04F16001D3400C229EB204F16C0371
:10CB40000DEB02000293FEF7FDFA0C2204F15401F2
:10CB500006A8FEF7F7FAFB6802A8013B09937B6A77
:10CB6000ADF82E600A931023CDF83C808DF82C3060
:10CB70000023ADF830300D938DF83830FEF7E6FD28
:10CB80007A6EA36F561CBB6600F09180E16F01FBCB
:10CB900003F39A427FF65EAF7B665BE795F88030E1
:10CBA0004FF0FF32012B2A676ED0022B2DD12B6A5A
:10CBB0000DF1070202A92046013B2B62FEF71EFC85
:10CBC0009DF8073002AA12212046FFF7DDF8EA6837
:10CBD000686D9042D5E9121302D00B46E9646A658C
:10CBE000782B3FF430AF5B00782B5ED97822134668
:10CBF000EA6428E795F880300A2B3FF456AF2046C8
:10CC000010B0BDE8F041FEF7BDBF696ED5F88430C5
:10CC1000013123F0040201D130236B66E96842F050
:10CC20001002286B2962A96AAB8F8842C5F884205C
:10CC30002B634FEA430388BF48084FF0FF3298BF89
:10CC400040080021EA67834238BF03462046AB63B1
:10CC5000022385F86030FFF7FBFAD5F8843023F023
:10CC60001003C5F88430B2E7D6F88430204643F08C
:10CC70001003C6F88430FFF7EBFAD6F8843023F0BF
:10CC80001003C6F88430EBE62B6A0DF1070202A907
:10CC90002046013B2B62FEF7B1FB9DF8073002AA4C
:10CCA00002212046FFF770F891E7EB64CBE6E26FD4
:10CCB00002FB03F370E7336516E700BF38B5FCF7F6
:10CCC0001FF8134B1D68B5B1EC692CB120462468E0
:10CCD000FFF7A0FE002CF9D16C6A2CB12046246825
:10CCE000FFF798FE002CF9D12C682846FFF792FE3A
:10CCF0000CB12546E8E7FEF737FB064A136803F553
:10CD00007A4353FA80F31360BDE83840FCF700B86B
:10CD1000087C0020E00301202DE9F0471446484A32
:10CD200005468769944200F287801E46037B032BE9
:10CD30007AD114B92046BDE8F0878946FBF7E0FFB9
:10CD4000D5E911A8FCF7BAFC40F6C90398425CD9B2
:10CD5000A8EB0A08804528BF8046A04551D2B8F10B
:10CD6000000F52D073073CD595F88C30CBBB012611
:10CD70004846414685F88C603246D7F8843043F007
:10CD80008003C7F88430FCF781FA044628B305F124
:10CD9000440921464846FEF717F800283DD1BB6AF2
:10CDA00063B97B6F013334D04446B6B9FBF7B0FFAB
:10CDB0002046BDE8F087FFF74BFA38B12B7B012105
:10CDC0002846032BF7D04846FDF7EAFFD7F8843012
:10CDD00023F08003C7F88430E6E7002385F88C3021
:10CDE000E4E7D7F8843048460122414643F0800307
:10CDF000C7F88430FCF74AFA04460028D6D000264B
:10CE0000C5E7A04528BFA046ACE70024FBF780FF9C
:10CE100090E7BB6C3B657B67C6E720460024FCF7C8
:10CE20007BFAFBF775FF85E76FF0130128464FF09B
:10CE3000FF34FDF793F97DE76FF00501F6E700BFDA
:10CE40000000FF0F2DE9F04F89B0074616460D464A
:10CE50000193DB6812981C7BFCF776FA01A8240981
:10CE6000A4002146FCF790FA013008D001988369AC
:10CE70009B060BD539462846FEF762F8F0B10199BA
:10CE80000846FCF761FA09B0BDE8F08F828A4FF4DA
:10CE9000C061FAF737FC324605F1080132F8083B69
:10CEA000012B0CBF04231023FAF744FC0028E6D121
:10CEB00039462846FEF744F80028E0D12846FEF718
:10CEC0002FF801990028DBD14B69A342D8D3CB6856
:10CED000304639461A886A805B887380FEF730F8DE
:10CEE00018B93046FEF71CF838B101992B46324686
:10CEF0000020FEF723FD0199C2E731462846FEF7E0
:10CF000065FB0446002800F0BC81037B042B00F085
:10CF1000C381019B0022D4F818805A600592DA6818
:10CF200004935068F8F7B6FC049B0746DB689868E2
:10CF300093F80CA0F8F7AEFC0499834698F880208B
:10CF4000CB6802F0FD005B7B012803F03F0938D07D
:10CF5000022A00F0C681D8F82420781C07F1005C72
:10CF60004FEA1A1A964660454FEA8A0A00F25D8136
:10CF7000904202D8944580F05B81D8F81830734411
:10CF8000581C03F1005C60450AD8B84200F28A815F
:10CF9000BC45C0F087812046FEF784FF01996FE70A
:10CFA000B842F8D9BC45F6D2049A5269A2EB0A02FB
:10CFB0003A44904240F28C81944580F0898198F8FF
:10CFC000802009F01403142B19D019F0040F25D177
:10CFD00019F0020A27D0022A00F0D48102F0FD03E2
:10CFE000012B00F0A98104992B46324604F16C0014
:10CFF000FEF7A4FC2046FEF75FFD019940E7012AF9
:10D00000E3D1D8F820309B457FF439AFEE2320469A
:10D0100084F88530FEF750FD019931E702F0FD02FA
:10D02000012AF3D12BE7012A00F04581032A00F001
:10D03000428119F0100940F08281022AABD002F03F
:10D04000FD02012A7FF41BAF049BDB68D889F8F747
:10D050001DFC98F83E309840D8F82C30C8F82800CD
:10D06000834298F8803003F1FF3338BFC8F82C00B2
:10D07000092B3ED8DFE803F04C278616B91616A612
:10D08000CF9A256B21462A6A05F11C00AB6A013A4A
:10D0900001332A62AB62FDF77FF8214605F12400D7
:10D0A000FDF76AF805AA04992046FFF719FA054624
:10D0B00094F840301BB1636B002B40F03C82012D93
:10D0C0007FF4E1AEDBE6042388F88030032323738A
:10D0D0004FF0FF3398F88120C8F80CB0032AC8E954
:10D0E0001B33CED0BAF1000FDCD094F88D30012B79
:10D0F00040D094F84030002B3FF4C1AE636B002B5E
:10D100003FF4BDAE04F13400FDF74AFE0199B7E6E5
:10D110000137C8F82470B9F1000F00F0D7810499E5
:10D12000A069C8F80CB0FEF751FCA369D3F88420BD
:10D1300012F0200207D19A779A68B2F5405F02D9BF
:10D140004FF440529A609A8F1A63B8F83C30002B23
:10D150003FF449AF4FF0FF332046C8E91B33FEF7D9
:10D16000A1FE0423032288F8803094F88D302273C6
:10D17000012BBED1636FC8F8683094F84030002BA3
:10D18000BCD17CE6A26A236A1344E26A9342C0F0EF
:10D1900025810C2104F15400FEF768F80023C8E94A
:10D1A0000A3394F84030002BA8D168E62B4632466B
:10D1B000049904F16C00FEF7C1FB94F84030002B99
:10D1C0009CD15CE6D8F820309B4592D14FF0FF33DC
:10D1D0000A21302288F88010C8F86830C8E91B237B
:10D1E00094F84030002B89D149E605AA04992046DD
:10D1F000FFF776F9D8F82020D8F80C3005469A4287
:10D200007FF456AF98F88030052B7FF451AF06239A
:10D2100088F880304CE7D8F820309B457FF42FAE5B
:10D220002046FEF749FC01992AE690423FF6A2AE5D
:10D230004969501C02F1005CA1EB0A0160453944C8
:10D2400077D888423FF6A7AE8C45FFF4A4AED71B33
:10D25000514604A800933A46FCF73EF9009B980615
:10D2600000F19680049BD8F82470DB683846009360
:10D27000F8F710FB009B58600223D8F824E00593D0
:10D280007BE60199CB685B7B5A073FF5F9AD2B46EE
:10D290003246FEF753FBF2E50C2229465430FDF7E7
:10D2A00051FF36E6049A5269A2EB0A023A449042D0
:10D2B0007FF682AE83E619F0100F3FF4E0AD0499DB
:10D2C0002B46324604F16C00FEF738FB0199D7E596
:10D2D000991A04A8FCF7FCF8059B43F00203059398
:10D2E0006DE698F88120012A7FF435AE13F0020034
:10D2F000D8F824203FF431AE02F1FF3C67457FF4BB
:10D300002CAE5B073FF582AE8246D8F82430013B55
:10D31000BB427FF468AE19F010093FF43CAED8F878
:10D3200020309B45CBD1049BDB68D889F8F7AEFA57
:10D3300092E6884288D88AE719F01009F3D0022AC9
:10D3400015D9032ABBD0D8E903239A423CD8934588
:10D3500001D39B4511D95A1C03F100539A423AD884
:10D360009345FFF48CAD9B453FF689AD13E6002A4B
:10D37000E9D0D8F820309B45A1D1BAF1000F3FF495
:10D3800063AED0E798F88120012A7FF42CAEBCE789
:10D39000049AD268508AF8F779FA8742009B06D936
:10D3A00003F01F09049BDB6883F80D905AE7049B88
:10D3B000DB68588AF8F76AFA049BC01BDF6880B202
:10D3C000F8F764FA78824DE79345C2D3BAF1000FBB
:10D3D0003FF43AAEA7E79345C5D3DCE52046FDF719
:10D3E0002FF881460C2104F15400FDF73FFFB9F1FD
:10D3F000000F63D00C22314609F16000FDF7A2FE58
:10D400008820FCF771F98246002800F08980C9F86D
:10D4100018004846FEF720F8D8F82820236A494625
:10D42000CAF8282004F11C00D8F82C200133013759
:10D43000CAF82C200022C8E90A22DFF84C812362B6
:10D44000C9F83040FCF798FED8F80030CAF82470CC
:10D45000CAF8203001330499CAF81030022389F841
:10D460000C3040F20233AAF88030D9F81800FEF7E9
:10D47000ADFAD9F81830D3F8842012F0200207D181
:10D480009A779A68B2F5405F02D94FF440529A6099
:10D490009A8F1A63BAF83C30002B51D12B46324692
:10D4A000049904F16C00FEF749FA4846FEF704FBC4
:10D4B00094F84030002B7FF421AEE0E4C8E90A99EB
:10D4C00094F84030002B7FF419AED8E4D8F84830F7
:10D4D0000499C8F87030A069FEF778FAA369D3F808
:10D4E0008420910608D49A6883F81E90B2F5405FB4
:10D4F00002D94FF440529A609A8F1A63B8F83C30C0
:10D50000002B3FF470AD4FF481732046A8F88030B3
:10D51000FEF7C8FC94F84030002B7FF4EFADAEE48A
:10D520004846FCF7D1F8C8E90AAA94F84030002B25
:10D530007FF4E4ADA3E404F13400FDF731FCBEE573
:10D540000DF10F02484606A9FDF758FF06AA9DF8FF
:10D550000F3012214846FEF717FCFDF705FFD8F8FB
:10D5600000301E2203F57A43CAF86C2053FA80F388
:10D57000DAF84820C8F80030CAF8702094F8403033
:10D58000002B7FF4BBAD7AE4E0030120054B1B6860
:10D590002BB11868B0FA80F04009404270474FF054
:10D5A000FF307047E403012038B5054D2C6834B1D5
:10D5B00020462468FCF788F82C60002CF8D138BD90
:10D5C000E8030120014B1B681B681847E403012096
:10D5D00038B5FBF795FB0D4B1C689CB10C4D2B68C7
:10D5E0001B689847D4E90123801A984207D32B6817
:10D5F0001B689847E36860600BB12069984724680E
:10D60000002CECD1BDE83840FBF782BBE8030120D9
:10D61000E403012008B5FDF779FDFFF7D9FFBDE868
:10D620000840FDF781BD00BFF8B5B0B10E46A1B10D
:10D63000054614201746FCF757F8044658B1084B26
:10D64000084A196812681860126801609047C4E9B6
:10D650000367C4E901052046F8BD00242046F8BD53
:10D66000E8030120E403012058B1064A136883420D
:10D6700003D01A461B688342FBD103681360FCF792
:10D6800023B87047E803012003464FF400624FF0CF
:10D69000400C012100209A64A3F86CC083F86E103E
:10D6A0009A63704738B50C460546FBF729FBE2073D
:10D6B00008D4A30702D5012385F85030FBF728FBD7
:10D6C000002038BD012305F1340085F84030FDF716
:10D6D00067FBEEE72DE9F04F044687B01546984604
:10D6E0000F46DDF84090FBF70BFBA36CAB42C0F09C
:10D6F000B180B9F1000F00F0918038460022294630
:10D70000FBF7C4FD0746002800F0A780B4F862309C
:10D71000002B7AD018F0040847D1C346D9F804008A
:10D7200000B9606EFCF7A4FA012182460820FBF7DD
:10D73000B7FC002800F09480C6683946B4F862301F
:10D740003380B9F802307380FBF76EFF0746808A9A
:10D75000F8F79CF80023B080B371F371B9F800308A
:10D76000012B06D1BAF1000F6AD0DAF820309B07FE
:10D770005AD4BA8A4FF488513846F9F7C3FF334672
:10D7800023F8060FB9F80020012A14D0B8F1000FD1
:10D7900001D084F88CB094F98530002B58D1FBF778
:10D7A000B7FA284607B0BDE8F08F012394F88CB093
:10D7B00084F88C30B2E7D9F8082094F86D0002F0B4
:10D7C000F006A16EE02E0CBF94F86E6094F86C60C9
:10D7D000009050460593CDE9016794F88C3004938E
:10D7E000002303931123FBF725F8B8F1000F18D19C
:10D7F0000028D0D001462046FCF7B0FCFBF788FAA1
:10D800004FF0FF3007B0BDE8F08F636904F16001AD
:10D810001868FCF7BFFDA4F862007BE704F1540927
:10D820006BE784F88CB0E3E779695046FAF79CFC23
:10D8300000289ED1BA69034642F02002BA61A1E7EE
:10D84000D9F80800FAF76EFC824600288DD190E7DF
:10D850000020CFE76FF00700CCE76FF00200C9E7C8
:10D860003846FBF771FDB8F1000FF6D06FF00200FB
:10D8700084F88CB0BEE700BF2DE9F0410E4686B0BB
:10D880000C21054690461C460DEB01000C9FFDF750
:10D89000EDFC95F98510C9B984F002034246314682
:10D8A00005F13400C3F34003009303ABFDF7FCFA2A
:10D8B00004461FB1394603A8FDF76AFB631C03D079
:10D8C000204606B0BDE8F0816FF0070128464FF012
:10D8D000FF34FCF743FCF3E710B5044682B0019136
:10D8E000FBF70EFA0C22019904F15400FDF72AFC13
:10D8F000032304F134002373FDF752FAFBF708FA0F
:10D90000002002B010BD00BF00B583B00190FBF74E
:10D91000F7F901990448FCF753FCFBF7F9F90020EB
:10D9200003B05DF804FB00BF2C7C002010B5054C53
:10D93000216829B12046FCF743FC21680029F9D170
:10D9400010BD00BF2C7C00202DE9F04383B0019373
:10D95000002B7FD0064600287CD00F4601A8082166
:10D960001446FBF711FD013074D0019BDD68A888D7
:10D97000F7F78CFF019B8046596981426AD372D8C0
:10D98000EB881BB1019883699B0651D5EA7801A801
:10D99000AB78082143EA02236A7863802B7843EA54
:10D9A00002237B80FBF794FD31462046FDF7C8FA41
:10D9B00000287CD05D4B1D68002D4BD04FF0000837
:10D9C00001E02D6815B3B5F8622063889A42F8D15A
:10D9D0002046FDF7A5FA00284AD02388012BF0D174
:10D9E000D5F890100029ECD04A68A3689A42E8D193
:10D9F0000B68B342E5D1B8F1000F03D098F840307E
:10DA0000002B6ED0A8462D68002DDCD1B8F1000F98
:10DA100020D098F84030EBB93A46019908F134002B
:10DA2000FDF7F0F9013015D00A98FBF78DFC17E0EF
:10DA300042464FF48851F9F765FE224607F1080186
:10DA400032F8083B012B0CBF04231023F9F772FEB8
:10DA500000289BD00A98FBF777FC0198FBF774FC31
:10DA600003B0BDE8F083411A01A8FBF731FD87E759
:10DA700005F160094846FDF76DFA28B94846214688
:10DA8000FDF774FA00289CD005F154094846FDF7CB
:10DA900061FA0028AFD148463946FDF767FA0028F9
:10DAA0008FD0B5F856207B889A42A4D089E72046CB
:10DAB000FDF736FA00287FF47DAF1C4A112321467A
:10DAC00010683A46FCF7F6FB10B390F84030002B94
:10DAD000C0D13A4601993430FDF794F90130A3D111
:10DAE000B8E719464FF0FF320198FBF719FB814662
:10DAF000002887D008F134003A464946FDF782F9FC
:10DB000001307FF47FAF4846A846FBF71DFC58E77D
:10DB10000198FBF719FC2388012BA1D103220A9B52
:10DB200030461146FAF70EF99AE700BF2C7C002028
:10DB3000002A18BF002B36D02DE9F0410E4681B3E4
:10DB40000138154608282CD8DFE800F034052E2EC1
:10DB500005052B2B31006FF01707184AD3F80C80FE
:10DB6000146814B91DE02468DCB1294604F154009E
:10DB7000FDF7FCF90028F6D0B4F85620B8F80230CA
:10DB80009A42F0D1B4F86220B8F800309A42EAD153
:10DB900004F160003146FDF7E9F90028E3D084F88C
:10DBA0008570BDE8F08170476FF01107D5E76FF021
:10DBB0000807D2E76FF00707CFE700BF2C7C0020F3
:10DBC00090F8A23090F8A3209A4202D91844807E9F
:10DBD00070474FF0FF307047704700BF0346B0F802
:10DBE000300178B193F82F21882A03D9012200202F
:10DBF0005A60704702F1010C01201A4483F82FC1CA
:10DC000082F8A510704700BF38B5B0F830410CB9A4
:10DC1000204638BD90F82F310546C3F18904A24251
:10DC20000DD8144605F1A5002246184401F09EFFC8
:10DC300095F82F312046234485F82F3138BD012235
:10DC40004260EFE7704700BF2DE9F04FD0F814A015
:10DC50001524017E8146437E83B00AEB0111384AC8
:10DC60000AEB0313374F097A93F8283002EB0115BA
:10DC70000901E86852F8018002EB0311D5F804B0FD
:10DC80001B01CE68D558CBF80040C8F88400D8F8FE
:10DC900004304A6803432C490192C8F804301460E8
:10DCA000C5F884606B6833436B60284B4C683A68F6
:10DCB000A3FB0232920C02EB820252004B681B1B48
:10DCC0009A42FBD84FF0090C1F4ADFF880E0D8F8E1
:10DCD0000830034202D0AB6833422FD1C5F88860C8
:10DCE00054683968AEFB0131890C01EB810153683E
:10DCF0001B1B9942FBD8C5F8846054683968AEFB99
:10DD00000131890C01EB810153681B1B9942FBD83F
:10DD1000BCF1010CDBD1604699F81830019A0AEB8E
:10DD20000313DB68CBF8003099F819300AEB031ABB
:10DD3000DAF82C30136003B0BDE8F08F0120EBE778
:10DD400058290020CC6C0020001000E083DE1B432B
:10DD50000E4A10B51168046905E0DB0107D41368A9
:10DD60005B1A102B08D8636913F0007FF5D14FF4CC
:10DD7000FE430120636110BDFFF766FF0028FAD063
:10DD80004FF4FE4301206361F5E700BF4C1301200F
:10DD90002DE9F04790F82FA10569BAF1000F4FD097
:10DDA00081468846FFF7D4FF002849D0374E00242B
:10DDB000376818E06B69190551D4DA0455D4580551
:10DDC00059D4990441D43268D21B322A3DD85445E3
:10DDD00007D9EA6D520704D19B0555D4B8F1000F5D
:10DDE00052D003F01DFD5445E4D8EA6D500702F00F
:10DDF0000703DFD413E099F8A5200133022442F48D
:10DE00008062042B2A661ED08A4503F1010309EBC8
:10DE100001020ED992F8A520042B2A66CAD001214E
:10DE2000002CE8D02146013301348A4509EB010278
:10DE3000F0D8B8F1000FBDD04FF400732B66B9E7EE
:10DE40000420BDE8F0870124B4E72B694FF4007289
:10DE5000042043F440732B612A66BDE8F0872B69E8
:10DE6000042043F440732B61EBE72B69052043F456
:10DE700040732B61E5E72B694FF40072022043F4F5
:10DE800040732B612A66DCE70020DAE74C1301209F
:10DE90002DE9F84F83460C4615461F46D0F810A0D2
:10DEA000FFF756FF002800F09E806100012DDFF88B
:10DEB0003C8140F20146CBB24FF0000138BF012552
:10DEC000D8F800900C461E43ABF8A21020E09BF857
:10DED000A330872B3FD9DAF8142010055AD412F456
:10DEE000105F70D1D8F80030A3EB0903322B6AD849
:10DEF0009BF8A330AB4209D3022C07D9DAF85C3087
:10DF0000590703D193054BD4002F49D003F088FC67
:10DF1000022CDCD8DAF85C3003F007025B07D6D4B9
:10DF2000681E224440F480704CB9CAF86060013425
:10DF3000131B032BCBD8022CC9D8002CF5D0012CF5
:10DF400037D01FB14FF40073CAF860309BF8A3308C
:10DF50000324872BBFD8DAF85C2012F4E02FC2F339
:10DF6000024CB8D0591C9C441933C9B25FFA8CFCDE
:10DF70005BFA83F3DAF870004A1C61458BF8A31052
:10DF8000D1B203F8010FA6D08929F3D1DAF8142011
:10DF90001005A4D5DAF8103043F44073CAF81030F5
:10DFA000DAF85C3013F4E02F06D19BF8A300BDE84B
:10DFB000F88FCAF86000BAE7DAF8103043F400735B
:10DFC000CAF81030F1E7DAF810304FF4007243F479
:10DFD0004073CAF81030CAF86020DAF85C3013F4E5
:10DFE000E02FE2D0E8E70420BDE8F88F4C130120D1
:10DFF000F8B506690446D6F8145115F4706301D0DB
:10E00000C6F81431A8070BD5D6F8702111043DD5F8
:10E010000023012184F8A230234484F8A3109A76C7
:10E02000EA0710D594F83071F7B194F82E7194F88E
:10E030002F31BB4226D97B1C274484F82E3197F818
:10E04000A530C6F86031AB050DD594F8A30018B122
:10E05000D4F83C3103B198470023A4F8A230A4F8C7
:10E060002E3184F83031F8BDD4F8383103B19847F7
:10E07000002384F82E31012384F8303194F82F31B5
:10E08000BB42D8D80023C6F86031DCE794F8A3304F
:10E09000872BC5D8591CC9B2BEE700BF0148FFF79E
:10E0A000A7BF00BF8C6E00200148FFF7A1BF00BFD3
:10E0B000CC6F00200148FFF79BBF00BF0C71002010
:10E0C00010B4144C00220369A1421A6114D8124CF6
:10E0D000012012494FF430329C6458629962DA622E
:10E0E0009C6C00204FF0011101221C6518625DF844
:10E0F000044B99651A6170470948814207D9094C58
:10E1000009480A499C645A629862D962E8E7084C57
:10E110000848F6E77F1A06003B372819B80B0505B3
:10E120003F420F000A09070460090101007F050052
:10E130001C1A120C100E020270B5EFF3108272B6A8
:10E140000C4C206880B10C4E00254369236073B1EC
:10E150009D6102B962B6836845779847EFF31082F4
:10E1600072B620680028F0D102B962B670BD336083
:10E17000EFE700BF8C00012088000120FFF7DCBF23
:10E180000449054A4968054B196013680133136057
:10E19000704700BF001000E04C130120481301201D
:10E1A00001207047B0F84630B0F848209BB292B2D8
:10E1B000934202D2013AD01A7047416B01390A44A6
:10E1C000D01A7047016972B6B0F84A20B0F84C30E6
:10E1D00092B29BB29A423CBF806B1218C86AD31AA3
:10E1E00062B6C0F302601844704700BFB0F84A102E
:10E1F0000246B0F84C3089B29BB2994210B404691F
:10E2000014D00133906B116B984298BF0023994250
:10E2100006D85B1A526AD05CC0B25DF8044B7047F6
:10E22000126A5DF8044BD05CC0B2704772B6B0F8A9
:10E230004A0080B2814201D062B6E2E7E36A13F09D
:10E24000E06F03D14FF0FF3062B6E6E7E3690120EB
:10E250000024116AA2F84A00C3F30900DBB2A2F855
:10E260004C404B70F0E700BFB0F84A100246B0F8DF
:10E270004C3089B29BB2994230B4046925D0013345
:10E28000946B9C4216D9106B1FFA83FC984217D9E5
:10E29000106AC05CC0B2956DA2F84CC045B19942FD
:10E2A0001CD3CB1AD16B994202D3D36DC5F88830F9
:10E2B00030BC70474FF0000C106B63469842E7D8B3
:10E2C000181A556A285CC0B2E5E7084672B6B2F87B
:10E2D0004A1089B2884204D062B6D0E70C44E31AEF
:10E2E000E0E7E36A13F0E06F03D14FF0FF3062B66E
:10E2F000DEE7E069C0F30900F9E700BF90F84430B9
:10E3000043B110B5044603F08BFA94F84430002B67
:10E31000F9D110BD704700BF38B5D0E90453D3E937
:10E3200003120968114228D090F84420044632B103
:10E3300003F076FA94F84430002BF9D16369002198
:10E340000E4AA961207E03EB0010007D02EB001055
:10E35000456805202860657E03EB051393F834308B
:10E3600002EB0312A36D52681060A4F84A10A4F8DF
:10E370004C1013B1E26DC3F8842038BD5829002039
:10E3800007EE901A9FED9A7A0421B6EE005AF8EE45
:10E39000677A9FED986A41F6FF7CC7EE275A2DE910
:10E3A000F0478E460569012407EE901AF8EEE77AE9
:10E3B00085EEA77A77EE057AFDEEE77A17EE903ACA
:10E3C0006345A8BF6346012BB8BF012307EE903A0F
:10E3D000F8EEE76A76EEC76AC6EE877AF5EEC07A9F
:10E3E000F1EE10FA48BFF1EE677AF4EEC67AF1EE7C
:10E3F00010FA03D8B0EE676A8E461C460131212917
:10E40000D2D10021436902F40076A0F84A10B3F893
:10E410005AC08E42A0F84C10B3F85860A0F84610CD
:10E42000A0F8481080F84410816BDF68A1EB060665
:10E43000A1EB0C01C0E90F6139681E6941EA0601D0
:10E44000396014BF01210021817640F0AC80017E4B
:10E45000694E03EB0118DFF8C09198F81470D8F8F2
:10E460001CA006EB0717B968C1F800907968D8F8C6
:10E4700018700F60BAF1000F03D0D8F82010CAF856
:10E480000010477ED92103EB071898F834C006EB3B
:10E490000C1CDCF808703960DCF80410D8F838700F
:10E4A0000F60417E03EB0111CF6B0FB1096C396036
:10E4B0000EF1FF31BEF1080F4FEA0161CCBF4FF002
:10E4C000000E4FF0010E01F0F85144EA4E44214392
:10E4D0005C682961597801F110030021E96047491E
:10E4E00041F8234041694FF0010E454C02F0030C06
:10E4F0004F7891F85610434B39554FF00217446945
:10E50000617803EB511301F01F019B000EFA01F13A
:10E510001960EF62AB6A43F08803AB6253073ED4E5
:10E520004CF4701302F00F01042908BF43F080433C
:10E5300097062ED5817E43F0805300293AD11607E5
:10E54000AB6103D52B6943F000532B616B69D10696
:10E5500023F0805348BF43F080536B61D30503D54C
:10E560002B6943F400532B61A36883B1264E3478A2
:10E57000002C3AD0611E254DC9B22B1F05EB81013D
:10E5800001E0994225D053F8042F9042F9D1BDE81B
:10E59000F087817E0029D2D043F0A003CFE71C4B47
:10E5A0004CEA0303BEE7477E4FF2D901124E03EB5C
:10E5B00007186AE7417E43F0A00304EB011191F8CC
:10E5C000341006EB0116B668316821F44041316021
:10E5D000B5E7631CDBB20F4A3370137845F82400AB
:10E5E00043F002031370BDE8F0870123074DF2E703
:10E5F000001BB74BEC78AD6058290020008000204C
:10E6000000E400E040380038981301209400012015
:10E6100010003C00CA13012038F00100EFF3138012
:10E62000B8B9EFF310834BB9EFF305823AB94FF461
:10E630008073EFF3118050B1984208D270470F2ACF
:10E64000F7D9054B9B5CEFF311800028F4D11846F5
:10E6500070474FF0FF30F1E7F0E300E010B44162A3
:10E6600099B1036B1A44446900218263B4F85830AD
:10E67000B4F85A40D31AA0F84A10121BA0F84C1054
:10E680005DF8044BC0E90F327047026BEBE700BF47
:10E69000816241B1C36A1A4400234263A0F8463044
:10E6A000A0F848307047C26AF6E700BF036D2DE955
:10E6B000F04104460F46066913B1426DC3F8842049
:10E6C000A37E2BB172B6B36943F00053B36162B657
:10E6D000B4F84650636BADB20135AB424CD84FF045
:10E6E00000084546B4F848309BB29D4219D028E056
:10E6F00073691B0210D5B4F84830626B9BB20133CA
:10E700009A4236D99AB2E16A99422DD9E169CB5C35
:10E71000DBB2F361A4F84820B4F848309BB2AB42B6
:10E720000FD1FFF77BFF6369B3F856308342DFDA1E
:10E73000FF28F1DD03F074F8B4F848309BB2AB4227
:10E74000EFD0E36AAB421AD9FFB2E3695F5572B604
:10E75000012084F84400A4F84680B36943F4000320
:10E76000B36162B6BDE8F0815B1AA16ACB5CDBB233
:10E77000CFE700221346C6E71FFA85F8B2E7ED1A85
:10E78000FFB2A36A5F55E2E7FFF790BF02695369E2
:10E7900013F4401F70B543D0D36A13F0E06FC3F396
:10E7A000026E3AD0B0F84A50B0F84C60ADB2B6B292
:10E7B00007E0016A01F803C00EF1FF3313F0FF0E0A
:10E7C0001DD0D1696B1C846BB0F84CC0C1F309013A
:10E7D0009C4298BF00231FFA8CFC9C45ECD0046B34
:10E7E0005FFA81FC1D469C42A3EB0404E1D8436A16
:10E7F00003F804C00EF1FF3313F0FF0EE1D1ABB20A
:10E80000A0F84A30836D43B1B54254D3AD1B016CBF
:10E81000A94202D8C16DC3F884105369D90245D406
:10E820009669330228D553691D0225D5B0F84650A4
:10E83000B0F84830ADB29BB206E0C169C95CC9B25C
:10E84000D161D16A4C0512D4AB4238D0446B01334C
:10E85000C16A9C4298BF00239942A3EB0104ECD803
:10E86000816A095DC9B2D161D16A4C05ECD599B212
:10E87000AB42A0F8481025D0710216D553695B024F
:10E8800013D50021036D80F8441013B1416DC3F816
:10E890008810837E2BB172B6936923F00053936185
:10E8A00062B6936923F48003936170BD536943F4A6
:10E8B00080135361B4E7816B891B0D44A7E79BB2BA
:10E8C000A0F84830936923F400039361936943F4FB
:10E8D00080039361D0E700BF0148FFF757BF00BF37
:10E8E000006D00200148FFF751BF00BF606D0020A0
:10E8F0000148FFF74BBF00BFC06D00200148FFF784
:10E9000045BF00BF206E0020F8B504460D46C71D68
:10E91000002308460A2214F8041F0C4E00F0F8F9F0
:10E920002B682E201B68B3420CD102F0E5FE14F8D0
:10E93000011F00230A22284600F0EAF9BC42EFD169
:10E940000420F8BD2E2128469847F0E7156C0000FA
:10E95000704700BF704700BF704700BF704700BFDF
:10E9600070B51A4C1A4D2368AB4202D0194AD168CF
:10E9700029BBA369AB4202D0164AD169C9B9236B3E
:10E98000AB4202D0134AD16A69B9A36CAB4209D039
:10E99000104AD16B31B101211B680F48D163BDE82A
:10E9A0007040184770BD01211B680C48D162984720
:10E9B000EBE701211B680A48D1619847DFE7012195
:10E9C0001B6804F10800D1609847D2E7E0A8002056
:10E9D000482300200041084030A9002018A9002049
:10E9E00000A9002038B5064CA4F1600554F8083C95
:10E9F0002046183CDB689847AC42F7D138BD00BFD1
:10EA000030A9002003682DE9F041044688B017467C
:10EA1000002B4BD000229A600122DA60304D04A80E
:10EA2000DFF8E0801D4451F8083B2D1102935B682C
:10EA300005EB45069847F60006F1080058F8063041
:10EA40004044DB6801909847264A04A9DDE90103A8
:10EA5000029248F806309B689847029B04A8DB683E
:10EA600098472368032220481F609A601F4A237931
:10EA70001F4C535513785178C0F828428B4228BF59
:10EA80000B469178D2788B4228BF0B46934228BF21
:10EA90001346184C4FF0E0224FF08061012084F8BB
:10EAA0007A30C2F80C1108B0BDE8F081124AD36E7A
:10EAB00043F44053D3660122104B1A60104A1346A8
:10EAC0000260403298680028A8D010339342236037
:10EAD000F8D100231846236008B0BDE8F08100BFDC
:10EAE00000BFF7BF4823002000800020DC73002017
:10EAF000E9FA000000E400E000C00F4000400840D8
:10EB000000410840E0A80020F8B5036843B3154C65
:10EB10000746154E1C44241104EB4405ED007359BF
:10EB200005F10800DB6830449847104B00210122B2
:10EB300073513B689960DA60FF230D4A13551378CF
:10EB400050789478834228BF0346D078094AA3427C
:10EB500028BF2346834228BF034682F87A303960B3
:10EB6000F8BD00BF00BFF7BFE0A800204823002089
:10EB7000DC73002000E400E010B4064B0020064CDB
:10EB8000064A1C609C611C639C6405495DF8044B4B
:10EB900003F0B6BEE0A8002048230020E873002060
:10EBA0006DFB0000012A70B508BF0A228AB091B33C
:10EBB0004FF0210E01E05FFA86FE0EF1FF36B1FB49
:10EBC000F2F502FB15145FFA84FC092C0CF13704F2
:10EBD0000CF1300C98BF5FFA8CF40EF1280C88BF52
:10EBE000E4B29142EC4429460CF8244CE3D24BB1F8
:10EBF0000EF1FF3E2D225FFA8EFE0EF128036B44CC
:10EC000003F8242C036801A9CEF122025B68714449
:10EC100098470AB070BD30224FF0210E8DF82520A4
:10EC2000E5E700BF2DE9F0410C46D1B1EAB18046DD
:10EC30008E1800250E4F04E002F05EFDB44205443C
:10EC40000CD0D8F8003014F8010B1B68BB42F3D08D
:10EC5000014640469847B4420544F2D12846BDE8F3
:10EC6000F0810D462846BDE8F0811546F6E700BF65
:10EC7000156C00002DE9F0418C688AB0DCB10025EC
:10EC8000884606462F462B46212201A9404600F021
:10EC9000A5FA202C2246336828BF202201A930463D
:10ECA0005B68A41A154498470744002CEBD13846FA
:10ECB0000AB0BDE8F081274638460AB0BDE8F081C9
:10ECC000002903DB00230A22FFF76CBF49422D23F2
:10ECD0000A22FFF767BF00BF00B5036883B040F6A4
:10ECE0000D2C022201A95B68ADF804C0984703B05F
:10ECF0005DF804FB054B022888BF034610B41C686E
:10ED0000184663685DF8044B184700BFF06C00209C
:10ED10005AB90368C9B2074A1B68934200B506D1C5
:10ED200008465DF804EB02F0E7BCFFF73BBF5DF877
:10ED300004EB1847156C0000F0B5304C8DB0304A2C
:10ED4000236853B12F49581E126804330968C2F86A
:10ED50008C104BD020600DB0F0BD2A4B2A4D1968A5
:10ED600012682B68C2F88810002B37D02749284B2F
:10ED700091ED007A274AB5EEC07A00930292F1EE47
:10ED800010FA38D4DFED247AB4EEE77AF1EE10FA17
:10ED900031DCF3EE086AFEEE007AE7EE267AFCEE4E
:10EDA000E77A17EE906A102E25D902AF08A80693CD
:10EDB0003946F5F793FF324606A91848FFF722FEB9
:10EDC000069B08A8DB689847009BDB683846984795
:10EDD0002A68002322602B600DB0F0BD0F48FFF7BA
:10EDE00093FE0F4BFF221A700DB0F0BD6FF00203BF
:10EDF00023600DB0F0BD0B4B02AFE7E748000120E8
:10EE00005400012058000120440001205C00012032
:10EE100074260020C1FE0000ABAA2A4D4C720020CF
:10EE2000377D0020755E0000362876D8F0B58DB0AD
:10EE3000002A57D16FF002030129474ADFED476AE4
:10EE40004FEA001E38BF012107EE901A02EB0011B5
:10EE5000F8EE677A4C6886EEA77A72B6404991F868
:10EE600000C084455AD0BCF1360F3E4EDFF81CC1BD
:10EE700004D8DCF800503768C5F88870087002EBD9
:10EE80000E0052F80E10C268DFED377AC1F8882004
:10EE90004868B4EEE77A32600243CCF80010F1EE35
:10EEA00010FA4FF005004A60304A31491360314B87
:10EEB000314A206081ED007A009302920BDCF3EE80
:10EEC000086AFEEE007AE7EE267AFCEEE77A17EEA5
:10EED000904A102C0FD8294B02AD2846984762B6AD
:10EEE0000DB0F0BD02FB01F3254AA2FB03239B09F1
:10EEF0005B000133A0E702AD08A806932946F5F7A9
:10EF0000EDFE224606A91F48FFF77CFD069B08A8D8
:10EF1000DB689847009BDB68DFE77047144A1349BA
:10EF2000D2ED007AF4EE477AF1EE10FA08D10A68D1
:10EF300002F00102013A1A440A6062B60DB0F0BD57
:10EF400082ED007A0A68104802F0010203600A604C
:10EF500062B60DB0F0BD00BF582900200024F4486F
:10EF6000377D002058000120ABAA2A4D480001201F
:10EF70005C00012074260020C1FE0000755E0000C8
:10EF8000D34D62104C720020440001205400012037
:10EF9000362807D810B572B6094C2378834202D0C0
:10EFA00062B610BD70470748FFF7AEFD064B074A33
:10EFB000FF211B6812682170C3F8882062B610BD5B
:10EFC000377D00204C7200205400012058000120A1
:10EFD000024A0349034803F093BC00BFE8730020D2
:10EFE000795E00004C720020884200DB704730B42C
:10EFF000124C091A2368EBB1114A124D82FB032C03
:10F00000DA179C44C2EB2C4244F2A71C05FB1233D6
:10F010000D4D05FB02F20CFB0322002A0CDA6FF007
:10F02000004313442360B3FBF1F201FB123330BC05
:10F0300018447047054BF5E71346F3E74C000120F1
:10F040005F0B4E831DF30100ECF4FFFF42CE0C1F5B
:10F05000F8B500260446C0E90066866029B1084676
:10F060000D4605F0E9FB074608B92046F8BD01301A
:10F0700003F028FE0028F8D0294606702060C4E975
:10F08000017705F067FB2046F8BD00BF10B50446C8
:10F09000006803F01FFE204610BD00BFF8B504460F
:10F0A000154632B9036803B11A7000232046A360E5
:10F0B000F8BD43680E469A421CD9511C006804F002
:10F0C000EDF8074660B1A368C4E900050BB9037009
:10F0D000276831463846A56005F03CFB2046F8BD60
:10F0E000206810B103F0F6FD276000232046C4E934
:10F0F0000133F8BD07683146A560384605F02AFBA4
:10F10000ECE700BF10B500238AB00446084601A909
:10F11000A360C4E9003303F0BFFD01A805F08CFB38
:10F1200001A902462046FFF7B9FF20460AB010BDEC
:10F130002DE9F843044600680D4616468842A36848
:10F1400009D8C218914206D20F1A4FF0010936B9F8
:10F150002046BDE8F8834FF00009002EF8D003EBFD
:10F160000608626890450CD908F1010104F096F890
:10F170000028EDD0A368C4E9000813B90370206823
:10F18000A368B9F1000F08D12946184405F0E2FA46
:10F190002046C4F80880BDE8F8833246C1191844F7
:10F1A00000F0E4FC2368002203F80820F0E700BF29
:10F1B00010B504468A680968FFF7BAFF204610BDFB
:10F1C00038B5054641B10C46084605F035FB024608
:10F1D00021462846FFF7ACFF284638BDC2B170B5BE
:10F1E000B1FA81F60C46760919B185689D4201D8BD
:10F1F0000E7070BDED1A02F1FF3C016820466545B6
:10F20000194428BF65462A4604F024FE665570BDA1
:10F21000704700BF2A2849D8F8B5254F04463B78E7
:10F22000E3B9244B1B5DFF2B29D0234A02EB0412C8
:10F2300091680A6802F44050B0F5805F30D01C0637
:10F240001FD41E4C2360236AD80704D402F0E8FAC6
:10F25000236AD907FAD5194B586AF8BD174D184ECD
:10F2600001E002F0DDFAAB6C1B06FAD4B36C13F0CC
:10F270008003F6D13B700F4B1B5DFF2BD5D10020D7
:10F28000F8BD0F4C03F07F032360236ADA0704D430
:10F2900002F0C6FA236ADB07FAD5094B586AF8BDB3
:10F2A00022F480521C060A60EBD4CAE700207047A3
:10F2B0009F130120482E00205829002000400C40B8
:10F2C00000800C40A249A34B88422DE9F047A24C94
:10F2D0005E699A69D4F80C801BD9A04B984240F221
:10F2E0000281C31A9E491B0AA1FB031340F2276146
:10F2F000DB0903EB830303EB830303F2E2438B425B
:10F3000028BF0B46A3F54877964BA3FB0737FF08AA
:10F3100004E0954FB8428CBF0E2706278D4908F0B0
:10F320001F09D1F88030B94543F0C003C1F88030DF
:10F330000CD228F01F08A1F5F82148EA0708C1F807
:10F340000C800B68002BFCDA08F01F0916F0007324
:10F3500024D186490C698649A14300F0EA8082F4F1
:10F36000805134464FF4805514F0605F04D026F08D
:10F3700060561E43774B5E6111F4405F07D022F464
:10F38000405274492A438A618B6C1A07FCD446F0B8
:10F390000076704A5661936C9B06FCD4754CA04273
:10F3A00000F2CE804FF0010C0146634603FB0112D0
:10F3B00003F1010E0CF10105A24218D8BEF1080FAD
:10F3C0004FF0010340F08D80BCF1040F00F29180FA
:10F3D0000A18A24200F2A48005FB00F1AC4603F13A
:10F3E000010E03FB01120CF10105A242E6D90CF15A
:10F3F000FF318C0286EA81215F4810445F4A9042C7
:10F400007FD9DFF8A4A16C225D48584DB0FBFEF017
:10F41000D5F800E0B0FBFCF0DFF890C10EEA0C0C70
:10F42000D44509D042F400524FF4805CC5F800C0C6
:10F430002A602A68002AFCDA464A156905F00705A1
:10F440009D4203D01361936CDD03FCD411F4E05FA3
:10F4500009D026F4E05604F4E0543E4A26435661AF
:10F46000936C9907FCD44749474A014491423CD8E0
:10F47000464BC909A3FB0131090B4B1E1B0286EA4F
:10F48000030212F4407F06D026F4407603F4407362
:10F49000304A334353612F4A536923F00073536159
:10F4A000936C9B06FCD43A4B4F45A3FB00234FF0D3
:10F4B000FF324FEA9343B0FBF1F1B2FBF3F3354A6D
:10F4C0001060354A1160354A136008D228F01F08D1
:10F4D000214A48EA0707D7601368002BFCDABDE829
:10F4E000F087734662E7122718E74FF44073042150
:10F4F000C5E70CF1FF31204807238C02104486EA4F
:10F500008121274ADFF8A8A0A2FB0020020D254890
:10F51000362A38BF362202FB00F042EA0A0A74E7B4
:10F520004FEA8C24002386EA8C214FF0010EAC4672
:10F5300062E71D4686F0C05411464FF0C05313E7F2
:10F5400000244FF0010C024631462346E64653E7BD
:10F5500000A4781F00C00F40000008400046C323ED
:10F5600023B24C001F85EB5100366E0100800D4028
:10F5700040300080FFB19F26808D5B00FF7EF64DFE
:10F5800000643F4D7FD1F0087F17B42C9F10E50039
:10F5900083DE1B43CC6C0020C86C00208C10012043
:10F5A000819F5E16001BB7006C2000807F300180B9
:10F5B0000020008000B970472DE9F84F01218146F5
:10F5C000214C224D224E54E8003F2A68306844E81E
:10F5D0000013002BF7D11F494B684FF47A7BDFF8FB
:10F5E00078A01B1A01270BFB02F8DAF80020A3FB16
:10F5F00002325A4594BF9044D84454E8003F2A68E8
:10F60000306844E80073002BF7D14B68DAF800C08B
:10F610001B1A0BFB02F2A3FB0C3CBCF57A7F94BFD8
:10F62000624402F57A72A2EB0802B2F57A7F06D341
:10F63000B9F1010908F57A78DFD1BDE8F88F02F059
:10F64000EFF80449D9E700BF501301204C13012003
:10F6500048130120001000E08C100120362816D835
:10F660000201104B03EB00109B5810B4C2685C6899
:10F67000144205D061B95DF8044BC3F88820704787
:10F68000836851B1084A5DF8044B1A6070477047AF
:10F690005DF8044BC3F884207047044A5DF8044BBE
:10F6A0001A6070475829002038F0010038300100F6
:10F6B00036280BD8064B020103EB00109A58C3689A
:10F6C00092681A4214BF0120002070470020704742
:10F6D00058290020362829D8164B0201012903EBAE
:10F6E00000109A5810B45368C4680ED004290CD086
:10F6F00023EA040353608368A9B1022917D00329C0
:10F700000CBF0D4A0D4A1A6007E0234301295360DC
:10F71000836808D040F638021A60436815225DF805
:10F72000044B1A60704738221A60F6E77047044AA3
:10F730001A60F2E758290020383001003800010033
:10F7400038F0010030B4124A0020124B0121124D52
:10F75000124CC2F8F032C2F8F402C2F8B810C2F883
:10F76000A000C2F8A450C2F8B0105369DB07FCD562
:10F7700051612378DB07F0D41368054943F0010396
:10F7800013600B68DB07FCD462B630BC704700BF67
:10F7900000802A400504012401000F0000812A4056
:10F7A00070B50E4C4FF6FF7E0D4E04F17E05A6F5AA
:10F7B0008053002102E0B34281B204D21A88481C6F
:10F7C00002337245F7D124F8021FAC4206F5805689
:10F7D000EDD1044B01221A7070BD00BF8E100120C4
:10F7E00000107C60A813012041F2BB0398422FD87F
:10F7F000184B10B51B7804463BB3A008164B04F019
:10F800000301164CA3FB0023C21A03EB5203144A54
:10F810005B09C3EB831E9C46A0EB0E0341EA8C01FF
:10F82000FF2034F813C01A444FEA4C0C13030CEBBE
:10F83000023CBCEB023F07D91A880233D4B28C4297
:10F8400008BF100A9C45F7D810BDFFF7A9FFD4E701
:10F85000FF207047A81301200541100490100120DB
:10F86000C0070600F8B50F46164672B6344B40F294
:10F870000641344A9A610222DA610022C3F8A020CC
:10F88000C3F8F012C3F8F422C3F8F822C3F8FC223C
:10F890004FF47022C3F8A4200122C3F8B02020F056
:10F8A0001F038219BFF34F8F4FF0E024C4F85C3F71
:10F8B00020339A42FAD8BFF34F8FBFF36F8F204D9A
:10F8C0006B69DA07FCD501231F49B2B220F07F40F3
:10F8D0006B6142F47022C5F8F01242F20121184C1B
:10F8E000C5F8F412C5F8BC30C5F8A000C5F8A420CE
:10F8F000C5F8B030154D01E05B0609D4636913F01B
:10F900000100F9D041236361BDE8F840FFF71ABF59
:10F91000082E0AD836B132463946374406462846BC
:10F9200000F024F940236361E8E7A6F10800082607
:10F930003946324637440646284600F017F9F1E7C3
:10F9400000802A40F05AF05A3204180880812A4078
:10F9500010B472B6284B0221284C00229C614FF44F
:10F960007024D96140F20641C3F8F0120121C3F8B6
:10F97000F422C3F8F822C3F8FC22C3F8A020A2F5B1
:10F980008052C3F8A4400240C3F8B010BFF34F8FB9
:10F9900002F5805102F120034FF0E02C994234BF70
:10F9A0000121802102EB41118B42CCF85C2F1A46D9
:10F9B00003F12003F8D1BFF34F8FBFF36F8F0E4ACF
:10F9C0005369D907FCD501240D490E4B54610340FE
:10F9D000C2F8F0124FF470200749C2F8A030C2F804
:10F9E000A400C2F8B0404B69DB07FCD501235DF8E9
:10F9F000044B4B61FFF7A6BE00802A40F05AF05A34
:10FA00002004180800F0FF0041F2BB03984200F206
:10FA10008980464B2DE9F0471B78C2B005468946E0
:10FA2000002B7CD0AB08424E05F00305414FA6FBEE
:10FA300003269A1B06EB5206760945EA8605C6EBB5
:10FA400086169E1B3C4B37F81640334460004FEA45
:10FA5000033800EB0330B0EB033F64D943464FF06B
:10FA6000FF0C1A880233D1B2A94208BF4FEA122C08
:10FA70009842F6D8E14541D0B4F5006F41D302ACCD
:10FA80004FF48072FF21204604F02CF908F58050D5
:10FA900008F102034246984234BF01204FF400604F
:10FAA00008EB4000134602321B888242D9B24FEA6B
:10FAB00013236354F6D104F805900DF107090DF2F4
:10FAC000071A00254C464046FFF742FF14F801CFC5
:10FAD00008EB450002220DF10601631EBCF1FF0F89
:10FAE000A3EB090306D043EA0C230135ADF8063039
:10FAF000FFF7B8FEA245E9D127F8165042B0BDE89D
:10FB0000F08745EA092502A902220134ADF8085020
:10FB1000FFF7A8FE27F8164042B0BDE8F087FFF7D0
:10FB20003FFE7FE770474FF0FF0CA3E7A8130120CB
:10FB30000541100490100120C007060062B170B5A5
:10FB400005460C468E182046013415F8011BFFF7B8
:10FB50005BFFB442F7D170BD704700BF08B5F2F744
:10FB600029FEF3F7A9FC01F05BFEFAE7844641EABF
:10FB7000000313F003036DD1403A41D351F8043B25
:10FB800040F8043B51F8043B40F8043B51F8043B77
:10FB900040F8043B51F8043B40F8043B51F8043B67
:10FBA00040F8043B51F8043B40F8043B51F8043B57
:10FBB00040F8043B51F8043B40F8043B51F8043B47
:10FBC00040F8043B51F8043B40F8043B51F8043B37
:10FBD00040F8043B51F8043B40F8043B51F8043B27
:10FBE00040F8043B51F8043B40F8043B51F8043B17
:10FBF00040F8043B51F8043B40F8043B403ABDD286
:10FC0000303211D351F8043B40F8043B51F8043B27
:10FC100040F8043B51F8043B40F8043B51F8043BE6
:10FC200040F8043B103AEDD20C3205D351F8043BB6
:10FC300040F8043B043AF9D2043208D0D2071CBF82
:10FC400011F8013B00F8013B01D30B8803806046AB
:10FC5000704700BF082A13D38B078DD010F0030321
:10FC60008AD0C3F10403D21ADB071CBF11F8013B91
:10FC700000F8013B80D331F8023B20F8023B7BE7E0
:10FC8000043AD9D3013A11F8013B00F8013BF9D20B
:10FC90000B7803704B7843708B78837060467047A5
:10FCA00003F010B801F1FF3C70B56646002400E097
:10FCB0000134B0FBF2F502FB1503092B03F1370EFB
:10FCC00003F130035FFA8EFE98BF5FFA83FE904225
:10FCD000284606F801EFEBD2631C0022C818CA546C
:10FCE0007CB162461CF8015F10F8016DA1EB0C03BA
:10FCF00002328CF80060013B521A057023449A428C
:10FD0000EFDB084670BD00BFB4EE400A2DE9F04FAE
:10FD1000F1EE10FA164680EAE07207462DED028BEE
:10FD2000A2EBE072B0EE408A85B080F14881F0EE3F
:10FD3000C07A9FEDC57AF4EE477AF1EE10FA29DD2C
:10FD4000B5EEC00AF1EE10FA00F1ED80032A40F39F
:10FD500091800323002FA2EB0302C0F28580B5EE51
:10FD6000C08AF1EE10FA00F16A8149214E23462043
:10FD7000F41C3170B070737022B1204620211444FD
:10FD800003F0B0FF00232046237005B0BDEC028BCA
:10FD9000BDE8F08F89460D4602AA01A9484603F046
:10FDA000C9FCDDF804A0044659EA0A0372D1012314
:10FDB0000278A64C9A460193A54BD046342A88BFB8
:10FDC0001C46029B002B7DD008F10108A7EB080B15
:10FDD00006EB0805BBF1000F40F3A1805A46202135
:10FDE00030465D4403F07EFF06EB0B032D2203F843
:10FDF000012BBAF1000F77D1B9F1000F06D01A46E6
:10FE0000302102F8021B2E2159701346AB421FD23B
:10FE1000A44619461CF8012B01F8012BA94218D061
:10FE2000019C2E20013C0BE058700233013CAB4298
:10FE300019460DD21CF8012B01F8012BA94208D05C
:10FE40000194002CF0D00B46013CAB421946F1D393
:10FE50001D46002F6BDB3446002320462B7005B077
:10FE6000BDEC028BBDE8F08F22B130462021164454
:10FE700003F038FFB5EEC08AF1EE10FA40F1BD8014
:10FE80002D2149224E234620341D3170F0707270AE
:10FE9000B37077E7CAF10003994557DA4FF00108CC
:10FEA000C9F1000A694CC2454046CDF804A0B8BF6C
:10FEB00008F10108BAF1000F52D1029B08F10108C4
:10FEC000002B81D1A7EB080B06EB0805BBF1000F57
:10FED00027DD5A46202130465D4403F003FF06EB40
:10FEE0000B03BAF1000F87D0BAF1000F8EDAB9F127
:10FEF000000F8BD018462E22302100F8021B5A70BA
:10FF000002465346013302F8011BFBD1BAF1000F40
:10FF10000193CAF10003A8BF0123034476E73346E7
:10FF200064E7334665E7042AAADD042312E7B844F0
:10FF3000B8F1000F6FEA08028DDA22EAE27220219E
:10FF400028460132154403F0CDFE84E704F074FC2A
:10FF50008046C245B8BF08F10108BAF1000FACD025
:10FF6000BAF1000FBFF62DAFB9F1000F3FF429AF82
:10FF70000AEB090309F102088342BFF422AFB9F189
:10FF8000000F05DDF2EE047A013D28EE278AFBD151
:10FF900002AAB0EE480A284603A903F0CBFBDDF81D
:10FFA00004A0039B09F101020446A3EB0A03934258
:10FFB0007FF407AF0AF1010ACDF804A001E7B5EE1E
:10FFC000C00AF1EE10FA4CBF04230323934222DA55
:10FFD0000028A2EB030218DB10EE103A002B02DA25
:10FFE0002D2306F8013B4E234121F41C3370717020
:10FFF000B370002A7FF4C1AEC4E649214E224623E5
:02000004600496
:10000000F41C31707270B370BCE622B1304620210E
:10001000164403F067FE18EE103A002B4FF04E0323
:1000200005DB4122F41C33707270B370AAE62D21F7
:100030004122341D73703170B270F370A2E62D232B
:1000400006F8013B91E600BFFFFF7F7F3C220020C6
:10005000103F00204FF0010C0CFA01FC01EB4101B4
:1000600000EB411170B5B1F80EE01FFA8CF5254C8C
:100070001FFA8EFE24782E010EFB033306F0F006E5
:10008000E340B0F888417345A4B228BF73463443B7
:10009000012AA0F888410DD0022A28D0C2B10CF064
:1000A0000F02B0F888C11FFA8CFC4CEA020CA0F8D1
:1000B00088C170BD9BB20CF00F022D02CB82B0F84C
:1000C000803105F470659BB22B43A0F88031E8E7DE
:1000D000AEEB030E0CF00F021FFA8EFEA1F80AE041
:1000E000B0F880319BB21343A0F88031D9E79BB2BE
:1000F0000CF00F02CB83B0F880319BB21E43A0F806
:100100008061CEE7397D002001EB4103F6EE006A05
:1001100000EB4313B3F80EC0314B1FFA8CFC93ED88
:10012000007AB8EE477A70B5C7EE007A4FF0010E4C
:100130004E000EFA01FE1FFA8EF577EEA67AFCEE5F
:10014000E77A17EE903AB3F5803F46D300224FF698
:10015000FF745B080132A34201D9062AF9D91201C2
:1001600042F4806292B2022B4FF6FF744FEA0515FB
:10017000314438BF02230EF00F0EEDB2A34200EB64
:10018000411128BF2346B0F88841A4B22C43A0F8FF
:100190008841CA805A1E92B2CA814A8992B203FB30
:1001A00002F2B2FBFCF292B24A81CA8A92B203FB1B
:1001B00002F2B2FBFCF292B2CA82CA8B92B202FB8A
:1001C00003F3B3FBFCF39BB2CB83B0F888319BB253
:1001D00043EA0E03A0F8883170BD4FF48062C2E795
:1001E000C86C0020214BF6EE006A4FF6FE7C93EDC2
:1001F000007AB8EE477AC7EE007A77EEA67AFCEE80
:10020000E77A17EE903A63452CD900225B08013259
:10021000634501D9062AF9D9083242F2260C4CEA84
:10022000422C1FFA8CFC022B00EB41114FF6FE70A2
:1002300038BF02230A8A834292B228BF0346C88885
:1002400080B2C0F10110104403FB02F2B2FBF0F2E5
:100250009B1A92B2C3F101039BB2CB800A82A1F830
:100260000CC0704743F2260CDDE700BFC86C0020CD
:1002700036284BD8F8B52A4D044615F8202005EB52
:100280008005012A2DD0022A3FD16B78C3F30110DB
:1002900003283ED0234A02EB803203F0030C2248AD
:1002A00089B2634602EB4C1C0678BCF806E05801A4
:1002B000BCF810301FFA8EFECEF1011E1EFA83F339
:1002C00003F1FF3E0EFB01F1F1408E4523D95B1A8D
:1002D000C3F101039BB289B20244ACF8063011822B
:1002E0000DE06A78C2F30113032B10D00F4800EB26
:1002F00083308BB202F00301AA78FFF7ABFE0C4B00
:10030000EA7803EB04135B681A60F8BD704709488C
:10031000EFE7094AC1E7991E4FF6FF73DBE700BF1D
:10032000742E002000C01D40397D002000C03D40DB
:100330005829002000803E4000801E40362808D802
:10034000154B13F8202003EB8003012A02D0022A68
:100350000DD070475978C1F30112032A13D00F480A
:1003600001F0030100EB82309A78FFF7CDBE597897
:10037000C1F30113032B0CD0094800EB833001F0CB
:100380000301FFF72FBF074801F003019A78FFF739
:10039000BBBE0548F3E700BF742E002000C03D40FF
:1003A00000C01D4000803E4000801E4000230F2200
:1003B00048F2B82C194610B54FF470444FF4806ED3
:1003C000A0F88C414FF46044A0F88E210A46A0F8B2
:1003D0009031B0F888319BB243F0F003A0F8883137
:1003E00001EB4103013100EB431304299C80A3F886
:1003F00006E05A841A865A805A81A3F80EC05A829F
:10040000DA825A83DA83EBD1B0F888319BB243F0B9
:100410000F03A0F88831B0F888319BB243F47063C1
:10042000A0F8883110BD00BF374B384A996F384863
:1004300041F47F0170B5996741F20106D3F880104D
:1004400045F6C05543F226040A43C3F88020FFF75F
:10045000ADFF00F58040FFF7A9FF00F58040FFF7F2
:10046000A5FF00F58040FFF7A1FF0022A0F50310D3
:100470004FF00F0E114600EB42134FEA421C0132BF
:100480009981042A5981A3F80EE09E82DD8020F82C
:100490000C1019829C81EED100221E484FF00F0EE5
:1004A00041F20106114645F6C05543F2260400EB21
:1004B00042134FEA421C01329981042A5981A3F860
:1004C0000EE09E82DD8020F80C1019829C81EED116
:1004D000002211480F2641F20105114645F6C0548D
:1004E00043F2260E00EB42134FEA421C013299817F
:1004F000042A5981DE819D82DC8020F80C1019824B
:10050000A3F80CE0EED170BD00C00F40000003FC6A
:1005100000C03D4000001E4000401E4072B6EFF398
:100520000583524CC4F884301EF0040F0CBFEFF367
:100530000882EFF309824FF0E0234D4E4D4DD3F882
:10054000280DD3F82C1DC4E92201D3F8341DD3F8AB
:10055000383DC4E924139369C4F89830D369C4F8CA
:100560009C3000F0D1F884ED280A01F0C5F90B2188
:100570004FF0FF32C4F8A4000B46C4F880103E4987
:10058000301D5A40202402F00103013C01FB03F31B
:1005900083EA5202F7D1A84202D073680646EFE719
:1005A000324BC3F8A820BFF34F8F4FF0E023304900
:1005B000324AC3F8701FC3F8702FBFF34F8FBFF3D9
:1005C0006F8F2F4A02252F48D36E2F4943F4405393
:1005D000D3660560D3692D4823F07F0343F04003C1
:1005E000D3610B6883423DD8264D00214FF0E023B4
:1005F0004FF0FF3229600126C5F808112449C5F8DB
:100600000011C5F80861C3F88021C3F88421C3F83C
:100610008821C3F88C21C3F8902101E000F066F92D
:10062000D5F80C31002BF9D00134C5F80C614F2CF2
:10063000F4D9184B022018494FF00042C1F840018C
:100640005A63D5F80C313BB9144815490D4A01637A
:10065000D2F80C31002BFAD04FF0E023114AC3F846
:100660000C2DFEE7FEF72EFEBEE700BF00FF2720A1
:1006700080FF2720A8FF27202083B8EDA0FF272098
:1006800000C00F4000400840CC6C0020803DCD0BE6
:10069000009F240000900D4000002E4000800F407D
:1006A000F100AD0B0400FA050A490A6838B108B533
:1006B00013180948834204D810460B6008BD104641
:1006C000704703F09DFE0C234FF0FF32036010468D
:1006D00008BD00BFE4730020000028200020704700
:1006E0004FF0FF30704700BF4FF4005300204B60C5
:1006F000704700BF012070474FF0FF30704700BFC8
:1007000030BFFDE7FFF70ABF124AD2F880305B071F
:10071000FBD5D2F880301048C3F30B230F4990ED7E
:10072000007A07EE903A91ED006AB8EE477A0C4AEB
:10073000F8EEE77A0B4BD2ED006A77EEC77A93EDCD
:10074000007AB8EE477A67EE867A87EEA60A37EE29
:10075000400A704700810D407C1001208410012068
:100760008810012080100120836BF0B41BB1536806
:1007700043F40043536072B6446B3CB31A4B22609F
:10078000D3F8B0410C421DD1184E776804E074686C
:10079000E41BB4F5166F0BD2D3F8404144F4804407
:1007A000C3F84041D3F8B851D3F840416404EED5C2
:1007B0000D4007D10C4CC0E90225D4F8B0310B43F1
:1007C000C4F8B031426362B6F0BC7047064DC0E970
:1007D0000224D5F8B0310B43C5F8B031026342634F
:1007E00062B6F0BC704700BF00002E40001000E071
:1007F00070B5056B9DB106462A46002403E01268D9
:100800000134012A0CD0536813F08003F7D032630F
:100810002CB12846B36B2D689847013CF9D170BDC7
:10082000C6E90C33F4E700BF30B4D9B91F4C204BF4
:100830000021204A01254FF0011099601D60C4E994
:10084000023180245C60C2F8BC01D2F8B0311A4891
:100850002B43C2F8B0310160D2F8B031002BFBD18C
:1008600030BC70470904154B104C012541F0800144
:100870009860104A596000F580511D60D96000F5FC
:100880000051A364196100F5405100F580405961A1
:1008900000219861E164D2F8B03143F48033C2F8AA
:1008A000B031D2F8B031002BFBD1C0E700000020FE
:1008B00040A9002000002E40EC07012060A9002084
:1008C000084901220B7802FA00F023EA00000870C0
:1008D00030B9054AD2F8483123F08003C2F84831D4
:1008E000704700BFBA13012000002E402DE9F04FE1
:1008F000974C83B0D4F84471FB07C4F8447153D5C6
:10090000D4F8AC21002A4AD0924EDFF860A2DFF87A
:100910007492DFF874B2DFF87482C4F8AC21D6E9BF
:100920000A20D4F8403143F40053C4F84031D4F8DD
:1009300040319D04F5D5D4F8403123F40053C4F878
:1009400040314FF00113C4F8B431D4F8B45115F06C
:100950000115FAD193B28446CAF80050B3F5086F76
:1009600000F0CF8100F2DB8040F202318B4200F0D8
:10097000E78100F29A80822B00F0CB81B3F5817F72
:1009800040F08A8010F0780F83B200F003824FF0BD
:100990000113C4F8C031D4F8AC21002ABDD16C4A8F
:1009A000D2F8BC31002B42D17E0616D5684BD3F865
:1009B000AC21C3F8AC21D3F8BC21C3F8BC21D3F8D7
:1009C000B041002CFBD14FF0FF32C3F8B421D3F873
:1009D000843100F029FD604B1C60FC0103D55F4BA6
:1009E0001B6803B19847B80103D55D4B1B6803B181
:1009F0009847790708D5564BD3F8843113F4007320
:100A000047D0584B01221A70514BD3F848311A067F
:100A10000AD53B0608D5544A13782BB1013BDBB20B
:100A20001370002B00F0728203B0BDE8F08F4F49C5
:100A3000C2F8BC310868034240F0D181464A1468CC
:100A40001C40B1D05FEA144810D0424E4FF001096B
:100A500098FAA8F5B5FA85F506EBC51009FA05F57B
:100A60004030FFF7C5FE38EA0508F1D1A4B2002CEA
:100A70009AD0384E4FF0010894FAA4F5B5FA85F5EE
:100A800006EBC51008FA05F5FFF7B2FEAC43F3D14B
:100A90008AE7344A1370B7E7802B7FF478AF344885
:100AA00002210580FFF7C0FE75E7B3F5A06F00F0E7
:100AB0000B81A3F5D063012B3FF669AF2D4B5D6829
:100AC000002D3FF464AF1FFA8CFC4FEA124E04E095
:100AD0001D690C33002D3FF45AAF1A887245F7D1C7
:100AE0005A886245F4D14FEA1E22032A00F0A581FC
:100AF0001A89000C824228BF0246BEF5007F40F0F2
:100B0000A181184B1C4918781C4B0192002818BF72
:100B100019461B48FFF72AF8194D019AE1E142F204
:100B200021218B427CD033D942F221318B4200F01B
:100B300081804FF6C0018B427FF429AF10F47F4FC4
:100B400083B27FF424AF43F46E4363F30F0CB5E735
:100B500000002E4000000020F00701206413012057
:100B600068130120C3130120C4130120EC070120E6
:100B700040100120D86A0020A4ED026008EE026057
:100B800020002020E40701205DCFC6B8C0012E4020
:100B9000B3F5106F66D042F221018B427FF4F7AEBD
:100BA000030C072B7FF4F3AEB24BB349F560D96069
:100BB000B249B360C3F80890C1E9002001221A606D
:100BC000AF4A5A60AF4A1A61D4F8B01141F001013E
:100BD000C4F8B01102F5805102F5005259619A61D2
:100BE000D4F8B031002BFBD1A74AF3649360012302
:100BF000B264136048F2800353604FF00113C4F8ED
:100C0000BC31D4F8B03143F48033C4F8B0314FF480
:100C10008033CAF80030D4F8B031002BFBD1BAE6EB
:100C200080B238B9994BC2F307421968984B1960E2
:100C3000984B1A70944B00229A60F2640122B364BC
:100C40001A6080225A604FF00113C4F8BC31D4F806
:100C5000B03143F48033C4F8B031D4F8B031002B54
:100C6000FBD198E6C2F307428B4B1A708B4BC4F84A
:100C7000C8318B4BC4F8CC318A4BC4F8D03100F06A
:100C8000D5FB80222946884803F02CF8874B802228
:100C9000C6F8A0B0C6F8E0307B4BF5645A6001227C
:100CA000B3649D601A604FF00113C4F8BC31D4F8EE
:100CB000B03143F48033C4F8B031CAF80050D4F8EE
:100CC000B031002BFBD166E66F4B0121F564196052
:100CD00080219D60B36459604FF00113C4F8BC31AA
:100CE000D4F8B03143F48033C4F8B031D4F8B03123
:100CF000002BFBD1130C5B0643F08073C4F8543116
:100D000049E6654B01216A481B780370FFF78CFDAB
:100D100041E683B210F078007FF439AE03F07F0231
:100D200058F82210624A1080180600F19E80CB0706
:100D300001D50123137002215D48FFF775FD2AE6F6
:100D400010F0780F83B27FF422AE03F07F0213F02D
:100D5000800F58F8223014BF43F4803343F001036E
:100D600048F822300022484BF2649A600122B364B2
:100D70001A6080225A604FF00113C4F8BC31D4F8D5
:100D8000B03143F48033C4F8B031D4F8B031002B23
:100D9000FBD100E603F07F0213F0800F58F82230F9
:100DA00014BF23F4803323F0010348F822300022DB
:100DB000354BF2649A600122B3641A6080225A6053
:100DC0004FF00113C4F8BC31D4F8B03143F4803390
:100DD000C4F8B031D4F8B031002BFBD1DBE50020F2
:100DE000086026490C88486842F221018C427FF451
:100DF00025AE80B200287FF421AE2E492E4C03C9C7
:100E0000A18086284FEA11412060A1717FF416AEBF
:100E100072B62A48017841F008010170D2F84811F1
:100E20000D0605D480200143C2F84401C2F84811E0
:100E300062B6234A5021117000E6000C2A788242E3
:100E400028BF0246BEF5E06F44D11E4B1E4D1878F8
:100E50001E491F4B0192002818BF19462846FEF76D
:100E600085FE07236B70019A3BE0C9033FF561AF34
:100E700061E700BF60A90020E417012010AB00204B
:100E800080000700E427012040A900204C13012026
:100E900060130120C1130120C21301200200CC0005
:100EA000C80002000200C800800000201993D57419
:100EB00040100120E407012058130120BA1301203B
:100EC000C4130120C31301202000202008EE02607B
:100ED000A4ED02602946104D01922846FEF746FE19
:100EE000019A25F01F031544BFF34F8F4FF0E02107
:100EF000C1F8703F20339D42FAD8BFF34F8FBFF344
:100F00006F8F05481146FFF78FFC44E50320FFF77C
:100F1000D7FC0AF0D9FC00BF200020202DE9F047C3
:100F20001F46831E022B01D9BDE8F087DFF84C90E5
:100F300015460C463C2209EBC01806464FEAC01A7B
:100F4000002108F10400240402F0CCFEB5FA85F279
:100F50000123520944EA427449F80A40C8F838703B
:100F6000C8F80830002FDFD0034AB34011680B43A4
:100F70001360BDE8F08700BFF007012000000020EB
:100F80002DE9F0470D46811E022901D9BDE8F08701
:100F9000C701DFF84C909246044640373C220021BE
:100FA0001E4609EB07082D0408F1040002F09AFE22
:100FB000BAFA8AF2520945EA427249F80720012238
:100FC000C8F83860C8F80820002EDFD0034B103472
:100FD0001968A2400A431A60BDE8F087F0070120B3
:100FE0000000002012048160C36101F5405342F00B
:100FF000800210B40124426001F50052046001F542
:10100000805401F58041C46081615DF8044BC0E902
:1010100004237047831E0A46022B00D97047064BF3
:1010200000F110014FF0010C03EBC0100CFA01F1BC
:101030004030FFF799BB00BF00000020831E0A4626
:10104000022B00D970470121024B814003EBC010F5
:10105000FFF78ABB0000002040687047124A134B1C
:10106000D2F8200220F07F40984210B584B002D21E
:1010700000EB800040000E4C01A90A22FEF712FE90
:1010800001A90023204611F8012B01333AB10A2BA4
:1010900020F8022FF7D11623237004B010BD5B0097
:1010A000DBB2237004B010BD00441F40809698004E
:1010B0001C7D002000F0D8BA00F0A8BA00F066BB92
:1010C00000F03CBB0846114600F02CBBF8B5144CB0
:1010D0004FF0E025134E4FF4003204EB4024124F42
:1010E00006EB40160346C5F88C2121463A88304667
:1010F000FFF778FF3B882344BFF34F8FC5F85C4F61
:101100002034A342FAD8BFF34F8FBFF36F8F032071
:101110003146FFF793FF4FF40033C5F80C31F8BDAB
:10112000A000202080A9002086130120244B2DE957
:10113000F0411C884368C569C3F30E43E41A002CD0
:1011400024DD204920480A780078D3B21F4E82421D
:101150001F4807D010F8038036F81870C7F50072E2
:10116000944218D90133002226F81540082B194E55
:1011700088BF134626F8152098BFDAB2C554164B1F
:101180000A701A6814441C60BDE8F0812846BDE866
:10119000F041FFF79BBF07EB482010492246274448
:1011A000084401EB4521FEF7E1FC0B4A284626F8EE
:1011B000187013682344BDE8F0411360FFF786BF41
:1011C00086130120B8130120B9130120501001200B
:1011D00070100120601001204C100120A000202080
:1011E0001D4B1A78002A36D102F0FF031B4A1278F1
:1011F0008AB32DE9F0411A4D2A8852B3194EC2F52F
:101200000068194F3278194C07EB421704EBC224DF
:10121000424638462146FFF7E5FE04EB0802BFF3DD
:101220004F8F4FF0E023C3F8704F2034A242FAD81A
:10123000BFF34F8FBFF36F8F04203946FFF7EAFEED
:1012400033780133DBB2032B88BF002333700023D4
:101250002B80BDE8F0817047C0130120C21301202C
:101260008A130120BF13012080AA0020A010202093
:101270002DE9F04F85B0CDE90110002900F0BF80C5
:101280000023604CDFF89881DFF898A15E4F00934F
:1012900001235E4A23705E4B1978B8F8003002EBE8
:1012A0004119002B40F0A7801E461D469B4648462C
:1012B000FFF7D2FE10F0800000F08C80BFF34F8F5C
:1012C0009AF8003084F800B005B93E68002B7DD153
:1012D0003B689B1B782B00F287804E4B1B78002BC2
:1012E00074D000F09DFA0122B8F800301546227043
:1012F000002BDCD0464AC3F5006011781A4600EB9B
:10130000C120454DC9022844019D954217D203933F
:10131000DDE901512A46FEF729FC039B4FF04042CC
:101320005B1BA8F800303D4BC3F88420BFF34F8F00
:10133000009800232844237005B0BDE8F08F364B99
:10134000CD180299FEF712FC00234FF400622946E3
:101350004846FFF747FEBFF34F8F05F1200205F522
:101360000063934234BF012340234FF0E02205EB9A
:101370004313C2F8705F2035AB42FAD1BFF34F8FF1
:10138000BFF36F8F04204946FFF744FE204A1378CD
:101390000133DBB2032B84BF00231D4A1370B8F85E
:1013A0000030019AD11A009A1A4401910092029ACF
:1013B0001A4400230292194AA8F80030C2F8843077
:1013C000BFF34F8F237000297FF462AF009805B000
:1013D000BDE8F08F4FF400620D4B8AF800001978D9
:1013E0001346A8F800208AE7012300988AF8003005
:1013F00005B0BDE8F08F1A46C3F500607FE701989D
:10140000E5E700BFC01301204C13012080AA002093
:10141000BF130120C2130120A010202000002E4085
:101420008A130120BE130120704700BF2D4B0021FD
:1014300080222D4870B51B7800242C4D8B422C4EF9
:101440000CBF40234FF400732B80338002F04AFC22
:10145000284A2146284B14704FF4807227481C807C
:1014600002F040FC264A1021264B0220C2E900442B
:10147000C2E90244244AC3E900441470234AC3E980
:101480000244234B1C70234614602246FFF778FD6C
:101490002246318803201F4BFFF740FD23460122DF
:1014A00029880420FFF76CFD20460134FFF70EFE6B
:1014B000082CF9D1184B00214A221848184C046016
:1014C000C3F88410C3F88020D3F84821154942F0AE
:1014D0008072C3F8482121B1134A137843F0010305
:1014E000137070BDC313012080AA00208C1301204B
:1014F00086130120BF1301208A13012080A9002038
:101500005010012060100120B81301204C10012060
:10151000B9130120B522010000002E406413012000
:101520006923010000000000CA1301202DE9F04FDB
:101530004FF0E0234FF40032DFF8C8A083B0C3F8C7
:101540008C218B469AF8004000294FD08046E4B2A7
:101550000027DFF8B490264BABEB070225491B7838
:10156000A34204F101043FD0092C234B404628BF7D
:1015700000241E5D39F816C00CEB462319441F4B9E
:1015800033F81650A5EB0C05AA421CD20CEB462CE6
:1015900018491B4C61440192FEF7E8FA216839F8BA
:1015A00016505846019AA1EB0B012A44394429F8F8
:1015B000162021604FF0E0234FF40032C3F80C21D5
:1015C00003B0BDE8F08F2A462F44FEF7CFFA0C494E
:1015D000E3B230460A68A844521B0A608AF8003019
:1015E000FFF774FDBB45B6D83846E3E70846E1E7A8
:1015F000B8130120A00020207010012050100120FD
:101600004C100120B9130120601001200B4B0C4A33
:1016100012781978D3B28A420DD0013309480A4AA8
:10162000092B0A4928BF0023C35C31F8131002EBD1
:101630004323585C70474FF0FF307047B8130120C8
:10164000B913012070100120A0002020601001209B
:10165000044B10B51C680CB1204610BD00F0E0F83A
:10166000204610BD4C1001202DE9F84F144E154DA9
:1016700033782A78934221D0DCB2DFF85090DFF83B
:1016800050B0DFF85080104F0134082C5FFA84FA14
:1016900001D90024A24619F80400DBF8003038F81C
:1016A000102037F81010521A9B1ACBF80030FFF7B1
:1016B0000DFD86F800A02B78A342E5D1BDE8F88F98
:1016C000B9130120B813012060100120701001200F
:1016D0004C1001205010012000B583B001210DF104
:1016E0000700FFF723FF20B19DF8070003B05DF866
:1016F00004FB4FF0FF30F9E7094B00B583B01B78CE
:101700008DF807003BB101210DF10700FFF7B0FD97
:1017100003B05DF804FB03F0FF0003B05DF804FBC9
:10172000C2130120044B1B7803F0FF020BB1FFF73B
:101730009FBD1046704700BFC21301202DE9F04144
:101740000024DFF8448001230D4D27460D4E88F814
:101750000030337828462035A34204F1010405D037
:10176000FFF77AFC030658BF07F50067042CF0D199
:10177000BFF34F8F0023384688F80030BDE8F08172
:1017800080AA0020BF130120C01301202DE9F843D7
:101790001D4B1B7813B11D4D2A880AB9BDE8F8838B
:1017A0001B4EC2F500691B4933784A461A4C01EBBF
:1017B00043181A4F04EBC324012340463B702146D3
:1017C0000023FFF70FFC04EB0902BFF34F8F4FF02C
:1017D000E023C3F8704F2034A242FAD8BFF34F8FF2
:1017E000BFF36F8F04204146FFF714FC33780133B9
:1017F000DBB2032B88BF0023337000232B80BFF3A1
:101800004F8F3B70BDE8F883C21301208A1301207B
:10181000BF13012080AA0020A0102020C0130120A7
:101820002DE9F8432D4B1E7866B12D4F3B784BB90F
:101830000123F1073B7043D4B20726D400233B7049
:10184000730701D4BDE8F883264B1A68002AF9D043
:10185000EFF30582002AF5D1EFF3108572B6186810
:10186000002834D0204C2178002930D10122227068
:1018700042691A60002A2ED0916105B962B600252E
:101880008368457798472570DCE7DFF8648098F82F
:101890000030002BD2D00025DFF858902B4659F8A5
:1018A00023400135236820461B69984710B16369BE
:1018B0009B68984798F80020EBB29A42EFD8BDE7B2
:1018C000FFF7C6FE0028B7D0AFF30080B4E7002DC5
:1018D000B8D162B6B6E7054B1A60CEE7CA1301204D
:1018E000991301208400012097130120900001200A
:1018F0009813012094000120074A506A936A194600
:101900008446506A936A9942F9D18445F7D1DB0B3A
:1019100043EA4040704700BF00400D4008B5D0E9A1
:1019200000325BB1BAB10F4BA3FB0213DB0803EB30
:101930004303B2EB83030AD1012008BD094BA3FB8B
:101940000213DB0803EB4303B2EB830301D0D21A8B
:101950004260F02AF0D802F053FD1C22034600201A
:101960001A6008BDABAAAAAA70B5044638B319B16B
:10197000B2FA82F67609A2B9206800B36268F2B1C1
:10198000184B194902FB03F3B1EBB30F17D3A3684C
:10199000E3B90022012322606260A260E26018467F
:1019A00070BD1D46049BC0E90012C360FFF7B6FF7F
:1019B00003460028F3D06DB90123184670BD02F02C
:1019C0001FFD162200230260184670BD002102F0A0
:1019D00089F9DEE7626831462068A56002F082F985
:1019E0000123DCE7ABAAAAAA5555551508B52DED7C
:1019F000048BB0EE408B00F057FBB4EE488BF1EE59
:101A000010FAB0EE409B0AD6B0EE480B00F01AF880
:101A1000B7EE007BB4EEC70BF1EE10FA04DCB0EECB
:101A2000490BBDEC048B08BD02F0EAFCBDEC048B55
:101A3000034621221A600248BDE8084000F064B85D
:101A4000683D002051EC100B10EE102A21F00043ED
:101A500043EC102B704700BF08B52DED028BB0EEA4
:101A6000408A00F04FFCB4EE488AF1EE10FAF0EE36
:101A7000408A0AD6B0EE480A00F03EF8F7EE007A47
:101A8000B4EEE70AF1EE10FA04DCB0EE680ABDEC41
:101A9000028B08BD02F0B4FCBDEC028B0346212290
:101AA0001A600248BDE8084000F0F4BA683D002022
:101AB00000F02EBD08B52DED028BB0EE408A00F08F
:101AC000EFFAB4EE488AF1EE10FA06D6DFED098A95
:101AD000B4EEE88AF1EE10FA02D4BDEC028B08BD38
:101AE00002F08EFC88EEA80ABDEC028B2123036075
:101AF00008BD00BF0000000010EE103A23F00043C4
:101B000000EE103A704700BF9FED010B704700BF19
:101B1000000000000000F87F2DE9F04F5BEC10ABF7
:101B20002DED0A8B4FEA1B5C11EE90EA0CF1FF36AB
:101B300040F2FD70864210EE101A11EE103A89B094
:101B40005A4665464FEA1E5400F2C680C4F30A06A0
:101B5000A6F2BE367F2E98BF002000F2BD80BFEEF9
:101B6000000BE14CE14B1444C4F3463503EB45163E
:101B700093ED006B93ED027B96ED128B96ED189B27
:101B800096ED162B260D241505EE904A360593ED9D
:101B90000C4BB8EEE55B951BA5EE062BA5EE079B5F
:101BA00093ED04AB93ED105B93ED08BB93ED067BD7
:101BB00093ED0A6B93ED0E3B0C1E45EC1C4BACEE0B
:101BC000080BA0EE053BA0EE046B20EE0A5B30EEA6
:101BD000024B20EE058BA0EE0B7BA8EE036B32EEE2
:101BE000442BA8EE067B32EE002BB0EE483B39EEDC
:101BF000022B95EE003B34EE085B20EE080B34EE32
:101C0000454B32EE036B34EE084B36EE046BA0EE20
:101C1000076B35EE064B21EE048B18EE902AB0EEE2
:101C2000487BC2F30A556FF47273EB183E2B91EEAA
:101C3000047B35EE445B35EE065BA1EE057B00F2DE
:101C40009380AB4B93ED024B93ED005BB0EE441BE6
:101C500093ED042BA8EE051B93ED066B11EE101A05
:101C600031EE441B01F07F0293ED0E4BA1EE028B8F
:101C7000A1EE068B93ED0C6B37EE087B27EE072B5E
:101C8000921802F10F0403EBC202A7EE046B92ED6F
:101C90001C4B03EBC40293ED0A3B93ED085B53F836
:101CA00034605768A7EE035B4018002422EE023B25
:101CB00037EE047BA219A2EE057B07EB4033A3EEBF
:101CC000067B002D5FD043EC102BA7EE000B09B074
:101CD000BDEC0A8BBDE8F08FD8184EEB0E09461EFE
:101CE00037466FF0010849F1FF36B8456FF4001729
:101CF00077EB0606C0F02081481842EB0209461E29
:101D0000374669F10006B8456FF4001777EB060611
:101D1000C0F03981002A6ADB0020C4F30A06A6F26B
:101D2000BE337F2B40F2FF774FD9724B00209A428F
:101D300008BF814200F0FD8040F2BD35AE4240F266
:101D40009180012972EB030334BF01230023BC42BD
:101D50008CBF00240124A3420ED109B0BDEC0A8B34
:101D6000BDE8F04F00F070BD002BC0F2CE80B5F59D
:101D7000816F75D9002AF0DB09B0BDEC0A8BBDE894
:101D8000F04F00F069BDA14280F21381B7EE003B35
:101D900003F17F5101F50011104641EC150B27EEC0
:101DA000057B35EE076BB0EEC64BB4EEC34BF1EEE0
:101DB00010FA61D49FED480B26EE000B09B0BDEC84
:101DC0000A8BBDE8F04F00F077BD002D7FF4C7AE61
:101DD0009FED437B4BEC16AB26EE077B53EC172BAA
:101DE00023F0004217EE101AA2F15072B7E6C4F3C6
:101DF0000A0640F2FE3086427EDD40F233408642E3
:101E000000F3FA80801BA0F120054FF0FF374FF060
:101E1000FF39874009FA05F9C0F12008019547EA22
:101E200009054FF0FF3727FA08F945EA0905874009
:101E300023EA07072EEA05053D435DD1019DC34016
:101E40000EFA08F843EA08032EFA05FE43EA0E03E9
:101E500003F00103980422F00042CCF30A055EE788
:101E60000025EEE688429341B7EE000B34BF31EE19
:101E7000000B30EE410B2AE7B5EEC06BF1EE10FA25
:101E800035EE465BBFEE004B35EE075B58BFB0EE5C
:101E9000434B36EE043B34EE437B37EE067B37EEA6
:101EA000057B37EE037B37EE446BB5EE406BF1EE0E
:101EB00010FA04D12A4601F0004343EC162B9FEDA3
:101EC000065B8DED045B9DED047B27EE057B8DEDC0
:101ED000067B6FE7AFF300800000000000001000F9
:101EE0000000000000003043AB6A19C0E00B002086
:101EF000800200200000F03F4BEC10AB09B0BDECBD
:101F00000A8BBDE8F04F00F0C7BCB7EE000B38EE0F
:101F1000000B00283FF4DBAEB1EE400BD7E64918CA
:101F2000594B82F400224FF0000052418842934105
:101F30005DD3B7EE000BCAE650EA0904EFD0534C6C
:101F40000025A24208BFA94247D04918504B524130
:101F50008D4273EB02044AD3994508BFA84246D18B
:101F600003F100439A4208BFA942E2D09A426FEAC5
:101F70000E0E34BF002201224FEADE7E724577D07A
:101F80009FED3D0BA3E64BEC17AB002A27EE070BAA
:101F900034DB002250EA09095DD1BEF1000FBFF623
:101FA00096AE104609B0BDEC0A8BBDE8F04F00F0CC
:101FB0005BBC03F140419FED326B01F570011046AF
:101FC00041EC100BA7EE000B20EE060B09B0BDECA8
:101FD0000A8BBDE8F04F00F07BBCDB182A4A8EF478
:101FE000002E4EEB0E0E9D4272EB0E02A1D24BEC78
:101FF00017AB37EE010B6AE600202CE7C4F30A02A8
:10200000A2F2FF313429C4D8C2F586624FF0FF3105
:10201000A2F11D05033201FA05F701FA02F4C2F13B
:1020200020063C4321FA06F73C43914023EA010194
:102030002EEA04042143ACD123FA02F20EFA06F68A
:1020400032432EFA05F52A4312F00102A2D0B1EE76
:10205000400B01229EE7BEF1000FBFF638AEB7EE8F
:10206000006B86EE007B8DED027B9DED020B2EE674
:1020700021EE010B2BE600BF000000000000000075
:10208000000000000000007F0000F0FF0000F03FB3
:102090000000E0FF9FED010A704700BF0000C07F15
:1020A000B1EEC00A704700BF38B510EE905A924B9F
:1020B00025F000449C422DED0A8B1DDD10EE103AF8
:1020C00004F1404404F580141C4308D030EE400B6A
:1020D00080EE007BBDEC0A8BB0EE470B38BDBDEC4B
:1020E0000A8B9FED677B9FED686B20EE077BA0EE70
:1020F000067BB0EE470B38BD804B9C420EDCB4F142
:10210000795F80F28380B7EE006B9FED617B30EEEC
:10211000077BB4EEC67BF1EE10FA74DCB6EE008BF2
:10212000FFF790FCB7EE007B9FED5B9B37EE400B1B
:1021300020EE088B9FED5AABB0EE480B9FED5A1B7B
:102140009FED5B3BA8EE0A1B9FED5B4BA1EE083BAE
:102150009FED5B6BA3EE084B9FED5BCBA4EE086B92
:102160009FED5B2BA6EE08CB2CEE08CB9FED5A5BC8
:10217000A8EE092B9FED5ABBA2EE085BA5EE08BBAB
:10218000ABEE087BB0EE479B00F0B6FB5C4B9C428D
:102190002ADCB0EE004B8CEE093B53EC102B9FED8C
:1021A000526B9FED377B002243EC122B30EE025B2B
:1021B000A2EE428B30EE000B88EE051BB0EE465BC4
:1021C000A1EE447BA2EE445B90EE037B37EE457BB1
:1021D00036EE477B002D3FF77DAFB1EE477BB0EE8B
:1021E000470BBDEC0A8B38BD9FED417B8CEE094B54
:1021F000B0EE005B9FED246BA0EE040BA0EE057B20
:1022000036EE477BE6E7B0EE407B63E79FED248B3D
:1022100020EE006B9FED245B9FED253BA6EE085B57
:102220009FED254BA5EE063B9FED252BA3EE064B20
:10223000BDEC0A8BA4EE062B9FED237B9FED161BB6
:10224000A2EE067B27EE067B9FED215B9FED223BF6
:10225000A6EE015B9FED224BA5EE063BB7EE005BC1
:10226000A3EE064BA4EE065B87EE056BB0EE407B5B
:10227000A0EE067BB0EE470B38BD00BFAFF3008089
:10228000075C143326A6913C182D4454FB21F93FDA
:102290009C7500883CE4377E82922EB1C5B8B33F6E
:1022A00009F7FD0DE13D023F88B20175E0EF493FBE
:1022B0003B8F68B52882A4BF5544880E55C1C93FDD
:1022C0007D6FEB0312D6D4BF555555555555C53FB7
:1022D00059018D1B6C06E6BFC88A599CE52A00404F
:1022E0004B2D8A1C273A03C0182D4454FB21E93F8B
:1022F000075C143326A691BCFFFFEF3FFFFFDF3FD3
:102300003233EF3F38B510EE105A25F00044B4F1E7
:102310007E5F2DED048B00F085807ADCB4F17C5F6C
:102320000FDAB4F1485F80F29C80DFED697A70EEDD
:10233000277AB7EE007AF4EEC77AF1EE10FA00F3DE
:102340008D80FFF7D9FBF7EE007A37EEC00AB6EEC4
:10235000007A20EE078ADFED5F6A9FED5F7A9FEDDE
:102360005F6A9FED5F5ADFED5F5ADFED5F8AE8EE4F
:10237000076A9FED5E7AA8EE067A9FED5D6AA6EE8B
:10238000885AA7EE086A9FED5B7ADFED5B6AE5EE9F
:10239000085AA6EE087AE5EE886AE7EE087AE6EED5
:1023A000888AB0EE480AB0EE679AFFF779FE534B81
:1023B0009C4268EE888A42DC10EE103A23F47F6378
:1023C00023F00F0306EE903AA6EEE68A30EE267A68
:1023D00088EE895AC8EE074ADFED497A9FED497ABF
:1023E000B0EE006AE4EEC67A30EE000AF0EE475A2C
:1023F000E6EEC65AD0EE057A77EEE57A37EE677AE2
:10240000002D0ADCBDEC048BB1EE477AB0EE470A32
:1024100038BD70EE407A87EEA77ABDEC048BB0EE43
:10242000470A38BD9FED367ADFED377A20EE077A1E
:10243000BDEC048BA0EE277AB0EE470A38BD88EEDB
:10244000896ADFED327A9FED307AA0EE060AF0EE6F
:10245000006AE0EE267A37EE677AD1E7B0EE407A8E
:10246000DBE760EE007A9FED1C7ADFED1A6A9FEDE4
:102470001C6ADFED1A5A9FED1B5AE7EE876ABDEC26
:10248000048BA6EEA76A9FED197ADFED196AA7EE15
:10249000A57AA6EE275AE7EE276ADFED175A9FEDD9
:1024A000156A9FED117AE5EE275AA6EEA76AA5EE0A
:1024B000A77AF7EE006AE6EE276A67EE277AB0EEB3
:1024C000407A87EEA66AA0EE067AB0EE470A38BDDB
:1024D000CAF24971047F4F3A08EF11382EC69D3D6C
:1024E000461124BDA80A4E3EABAA2A3E613330BF36
:1024F0002D57014039D119C090B0A6BE9999793FA6
:102500002EBD3BB3DB0F493FDB0FC93F2EBD3B3335
:1025100010B582B0CDED010A019B23F00042B2F16B
:10252000FF4FF0EE407A30DC10EE100A20F0004150
:10253000B1F1FF4F29DCB3F17E5F40D09C1704F06E
:10254000020444EAD07431B372B3B2F1FF4F3ED00B
:10255000B1F1FF4F28D0891AB1F1F45F4FEAE1528F
:1025600032DA002B40DA3C323EDA9FED330A012C9E
:102570004CD0022C41D064B19FED307ADFED307A3F
:1025800030EE070A30EE670A03E09DED017A37EE80
:10259000270A02B010BD022C0ED09FED2A7A032C20
:1025A00007FE000A02B010BD9FED270ADFED277A73
:1025B000002820FE270AECE79FED210AE9E702B098
:1025C000BDE8104000F04AB89FED1F0ACFE7B1F117
:1025D000FF4F04F1FF3420D0022C26D81C4B03EB14
:1025E000840393ED000AD4E79DED017A87EE870A14
:1025F000FFF782FA00F032F8B9E79FED107ADFEDCD
:10260000107A30EE070A37EEC00AC2E710EE103A31
:1026100003F1004300EE103ABBE7022C08D80D4B43
:1026200003EB840393ED000AB3E79FED030AB0E7E1
:102630009FED090AADE700BF000000002EBDBB33CF
:10264000DB0F4940DB0F49C0DB0FC93FDB0FC9BFC0
:10265000601E0020541E0020DB0F493F38B510EEED
:10266000105A25F00044B4F1A14FF0EE407A0ADB95
:10267000B4F1FF4F58DCDFED517A9FED517A002D18
:1026800037FE870A38BD4F4B9C425CDCB4F1445F97
:102690004DDB4FF0FF3327EEA76ADFED4B6ADFED2E
:1026A0004B5ADFED4B4A9FED4B5A9FED4B4A26EEBE
:1026B000067A5A1CE7EE265ADFED486AA5EE875ADD
:1026C000E7EE246ADFED465ADFED464AE6EE875A2A
:1026D000A5EE074A9FED445ADFED446AA5EE875AFE
:1026E000E4EE074ADFED425AE4EE876AE5EE075A68
:1026F00066EE866A65EE875A3AD03E4A02EB83025E
:1027000076EEA56A92ED007A3B4A96EEA77A02EB46
:102710008303002DD3ED006A77EE677A36EEE70A81
:10272000B0DAB1EE400A38BD30EE000A38BD9FED98
:10273000337A30EE077AF7EE006AB4EEE67AF1EE1D
:1027400010FAA6DD38BDFFF7D7F92D4B9C4216DCF9
:10275000A3F5D0039C4227DCF0EE007ABFEE007AAE
:10276000A0EE277A002330EE270AC7EE007A92E720
:1027700076EEA56AE6EEE77AB0EE670A38BD214B41
:102780009C420BDCF7EE087AB7EE007AA0EE277ACF
:10279000022330EE670AC0EE077A7CE7BFEE007ACC
:1027A000C7EE007A032376E7F7EE007A30EE677A19
:1027B00030EE270A0123C7EE007A6CE7DB0FC93F32
:1027C000DB0FC9BFFFFFDF3ED769853C59DA4B3DC0
:1027D00021A215BD356B883D6E2EBA3D6BF16EBDE5
:1027E00095879DBD2549123E388EE3BDABAAAA3E12
:1027F000CDCC4CBE1829002008290020CAF249710E
:10280000FFFF973FFFFF1B4010B582B08DED000B1F
:10281000044601F0F5FD9DED000B046002B010BD13
:1028200082B058B1B1EE407B8DED007B9DED007B19
:10283000222020EE070B02B0FFF7E6BFB0EE407B90
:10284000F2E700BF000000009FED010BFFF7E8BFBB
:1028500000000000000000109FED010BFFF7E0BF3B
:10286000000000000000007082B00028B7EE006B8E
:10287000BFEE007B06FE077B8DED007B9DED000B20
:102880009FED037B222080EE070B02B0FFF7BCBF59
:102890000000000000000000B4EE400BF1EE10FA62
:1028A00030EE407B87EE076BB0EE460B02D6212060
:1028B000FFF7AABF704700BFB5EE400BF1EE10FA6C
:1028C00000D070472220FFF79FBF00BF000000002C
:1028D0009FED076BB0EEC07BB4EE467BF1EE10FAD5
:1028E00000DC70472220FFF78FBF00BFAFF30080EE
:1028F000FFFFFFFFFFFFEF7FB1EEC00B704700BF90
:1029000003460846194600F00FBF00BF53B94AB945
:10291000002908BF00281CBF4FF0FF314FF0FF30E7
:1029200000F070B9ADF1080C6DE904CE00F006F8C6
:10293000DDF804E0DDE9022304B070472DE9F0473B
:10294000089E0D4604460F46002B4AD18A42944603
:1029500065D9B2FA82F343B102FA03FCC3F1200253
:102960009F4020FA02F217439C404FEA1C4E1FFA88
:102970008CF5B7FBFEF1220C0EFB117742EA074201
:1029800001FB05F090420AD91CEB020201F1FF376E
:1029900080F01C81904240F2198102396244121A7F
:1029A000A4B2B2FBFEF00EFB102244EA024400FB8C
:1029B00005F5A5420AD91CEB040400F1FF3280F0B2
:1029C0000781A54240F204816444023840EA014094
:1029D000641B00211EB1DC400023C6E90043BDE8B2
:1029E000F0878B4208D9002E00F0ED800021C6E967
:1029F00000050846BDE8F087B3FA83F1002949D104
:102A0000AB4202D3824200F2F880841A65EB0302E3
:102A100001201746002EE2D0C6E90047DFE702B9E1
:102A2000FFDEB2FA82F3002B40F090808A1A4FEA60
:102A30001C471FFA8CFE0121B2FBF7F507FB15209E
:102A4000220C42EA00420EFB05F0904208D91CEB32
:102A5000020205F1FF3802D2904200F2CB804546D7
:102A6000121AA4B2B2FBF7F007FB102244EA0244A8
:102A70000EFB00FEA64508D91CEB040400F1FF3252
:102A800002D2A64500F2BB801046A4EB0E0440EA39
:102A900005409FE7C1F120078B4022FA07FC4CEA72
:102AA000030C05FA01F420FA07F3FD404FEA1C4934
:102AB0002343B5FBF9F81FFA8CFE09FB18551C0CD3
:102AC00044EA054408FB0EF5A54202FA01F200FAB9
:102AD00001F00BD91CEB040408F1FF3A80F0888068
:102AE000A54240F28580A8F102086444641B9DB2AF
:102AF000B4FBF9F309FB134445EA044403FB0EFE5F
:102B0000A64508D91CEB040403F1FF356CD2A64599
:102B10006AD9023B644443EA0843A3FB0295A4EB51
:102B20000E04AC42C846AE4656D353D056B1B0EBB5
:102B3000080264EB0E0404FA07F7CA40CC401743BE
:102B4000C6E9007418460021BDE8F087C3F12001F2
:102B500002FA03FC20FA01F225FA01F19D402A4312
:102B60004FEA1C471FFA8CFEB1FBF7F007FB10156C
:102B7000110C41EA054100FB0EF58D4204FA03F405
:102B800008D91CEB010100F1FF382FD28D422DD95D
:102B900002386144491B92B2B1FBF7F507FB1511EE
:102BA00042EA014205FB0EF1914208D91CEB0202F8
:102BB00005F1FF3816D2914214D9023D6244521AEF
:102BC00045EA004138E73146304608E73946E6E64F
:102BD0001046FBE64845A9D2B9EB020865EB0C0E9E
:102BE000013BA3E74546EAE72B4694E74046D1E799
:102BF000D0467BE7023D624432E708460AE7644478
:102C0000023842E7704700BF10B4044C03460A463E
:102C100020685DF8044B194600F002B87479002072
:102C200038B5A1FB02148CBB00F05CF80546E0B19E
:102C300050F8042C22F00302043A242A17D8132A4D
:102C40001AD91B2AC0E900441DD9242A14BF00F157
:102C5000100200F118024FF00003C0E9024404BF63
:102C600004614461C2E900339360284638BD2146BF
:102C700001F038F8284638BD02460023C2E9003387
:102C80009360284638BD00F10802F6E701F0B8FB72
:102C90000C2300250360E8E7931E222B10B50C4699
:102CA0000CD80A2A03D000F0F1FC204610BD002801
:102CB000F9DA2D2301F8013B4042F4E700230B70C1
:102CC000184610BD024B0146186800F00BB800BF53
:102CD00074790020024B0146186801F0AFBE00BFB6
:102CE000747900202DE9F04F01F10B06162E83B008
:102CF000044624D8102900F2BA8000F0A3FA102666
:102D000018220220B54F3A44A2F1080153688B42C1
:102D100000F0BA805A68D96822F003021A449D680C
:102D2000E9608D60516841F001012046516003F176
:102D3000080500F08DFA284603B0BDE8F08F36F0A4
:102D4000070600F19480B14200F2918000F07AFA17
:102D5000B6F5FC7FC0F09A81730A00F08F80042BD7
:102D600000F26F81B30903F1390003F1380CC3009D
:102D70009A4F3B44A3F108055B689D4206D10CE0E5
:102D8000002980F22781DB689D4206D05A6822F034
:102D90000302911B0F29F3DD60463D69DFF850C245
:102DA00065457CD06A6822F00302931B0F2B00F369
:102DB0007B81002BC7E904CC80F26C81B2F5007FE7
:102DC00080F01A81D308796801334FEA521E01223C
:102DD00002FA0EF20A4357F833E0C5F808E007EBB1
:102DE000C3010839E9607A6047F83350CEF80C50D7
:102DF000831001219940914257D8114206D120F009
:102E000003004900114200F10400FAD007EBC009A9
:102E10004D468646D5F80C80454508D11DE1002B6E
:102E200080F22481D8F80C80454500F01681D8F84E
:102E3000042022F00302931B0F2BF0DD2046D8E97B
:102E4000025408EB060146F00106C8F80460EC6085
:102E5000A56043F00104C7E90411C1E902CC4C604C
:102E600048F8023000F0F4F908F1080502E00C23FC
:102E700023600025284603B0BDE8F08F4FF40073AF
:102E800040204FF03F0C73E7D3689A4208BF0230EE
:102E90007FF440AF3D69DFF858C1654582D17A685B
:102EA0008310012199409142A7D9BD686B6823F036
:102EB00003094E4503D8A9EB06030F2B7ADCDFF894
:102EC00034B1474BDBF800201B680132334405EB7B
:102ED000090A00F0338103F580530F3323F47F6830
:102EE00028F00F084146204601F062FA411C0246D4
:102EF00000F0F380824500F2EE803A4B19684144BD
:102F00001960084600F04E81DBF800100193013192
:102F10001BBFA2EB0A010918CBF80020196012F0C0
:102F2000070B00F01781CBF108010A44CBF5805163
:102F300090440831A1EB0801C1F30B0A5146204629
:102F4000009201F035FA421CDDE9002300F04F81C8
:102F5000801A00EB0A081968BA6048F00100514471
:102F6000BD425060196000F02981B9F10F0F40F2A5
:102F700027816868A9F10C0C2CF0070C00F0010007
:102F800040EA0C0068604FF0050E05EB0C00BCF148
:102F90000F0FC0E901EE00F2328150681546124B66
:102FA0001A688A4238BF1960104B1A688A4238BFC3
:102FB000196094E0AA1943F0010346F001066E601F
:102FC0002046BA60536000F043F90835284603B044
:102FD000BDE8F08FD9681A44A1E600BF58750020FB
:102FE0009C0201206C020120940201209802012021
:102FF0006075002060790020B2F5206F4FEA5223FF
:1030000063D3142B00F2B78003F15C01C9005B337A
:1030100007EB010E7958AEF1080E8E4500F0918055
:103020004B6823F00303934202D989688E45F7D198
:10303000D1F80CE07A68C5E9021ECEF80850CD60E0
:10304000D6E6142B59D9542B00F29D80330B03F193
:103050006F0003F16E0CC3008AE60EF1010E1EF044
:10306000030F05F108057FF4D5AE51E04244454613
:103070005368D8F80C1043F00103536055F8083F2B
:103080002046D9608B6000F0E3F8F3E6F00806F123
:10309000080237E62A442046536843F00103536090
:1030A000083500F0D5F8E5E6A919204646F00106F6
:1030B00043F001046E60C7E90411C1E902CC4C6021
:1030C000AB5000F0C5F80835D4E6930903F1390197
:1030D000C90038339CE7BD425FD0BD68686820F006
:1030E00003084645A8EB060302D80F2B3FF762AF53
:1030F000204600F0ADF80025BCE603F15C0003F1CA
:103100005B0CC30034E659F808394B4540F0968013
:1031100010F0030F00F1FF30F5D17B6823EA0103C3
:103120007B60490099423FF6C0AE19B9BDE649003F
:103130000EF1040E1942FAD0704667E603F110084A
:10314000D0E69A104FF001087B6808FA02F21A43A1
:103150007A6070E702EB08014942C1F30B0A51465D
:103160002046009201F024F9431CDDE900237FF49E
:10317000EFAEDA46EFE6542B25D8130B03F16F01BF
:10318000C9006E3344E7B3F5AA7F25D8F30B03F1EA
:10319000780003F1770CC300EAE5294B1868404436
:1031A0001860B1E6CAF30B0CBCF1000F7FF4ACAEB3
:1031B000BD68C84448F001006860F0E61546EEE6D8
:1031C0000123536094E7B3F5AA7F23D8D30B03F10F
:1031D0007801C90077331BE740F25452934223D859
:1031E000B30C03F17D0003F17C0CC300C0E5ABF12F
:1031F000080BD844A8EB02084FF0000AABE605F133
:1032000008012046009301F019FCBD68009B686826
:103210001968C4E640F254518B420BD8930C03F169
:103220007D01C9007C33F3E64FF47E737F204FF0BD
:103230007E0C9DE54FF47E717E23E9E67B6870E7A6
:103240006C020120014801F009B900BF64020120AD
:10325000014801F005B900BF640201200C4B0D4884
:1032600019680D4AD1F8983010B4D1F89C4003FB8E
:1032700000F002FB0400A3FB0232013340EB02002A
:10328000C1E926305DF8044B20F00040704700BFD4
:10329000747900202DF451582D7F954C10B4044CB6
:1032A00003460A4620685DF8044B194600F002B850
:1032B000747900202DE9F84F1746002900F0988016
:1032C0000C4607F10B058046FFF7BCFF162D54F89E
:1032D000041C5BD810252A46AF425CD821F00306B7
:1032E0009642A4F1080962DABC4BD3F808C009EB96
:1032F0000600844500F09780D0F804C02CF001034C
:1033000003445B68DB0768D42CF0030C06EB0C036A
:10331000934247DACB0710D454F8083CA9EB030AD0
:10332000DAF8043023F003018C44B444944580F26D
:1033300011817318934280F2E88039464046FFF7C6
:10334000D1FC0746E0B154F8043C23F001034B44A0
:10335000A0F10802934200F0D280321F242A00F22A
:10336000F580132A00F2AC800346224611681960EA
:103370005168596092689A602146404601F05EFBB0
:103380004046FFF765FF3846BDE8F88F25F0070592
:10339000002D2A46A0DA0C23C8F800300027384652
:1033A000BDE8F88F1E46D0E90223D3609A60731BF4
:1033B0000F2B22D8D9F8043003F0010333434E44D5
:1033C000C9F80430736843F0010373604046274630
:1033D000FFF73EFF3846BDE8F88FC907ADD454F873
:1033E000083CA9EB030ADAF8041021F00301A0E776
:1033F000BDE8F84F1146FFF775BCD9F8042009EB7A
:10340000050102F001024E4443F001032A43C9F8CA
:1034100004204B60736843F0010308317360404639
:1034200001F00CFBD2E7DCF8040020F0030B06EB04
:103430000B0C05F1100084454DDAC9073FF57DAF4F
:1034400054F8081CA9EB010ADAF8041021F0030172
:103450008B44B34458453FF76CAF5746DAF80C102D
:1034600057F8080F321F242AC160886000F2DB8001
:10347000132A40F2D6802168CAF808106168CAF899
:103480000C101B2A00F2DF8008340AF110022168B8
:10349000116061685160A16891600AEB0501ABEBB6
:1034A000050242F0010299604A60DAF8043003F044
:1034B00001032B434046CAF80430FFF7C9FE6EE70C
:1034C00023680360636843601B2A68D804F108021C
:1034D00000F108034AE709EB05029A60ACEB05032B
:1034E00043F00103536054F8043C03F001032B4301
:1034F000404644F8043CFFF7ABFE27464FE750F840
:10350000043C23F003031E4451E75746DAF80C103D
:1035100057F8080F321F242AC16088604CD8132A3C
:1035200048D92168CAF808106168CAF80C101B2A2B
:1035300056D808340AF110021E46236813606368E7
:103540005360A3689360D1463C4630E7214600F0C3
:103550004DFB11E7D0E902135746CB60996057F84D
:10356000081FDAF80C30CB60321F242A99602DD85E
:10357000132A29D92368CAF808306368CAF80C30BE
:103580001B2A42D808340AF1100322681A606268C4
:103590005A60A2689A606646D1463C4607E7A3682F
:1035A0008360E368C360242A26D004F1100200F18E
:1035B0001003DBE63A46BFE7214638461E46D146B1
:1035C00000F014FB3C46F2E63B46DEE72146384677
:1035D0006646D14600F00AFB3C46E8E658750020F6
:1035E000A168CAF81010E168CAF81410242A20D083
:1035F00010340AF118029FE7236903616169416190
:1036000004F1180200F11803B0E6A368CAF81030FC
:10361000E368CAF81430242A21D010340AF11803C0
:10362000B3E73A4633E72146384600F0DFFA164B57
:1036300033E72269CAF818206269CAF81C201834D6
:103640000AF1200278E7A168CAF81010E168CAF808
:103650001410242A0DD010340AF1180217E7236938
:10366000CAF818306369CAF81C3018340AF120030C
:103670008BE72269CAF818206269CAF81C2018343E
:103680000AF1200203E700BF58750020F0B5254F6E
:10369000A2F1020E164605460C460FCF8BB0EC4643
:1036A000ACE80F000FCFACE80F0097E803004CF830
:1036B000040BBEF1220F8CF800102ED804F1FF3E4F
:1036C00070464FF0000CB5FBF6F206FB12532833A0
:1036D0006B44614613F828CC00F801CF2B469E427C
:1036E00001F1010C1546EED9002304F80C3089B124
:1036F000A44472461EF8010F1CF8015D8EF80050BC
:10370000A4EB0E030232013B121B0B449A428CF8CD
:103710000000EEDB20460BB0F0BD002318462370FE
:103720000BB0F0BD4427002013460A460146022094
:1037300001F0F0B8B7EEC00A002301F065BE00BF8B
:10374000024B1844407800F0070070476C270020B7
:10375000054B1844407800F00300A0F10200B0FAD5
:1037600080F04009704700BF6C270020054B1844CB
:10377000407800F00300A0F10100B0FA80F04009A9
:10378000704700BF6C270020024A0349034800F03D
:10379000BBB800BF6879002071AE0100986B0020B3
:1037A0000C4B4168994210B5044601D006F09CFAD2
:1037B000A168094B994202D0204606F095FAE168CB
:1037C000064B994204D02046BDE8104006F08CBA62
:1037D00010BD00BFA00201200803012070030120DA
:1037E0002DE9F8432A4C2B4B2B48DFF8C090DFF82B
:1037F000C0802A4F1860002504230822294604F1BE
:103800005C00274E6566C4E90253C4E90055C4E96B
:103810000455A56100F066FA224B63670822294629
:1038200004F1C400C4E90749C4E90987C4E91A5589
:10383000C4E91E55C4F8CC502567C4F88050E66230
:1038400000F050FA184BC4F8DC30294604F1680344
:10385000082204F59670C4F88430C4E92298C4E9BB
:103860002476C4E93455C4E93855C4F83451C4F851
:10387000D850C4F8E85000F035FA04F1D003C4E998
:103880003C98C4E93E76C4F8EC30BDE8F88300BF4C
:10389000A0020120D803012011490100ED4C0100D4
:1038A0000D4D01000900010012000200894C0100C9
:1038B000AD4C010010B504460A4800F0CFFD636B23
:1038C00023B9094B094A1B68626323B1BDE8104064
:1038D000044800F0C5BDFFF783FFBDE81040014874
:1038E00000F0BEBD68020120D80301202949010073
:1038F000014800F0B3BD00BF68020120014800F09C
:10390000AFBD00BF680201202DE9F84380460F4695
:1039100016464FF00009D6E90154013D11D4A389A0
:10392000012B05F1FF3508D9B4F90E3001332146DA
:1039300003D04046B84749EA00096B1C04F168040B
:10394000EDD13668002EE6D14846BDE8F88300BFC9
:103950000FB400B5074983B004AB086853F8042BD3
:103960008168019303F048FB03B05DF804EB04B0F9
:10397000704700BF74790020024B014618688268C6
:1039800006F052BC7479002070B5054688B0084630
:103990000C4600F051FF234E6A6B0590012143183D
:1039A000CDE9066104A8022104940393AC68019058
:1039B0000291002A31D0636E13F0010FB4F90C307C
:1039C0009AB201D1980521D5910406D4626E43F4D0
:1039D000005322F40052A3816266284601AA2146C0
:1039E00006F0A8FA636E002814BF4FF0FF350A25D1
:1039F000DA0702D4A3899B0502D5284608B070BD1A
:103A0000A06D00F02DFD284608B070BDA06D00F03F
:103A100025FDB4F90C309AB2D6E72846FFF74AFFE5
:103A2000C9E700BF64420020024B01461868FFF757
:103A3000ABBF00BF747900200CB410B51F4B002938
:103A40001C689CB035DB4FF40273ADF81430029063
:103A500006901FAB18D001394FF6FF720491079101
:103A6000ADF8162002A91E9A0193204601F020FD10
:103A7000421C01DA8B232360029B00221A701CB0C7
:103A8000BDE8104002B070474FF6FF7204910791F5
:103A9000ADF8162002A91E9A0193204601F008FDF8
:103AA000431C01DA8B2323601CB0BDE8104002B038
:103AB00070478B2323604FF0FF30F5E774790020C7
:103AC0000EB410B59DB06FF000411FABCDE90601FB
:103AD0000491094953F8042B0290084C086801939B
:103AE00002A9059401F0E4FC029B00221A701DB0AB
:103AF000BDE8104003B07047747900200802FFFF52
:103B000010B50C46B1F90E1000F03CFC002803DBA8
:103B1000236D0344236510BDA38923F48053A3813F
:103B200010BD00BF2DE9F0410C46B1F90C101F4645
:103B3000CB05054616460BD421F48051A1813B46A6
:103B4000B4F90E1032462846BDE8F04100F042BC00
:103B5000B4F90E100223002200F0FEFBB4F90C10A1
:103B6000EAE700BF10B50C46B1F90E1000F0F4FB07
:103B7000A389421C0EBF23F4805343F48053206575
:103B8000A38110BDB1F90E1000F0D4BB032A70B5AB
:103B900014D940EA01039B0722D104460B4619467B
:103BA00020460E680568B54204F1040403F10403DD
:103BB00016D1043A032A20461946F0D8541E9AB169
:103BC000421E013901E0C3180CD012F801EF11F8C0
:103BD00001CFE645A4EB0203F5D0AEEB0C0070BDBF
:103BE000541EEDE7184670BD104670BD88420DD9D1
:103BF0008B1883420AD900EB020CBAB1624613F863
:103C000001CD02F801CD9942F9D170470F2A0ED8A3
:103C1000034602F1FF3C4AB10CF1010C013B8C441C
:103C200011F8012B03F8012F6145F9D1704740EAE3
:103C300001039B0750D1A2F1100370B501F1200CD4
:103C400023F00F0501F1100E00F11004AC441B0924
:103C50005EF8105C44F8105C5EF80C5C44F80C5C98
:103C60005EF8085C44F8085C5EF8045C44F8045CA8
:103C70000EF1100EE64504F11004E9D1013312F003
:103C80000C0F01EB031102F00F0400EB031327D01C
:103C9000043C24F003064FEA940C1E441C1F8E467D
:103CA0005EF8045B44F8045FB442F9D10CF10104FE
:103CB00002F0030203EB840301EB840102F1FF3CF9
:103CC0004AB10CF1010C013B8C4411F8012B03F8B3
:103CD000012F6145F9D170BD02F1FF3C03469BE71E
:103CE0002246EBE7830730B548D0541E002A3FD068
:103CF000CAB2034601E0013C3AD303F8012B9D0709
:103D0000F9D1032C2DD9CDB245EA05250F2C45EA72
:103D1000054536D9A4F1100222F00F0C03F1200E54
:103D2000E6444FEA121C03F1100242E9045542E94D
:103D3000025510327245F8D10CF1010214F00C0F4B
:103D400003EB021204F00F0C13D0ACF1040323F0C8
:103D500003030433134442F8045B9342FBD10CF099
:103D600003042CB1C9B21C4403F8011B9C42FBD1D3
:103D700030BD64461346002CF4D1F9E703461446DF
:103D8000BFE71A46A446E0E711F0FF01034644D01E
:103D9000820732D110B5046841EA012E4EEA0E4E78
:103DA0008EEA0402A2F1013323EA0203A4F10132F4
:103DB00022EA0402134313F0803F0FD150F8044F5E
:103DC00084EA0E0CA4F10133ACF1013223EA0403BE
:103DD00022EA0C02134313F0803FEFD0037823B99B
:103DE00036E010F8013F002B32D09942F9D110BDD6
:103DF0008A4211D09A071846CCD0184613F8012BE6
:103E0000002AF5D1104670479907184607D0184682
:103E100001330278002AF7D170478207F7D1026890
:103E2000A2F1013323EA020313F0803F08D150F8D6
:103E3000042FA2F1013323EA020313F0803FF6D0EE
:103E40000378002BE8D010F8013F002BFBD170471E
:103E5000184610BD40EA01039B0730B501D1032A83
:103E60000FD8844601F1FF3E07E01EF8011F03F85A
:103E7000011B541EC1B19C4622466346002AF4D160
:103E800030BD0B468446194653F8045BA5F1013456
:103E900024EA050414F0803FE4D1043A032A4CF8E4
:103EA000045B1946EFD8DDE79444002CE8D003F812
:103EB000011B6345FBD130BD01292DE9F0415BD9E0
:103EC0004FF00108C64600244FF0FF35434608E096
:103ED000A3EB05081C464FF0010E04EB0E038B42CA
:103EE00010D200EB0E0CC75C1CF80560B742EFD394
:103EF00032D04FF001082546C646444404EB0E0379
:103F00008B42EED30127C2F80080BE4600244FF05A
:103F1000FF363B4607E09F1B1C464FF0010E04EBAB
:103F20000E038B4210D200EB060C10F803801CF835
:103F30000EC0E045EFD817D001272646BE463C44C8
:103F400004EB0E038B42EED30136681C864201D38C
:103F500017603046BDE8F081C6450ABF74440EF1D3
:103F6000010E4FF0010EB8E7BE450ABF74440EF1D2
:103F7000010E4FF0010ED2E701270026E8E700BF4F
:103F80002DE9F04F9246ADF21C4D05AA81460F4631
:103F9000504619461D46FFF78FFF134683460DF224
:103FA000144243F8045F9342FBD1002D00F0DF8000
:103FB0006C1E06AE0AF1FF320AEB0400009612F8FE
:103FC000011FAB1A013B5344824246F82130F6D11F
:103FD00005995A4651445046FFF7D8FD00286FD145
:103FE0000BF1FF330393CBF10103804606460193A7
:103FF00009EB060E009A1EF8043052F82330DBB1AC
:10400000B8F1000F03D0059A9A4200D9AB1A1E44AA
:104010004FF000087B1B9E42EAD909EB070045F4EC
:10402000006106F085FA07447B1B9E42E0D9002020
:104030000DF21C4DBDE8F08FC3455B4638BF4346CB
:10404000A34210D2591EF21851444A4402E00133EF
:10405000A34208D212F8010B11F801CF8445F6D023
:10406000019A1644D3E7C345039B7ED906EB0B02A6
:104070004A440AEB0B01029602E0434515D0034681
:1040800012F8010D11F8016D864203F1010C03F1E4
:10409000FF30F2D0029E634608F1010898450AD825
:1040A000059B1E44A5EB0308B4E7434608F101084D
:1040B0009845029EF4D970460DF21C4DBDE8F08F74
:1040C000A5EB0B035B4538BF5B46013305930BF152
:1040D000FF330193CBF101030026029345F40068FE
:1040E00009EB0601009A0B5D52F823306BB11E44B8
:1040F0007B1BB342F4D209EB0700414606F018FAE5
:1041000007447B1BB342EBD291E7A34514D2019B3A
:104110000BEB06020AEB030C4A445B4602E0013358
:10412000A34209D212F8010B1CF801EF8645F6D024
:10413000029A16441E44DBE7BBF1000F10D00BEBD4
:10414000060048440AEB0B0201E0534508D012F880
:1041500001ED10F801CDE6451346F6D0059BC6E704
:1041600008460DF21C4DBDE8F08F5B4694E706ABA8
:104170004FF0FF3400932BE72DE9F0410D4609780D
:1041800090B00446002954D06A78002A00F0838059
:10419000AB78002B51D0E8782E68002800F08280A0
:1041A0002B79002B57D0284600F046FB064640F4FA
:1041B0000071204606F0BCF986425BD8FE2E00F264
:1041C0008680801B27184022711C6846FFF78AFDF5
:1041D0007EB16A1E5FFA86FC901912F8013F03F067
:1041E0003F0340336B44A91A6144824203F8401CE8
:1041F000F3D1013CA35D03F03F0340336B4413F85C
:10420000403C1C44A74203D239E04444A74236D381
:1042100014F806C00CF03F0C0CF140030DEB030C3E
:104220002046324629461CF8408CFFF7AFFC002898
:10423000EBD1204610B0BDE8F081007842EA01429F
:1042400000E00C4640EA0343611C98B19A42607852
:10425000F7D1013CEDE7227862B131BA01E0994231
:104260001ED042EA0323204614F8012F002AF6D17B
:10427000994215D00024204610B0BDE8F081BB5D06
:10428000B819002BF6D04FF4006106F051F907443D
:10429000BC42AED9EEE710B0BDE8F041FFF774BD07
:1042A000C41EC6E7120442EA016242EA03232178EF
:1042B000024600E02C4641EA0200651C0202002989
:1042C000D8D0B3EB002F6178F4D1023CB1E70146BE
:1042D00033462A46204610B0BDE8F041FFF750BEF5
:1042E00041EA00039B0715D10B68A3F1013222EAD2
:1042F000030212F0803F0DD101F1040C40F8043BA1
:1043000061465CF8043BA3F1013222EA030212F099
:10431000803FF3D0034611F8012B184603F8012B18
:10432000002AF8D1704700BF014B93F8280170476D
:10433000EC73002038B5074D0022044608462A6079
:10434000FCF7CEF9431C00D038BD2B68002BFBD006
:10435000236038BDF407012038B50C46084D84466B
:10436000114620461A4600232B606446FCF7C4F928
:10437000431C00D038BD2B68002BFBD0236038BD18
:10438000F407012038B50C46084D844611462046F6
:104390001A4600232B606446FCF7A0F9431C00D0AA
:1043A00038BD2B68002BFBD0236038BDF4070120FB
:1043B00038B5074D0022044608462A60FCF774F918
:1043C000431C00D038BD2B68002BFBD0236038BDC8
:1043D000F407012038B50C46084D844611462046A6
:1043E0001A4600232B606446FAF784FC431C00D075
:1043F00038BD2B68002BFBD0236038BDF4070120AB
:10440000014B1868704700BF7479002070B50D4EDD
:104410000D4D761BB61006D0002455F8043B013430
:104420009847A642F9D1094E094D761B07F050FA7C
:10443000B61006D0002455F8043B01349847A64234
:10444000F9D170BD48230260482302605C230260FA
:1044500048230260704700BF704700BF704700BF2D
:10446000704700BF000000000000000000000000D6
:104470000000000000000000A2EB0300704700BF36
:1044800002780B78012A28BF9A42F5D16DE90445DC
:1044900040EA0104CDE902676FF0000C4FEA447274
:1044A00012B380EA010414F0070F6AD100F0070488
:1044B00020F0070004F0030521F007014FEAC505CD
:1044C000F0E8042314F0040FF1E804670CFA05F493
:1044D00062EA040266EA04060AD063EA040362465A
:1044E00067EA0407664603E0F0E80423F1E804679E
:1044F00082FA4CF582EA0604A4FA8CF46CBB83FAC7
:104500004CF583EA0705A5FA8CF595B950E9022325
:1045100051E9026782FA4CF582EA0604A4FA8CF4A7
:1045200083FA4CF583EA0705A5FA8CF52543DBD021
:104530009CB92DBAB5FA85F424F0070427FA04F1E2
:10454000DDE9026723FA04F303F0FF0001F0FF0145
:10455000FDE80445A0EB0100704724BAB4FA84F4E6
:1045600024F0070426FA04F1DDE9026722FA04F2D6
:1045700002F0FF0001F0FF01FDE80445A0EB01009F
:10458000704714F0030F3CD110F0030428D150F809
:10459000082B51F8083B82FA4CF582EA0305A5FA8C
:1045A0008CF55DB950F8042C51F8043C82FA4CF5B6
:1045B00082EA0305A5FA8CF5002DE8D02DBAB5FAEC
:1045C00085F424F0070423FA04F122FA04F202F03D
:1045D000FF0001F0FF01FDE80445A0EB010070477A
:1045E0004FEAC40420F0030050F8082B21F0030127
:1045F00051F8083B0CFA04F462EA040263EA04038B
:10460000C9E710F003041AD0A1EB040120F0030065
:10461000E40750F8042B06D00FD28B785FFAA2F48F
:10462000E41A06D12BB1CB785FFAB2F4E41A00D1C8
:104630001BB920465DF8104B704701F1040150F89A
:10464000042BCC0721F0030151F8043B48D824D2B5
:1046500022F07F4482FA4CF594EA1325A5FA8CF5F2
:104660000AD165B951F8043B84EA0204B4EB036F44
:104670000ED150F8042BEBE74FEA132355E035F049
:104680007F454DD10878FDE80445C0F10000704732
:104690004FEA126203F0FF0347E002EA1C4482FA89
:1046A0004CF594EA1345A5FA8CF50AD165B951F891
:1046B000043B84EA0204B4EB034F0CD150F8042B02
:1046C000EBE74FEA134330E015EA1C4528D10B888D
:1046D0004FEA124229E04FEA124203EA1C4324E067
:1046E00002F0FF0482FA4CF594EA1365A5FA8CF502
:1046F0000AD165B951F8043B84EA0204B4EB032FF4
:1047000009D150F8042BEBE74FEA13630DE015F0E5
:10471000FF0F05D10B684FEA122223F07F4304E01C
:104720004FF00000FDE80445704712BA1BBA82FA48
:104730004CF482EA0304A4FA8CF5B5FA85F402FA83
:1047400004F203FA04F34FEA1260FDE80445A0EB1B
:104750001360704780EA0102844612F0030F4FD1C4
:1047600011F0030F32D14DF8044D11F0040F51F840
:10477000043B0BD0A3F101329A4312F0803F04BFF7
:104780004CF8043B51F8043B16D100BF51F8044BE0
:10479000A3F101329A4312F0803FA4F101320BD110
:1047A0004CF8043BA24312F0803F04BF51F8043B95
:1047B0004CF8044BEAD023460CF8013B13F0FF0FF2
:1047C0004FEA3323F8D15DF8044B704711F0010F25
:1047D00006D011F8012B0CF8012B002A08BF7047F6
:1047E00011F0020FBFD031F8022B12F0FF0F16BFED
:1047F0002CF8022B8CF8002012F47F4FB3D17047B5
:1048000011F8012B0CF8012B002AF9D1704700BFD9
:104810000000000000000000000000000000000098
:104820000000000000000000000000000000000088
:10483000000000000000000090F800F06DE9024563
:1048400020F007016FF0000C10F0070491F820F041
:1048500040F049804FF000046FF00700D1E90023D9
:1048600091F840F000F1080082FA4CF2A4FA8CF2C0
:1048700083FA4CF3A2FA8CF34BBBD1E9022382FA00
:104880004CF200F10800A4FA8CF283FA4CF3A2FA7D
:104890008CF3E3B9D1E9042382FA4CF200F1080069
:1048A000A4FA8CF283FA4CF3A2FA8CF37BB9D1E927
:1048B000062301F1200182FA4CF200F10800A4FA6B
:1048C0008CF283FA4CF3A2FA8CF3002BC6D0002AA8
:1048D00004BF04301A4612BAB2FA82F2FDE8024569
:1048E00000EBD2007047D1E9002304F00305C4F1C6
:1048F00000004FEAC50514F0040F91F840F00CFADF
:1049000005F562EA05021CBF63EA050362464FF043
:104910000004A9E72DE9F047DFF87CA00646DAF8A5
:10492000000098460F469146FFF798FD184B1C680B
:1049300024B365681F2D24DC5EB96B1C0235DAF8E0
:104940000000636044F82570FFF78AFD0020BDE891
:10495000F08704EB85010123C1F88890D4F8882101
:10496000AB401A43022EC4F88821C1F80881E4D173
:10497000D4F88C211A43C4F88C21DEE7054C1C6066
:10498000D7E7DAF80000FFF76BFD4FF0FF30DEE706
:10499000CC000120D0000120E0730020F8B5244FA6
:1049A0000C460646FEF74EFCBB685D68C4F57E61AA
:1049B0000F3125F003054B1923F47F6323F00F0318
:1049C000A3F58054B4F5805F07DB00213046FFF784
:1049D000EFFCBB682B44984204D03046FEF738FC0D
:1049E0000020F8BD61423046FFF7E2FC01300DD0F7
:1049F000104ABB682D1B45F001055D601368304609
:104A00001B1B1360FEF724FC0120F8BD002130467B
:104A1000FFF7CEFCBA68831A0F2BDEDD43F00103EB
:104A20005360054B03491B68C01A0860D5E700BFF7
:104A3000587500206C02012060790020002961D0A7
:104A4000F8B50C460646FEF7FDFB54F8042C7B4FE8
:104A5000A4F1080522F0010105EB010CB868DCF8AF
:104A60000430604523F0030300F08B80D207CCF8BC
:104A7000043032D454F8082CAD1A1144AA6807F156
:104A8000080082426AD00CEB0304D4F804E0EC681E
:104A9000D4601EF0010FA26000F0978041F0010386
:104AA0006B60CCF80010B1F5007F35D27868CB0888
:104AB0000122490901338A40024357F833107A60D2
:104AC00007EBC302083AC5E9021247F83350CD603C
:104AD0003046BDE8F840FEF7BBBB0CEB0302526862
:104AE000D00710D4194407F10800DCF808308342DD
:104AF00073D0DCF80C20DA60936041F001036B6046
:104B00006950D0E7704741F00103B1F5007F44F8E8
:104B1000043CCCF80010C9D3B1F5206F4FEA512303
:104B200048D28B0903F1390003F13802C300F818A9
:104B3000FB580838984259D05A6822F003028A423A
:104B400002D99B689842F7D1D868C5E902308560E0
:104B5000DD603046BDE8F840FEF77ABB0CEB03029F
:104B60005268D20763D40B44DCE90212CA60916038
:104B700043F001026A603046EB50BDE8F840FEF7B2
:104B800067BB0B44D10707D454F8082CAD1A134463
:104B9000D5E90212CA60916043F001026A60284AB6
:104BA000BD6012689A4293D8264B30461968FFF7C9
:104BB000F5FE8DE7142B0AD9542B1FD80B0B03F1EC
:104BC0006F0003F16E02C300B1E719448DE703F1F2
:104BD0005C0003F15B02C300A9E741F00103C7E9F0
:104BE0000455C5E902006B60695071E7796892105D
:104BF000012404FA02F20A437A60A6E7B3F5AA7F19
:104C000006D8CB0B03F1780003F17702C3008EE7DF
:104C100040F25452934206D88B0C03F17D0003F10D
:104C20007C02C30083E74FF47E737E227FE741F06E
:104C300001036B60CCF800104AE700BF58750020F4
:104C4000647900209C02012082B049B15AB16BB155
:104C500013780B601278101E18BF012002B0704745
:104C600001A9002AF3D1104602B070476FF001008D
:104C7000F4E700BF436C70B505460C464BB153F8E2
:104C8000240080B1026843F824200023C0E90333E4
:104C900070BD21220421FDF7C3FF0346686400288C
:104CA000EDD1002070BD012101FA04F6721D9200C1
:104CB0002846FDF7B5FF0028F3D0C0E90146E4E738
:104CC00031B1436C4A6853F82200086043F822105F
:104CD000704700BF2DE9F0410E6980460F461D4622
:104CE00001F1140E0020DEF800108CB202FB045318
:104CF000090C4FEA134C02FB01CC01309CB204EBCF
:104D00000C4486424EF8044B4FEA1C45EBDC3DB1A7
:104D1000BB68B34207DD07EB860301365D613E6188
:104D20003846BDE8F081796840460131FFF7A2FFBF
:104D30000446B0B13A69023207F10C0192000C301E
:104D4000FAF714FFD8F844307A6853F82210396023
:104D500043F82270274607EB860301365D613E610A
:104D6000DEE7034B03482246BA2105F089FC00BF69
:104D7000D4260020E8260020030C1B04D3B900042D
:104D8000102310F07F4F04BF0002083310F0704F63
:104D900004BF0001043310F0404F04BF8000023311
:104DA000002805DB10F0804F03F1010308BF20232A
:104DB000184670470023E4E7036813F0070208D0A1
:104DC000D9071FD49A0722D55B0803600122104639
:104DD000704799B209B91B0C1022D9B209B908322F
:104DE0001B0A190704BF1B090432990704BF9B085B
:104DF0000232D90703D45B0802F1010205D0036037
:104E0000104670470022104670472022DFE79B08BB
:104E1000022203601046704738B5436C04460D46C5
:104E20004BB15868B0B102685A6000220123C0E952
:104E30000435C26038BD21220421FDF7F1FE03468E
:104E400060640028EDD1094B0948002240F2451169
:104E500005F016FC1C2201212046FDF7E1FE00288A
:104E6000F1D001220223C0E90123DEE7D42600208D
:104E7000E82600202DE9F04F0E691569AE4285B095
:104E80008846144605DB2A46234635460C46164618
:104E90009846A3686168AF19BB42B8BF0131FFF7FC
:104EA000E9FE0190002800F08780019B03F11409BE
:104EB00009EB870AD14505D24B46002243F8042B63
:104EC0009A45FBD808F1140808EB860B04F114038B
:104ED000D8451A4603EB85055FD22B1B153B23F003
:104EE000030304331534A54238BF0423CDE902A7D8
:104EF000AC461F46924605E0090C29D1C34509F18D
:104F0000040948D958F8041B8DB2002DF4D0564638
:104F10004C46002356F8041B22681FFA81FE90B20B
:104F2000090C05FB0E00120C034405FB012202EBE9
:104F300013429BB243EA0243B44544F8043B4FEAB0
:104F40001243E7D849F8073058F8041C090CD5D0AB
:104F5000D9F8003050461A464C4600260588120CF7
:104F600001FB052216449BB243EA064344F8043B86
:104F700050F8045B22682D0C93B201FB053303EB60
:104F8000164384454FEA1346E8D8C34549F807302D
:104F900009F10409B6D8DDE902A7002F02DC05E01B
:104FA000013F03D05AF8043D002BF9D0019B18466D
:104FB0001F6105B0BDE8F08F034B0448019A4FF420
:104FC000B17105F05DFB00BFD4260020E82600206B
:104FD00012F003032DE9F0411446064632D10D4686
:104FE000A41020D0D6F84080B8F1000F33D0E307EA
:104FF0004FF0000707D4641015D0D8F80000A8B10E
:105000008046E307F7D5424629463046FFF732FF90
:10501000B5B16968736C641053F821202A6043F8B5
:1050200021500546E9D12846BDE8F0814246414677
:105030003046FFF71FFFC8F8000007608046E0E732
:105040000546D8E7013B0F4A52F823200023FFF71B
:1050500041FE0546C4E701213046FFF70BFE8046BE
:1050600040B1012340F27122C0E9043200233064D0
:105070000360BCE7044B0548424640F2451105F089
:10508000FFFA00BF3C2E0020D4260020E826002096
:105090002DE9F0470D4614462F69AB68496807EBC8
:1050A00062177E1C9E4280464FEA621904DD5B0057
:1050B0009E4201F10101FADC4046FFF7DBFD844628
:1050C000002852D0B9F1000F00F114020EDD09F1F1
:1050D00005014FEA810E134600EB8101002043F8E1
:1050E000040B8B42FBD1AEF114031A44296905F17C
:1050F000140314F01F0E03EB81012ED0CEF1200912
:1051000010464FF0000A1C6804FA0EF444EA0A0440
:1051100040F8044B53F8044B994224FA09FAF2D8A8
:105120004B1B153B23F00303043305F115008142AB
:1051300038BF0423BAF1000F18BF374642F803A066
:10514000D8F844306A68CCF8107053F822102960FF
:10515000604643F82250BDE8F087043A53F8040B48
:1051600042F8040F9942F9D8EAE7034B0348624634
:105170004FF4EF7105F084FAD4260020E8260020D1
:105180000B6984460069C01A16D10CF1140C143155
:105190000CEB830210B401EB830301E0944508D2C9
:1051A00052F8044D53F8041D8C42F7D005D24FF04D
:1051B000FF305DF8044B7047704701205DF8044BE9
:1051C000704700BF2DE9F84F0F691369FF1A002FD0
:1051D0000E4690467FD101F11405143202EB830292
:1051E00005EB830301E09D4278D253F8041D52F889
:1051F000044DA142F7D069D37168FFF73BFD8146AA
:10520000002877D03569D8F81020C76008F1140E4F
:1052100006F1140009F1140A06F110010EEB8202E6
:1052200000EB850756464FF0000C5EF8044B51F832
:1052300004BFA3B21CFA8BFCACEB03034FEA144C83
:10524000CCEB1B4C0CEB234C9BB243EA0C4372455A
:1052500046F8043B4FEA2C4CE7D8A2EB080115397D
:1052600008F11508424521F0030404F1040438BF95
:105270000424204421F0030238BF00228742524414
:10528000544418D92646014651F8043B1CFA83FCC5
:105290004FEA2C4202EB13421FFA8CFC4CEA024309
:1052A0008F4246F8043B4FEA224CEDD8013F3F1AAB
:1052B00027F00307E21923B952F8043D013D002B02
:1052C000FAD0C9F810504846BDE8F88F3346012798
:1052D0004646984690E7F9DB00278DE70021FFF767
:1052E000C9FC814668B101220023C9E9042348466C
:1052F000BDE8F88F064B07484A4640F2452105F0C5
:10530000BFF9034B03484A4640F2372105F0B8F98C
:10531000D4260020E82600202DE9F043884683B0FB
:10532000012157EC106B1546FFF7A4FC044600283A
:1053300051D0C7F30A59C7F31303B9F1000F01D0D5
:1053400043F48013002E019318D101A8FFF734FD18
:10535000019A6261012200F120032261B9F1000F7C
:1053600025D0A9F2334909EB03022046C3F13503E6
:10537000C8F800202B6003B0BDE8F08368460096B3
:10538000FFF71AFD034610B3DDE90002C3F1200167
:1053900002FA01F10143DA4061610192002AA2613F
:1053A00014BF022201222261B9F1000FD9D1A3F268
:1053B0003243C8F8003004EB82031869FFF7DCFCC5
:1053C000C0EB421320462B6003B0BDE8F083009A87
:1053D0006261019AE2E7034B0348224640F20F3133
:1053E00005F04EF9D4260020E826002049B1FF2A16
:1053F00002D80A70012070478A2303604FF0FF3003
:1054000070470846704700BF2DE9F0430E46264915
:1054100087B00F68044690461D4653B305AA33462D
:10542000019203212246CDF80080384605F0DCF9D0
:10543000059B326898428446C2F10002294609D28F
:10544000101A1CF8013B01F8013B059B634500EB7A
:105450000C02F6D8944224DDA21A0A44302301F843
:10546000013B9142FBD100231370284607B0BDE8F1
:10547000F083BA6C00F123039A4201DDFD6CCDE7A5
:1054800000F12409F96C4A4638468DED020BFDF710
:1054900011FF05460028E8D0C7E912909DED020BE8
:1054A000BCE70A46DFE700BF747900200000000077
:1054B0002DE9F04F2DED088BD1B00C460BEE101AF4
:1054C00090460893834605F045F803681293184602
:1054D000FFF7B2F920AF1090082200213846FEF7FE
:1054E00001FCA3891B0603D52369002B00F0558717
:1054F00000239FED838B9FED849BCDE92533CDE980
:105500001333CDE9153327AA0E93249292461193B3
:1055100004934446A1467E4BD3F8E450FEF704FFC3
:105520004A4603461CA900975846A847002800F0A1
:10553000B080C0F2A6801C9A252A034601D0994467
:10554000E9E7B9EB0405064640F0A78000234FF0D9
:10555000FF328DF867309846069309F1010999F8F2
:10556000003003922B25202609F10109A3F1200226
:105570005A2A00F2CF80DFE812F0E802CD00CD0019
:10558000E302CD00CD00CD006A00CD00CD000502C4
:105590008402CD001002C902CD00BD025B005B0099
:1055A0005B005B005B005B005B005B005B00CD00B1
:1055B000CD00CD00CD00CD00CD00CD005301CD00FC
:1055C00083011A02530153015301CD00CD00CD00D8
:1055D000CD001502CD00CD009602CD00CD00CD004E
:1055E000AB01CD00AA02CD00CD00E306CD00CD0079
:1055F000CD00CD00CD00CD00CD00CD005301CD00BC
:105600008301DE015301530153017702DE017F0064
:10561000CD008902CD005F02E0062F027F00CD00A1
:10562000AB017C00B806CD00CD00BD06CD007C00EE
:10563000A3F13002002119F8013B01EB810102EBDB
:105640004101A3F13002092AF5D906918EE75846A7
:1056500004F080FF436815931846FFF7EDF81690A5
:10566000584604F077FF83681393169B002B40F095
:105670002D8699F8003077E799F8003048F0200837
:1056800072E7082200213846FEF72CFB01239944DB
:1056900041E7B9EB0405064611D0269B2B4426931F
:1056A000259B0133072BCAE9004525931CDC0AF131
:1056B000080A049B2B440493002E7FF447AF269BDB
:1056C000002B41F00B821BEE103AB3F90C3013F0B3
:1056D000400F049B18BF4FF0FF330493049851B060
:1056E000BDEC088BBDE8F08F1BEE101A24AA5846BB
:1056F00005F036FF0028E6D10DF19C0AD9E700BF7E
:105700000000000000000000FFFFFFFFFFFFEF7F31
:10571000EC7300200B93002BD1D00021CDE90C11AC
:105720008DF8DC3001238DF8671002930791059303
:1057300003910F9137AC18F00203099302D0029B3A
:105740000233029318F084030A9305D1069B029A50
:105750009D1A002D00F36983269A89B125990DF1D0
:10576000670001310132CAF8000007294FF001003B
:1057700026922591CAF8040000F3A2830AF1080AD0
:10578000099B83B1259B1AA901330232CAF8001084
:10579000072B4FF0020126922593CAF8041000F35C
:1057A000A3830AF1080A0A9B802B00F06C82039BFA
:1057B00005995D1A002D00F3A58218F4807F40F052
:1057C0000D82059BCAF804301A44259BCAF8004094
:1057D0000133072B2692259300F31B830AF1080A55
:1057E00018F0040F05D0069B02995C1A002C00F3F8
:1057F0008883049B069902988142ACBF5B181B18F2
:105800000493002A40F0B08200232593079B1BB12C
:1058100007995846FFF712F90DF19C0A4C4679E6B4
:105820000B93089B073323F00703B3EC028BB0EE16
:10583000C87BB4EE497BF1EE10FA089340F3E9849B
:10584000B5EEC08BF1EE10FA01F159809DF86710AA
:10585000AB4CAC4B28F080080B9A472AC8BF1C46BB
:105860000023CDE90C3303220793029205920393A0
:105870000F9300293FF45FAF029B013302935AE775
:10588000432B0B9303D018F0100F00F05D85089D9B
:105890000822002122A837ACFEF724FA22AB55F8E3
:1058A000042B2146584605F015FE034601330590AA
:1058B00001F0EE82059B089523EAE3730293002131
:1058C000CDE90C118DF86710079103910F9132E724
:1058D0000B93089B1A4600238DF86730134653F844
:1058E000044B0893002C00F048850B9B532B00F0D1
:1058F000EC8618F010030C9340F0E786039B5D1CC8
:1059000001F0E5800C991A46204604F02DFE079020
:10591000002801F02883079B1A1B05920C9B039318
:1059200022EAE2720F930D93079373239DF8671099
:1059300002920B939DE718F0200F0B93089B3DD02C
:10594000073323F007031A4611465B6851F8082B0A
:1059500008911946002BC0F20C84039B013300F020
:105960009E8228F0800052EA0103029040F0998262
:10597000039B002B40F09A828046002303930593FB
:1059800050AC06E1089B53F8042B0692002A80F2E3
:105990001984069A08935242069299F8003048F00A
:1059A0000408E1E599F8003048F00808DCE548F023
:1059B000100818F0200F0B93089BC1D118F0100F9E
:1059C00040F00B8418F0400F00F0038433F9042BEF
:1059D0000893D1170B46BDE7089B48F002020292DC
:1059E00053F8042B089347F63003ADF8683078205D
:1059F000454B1193002102230B900020039C8DF84E
:105A00006700601C00F0AD80029820F0800852EA28
:105A1000010040F0A480002C40F0AE86002BACD1F9
:105A2000029B13F00103059300F0D18330238DF81E
:105A30003F310DF23F14ACE018F0200F40F0D4835A
:105A400018F0100F40F09F8618F0400F40F0978735
:105A500018F4007F00F09786089B049953F8042BF4
:105A6000089311704C4655E599F80030682B03BF38
:105A700099F8013048F4007809F1010948F040082C
:105A800072E599F800308DF867506DE599F80030AF
:105A90006C2B03BF99F8013048F0200809F1010987
:105AA00048F0100860E50B9348F0100818F020014A
:105AB00000F05183089B073323F00703596853F81C
:105AC000082B089328F480630293002395E70B9337
:105AD00048F010030293029B13F0200100F0298389
:105AE000089B073323F00703596853F8082B0893E2
:105AF000012382E799F8003048F0800834E500BFC0
:105B0000DC280020E0280020EC280020494611F87D
:105B1000013B2A2B01F04982A3F13002092A894670
:105B200098BF002101F2448119F8013B01EB81018A
:105B300002EB4101A3F13002092AF5D9039115E5E1
:105B400099F8003048F001080EE59DF86730002B09
:105B50007FF48FAD99F800308DF8676004E5CDF8DB
:105B60000880012B00F09D81022B50AC20D11198B0
:105B700002F00F031209C35C04F8013D42EA01720E
:105B8000090952EA0103F3D150AB1B1BDDF8088071
:105B90000593059A03989DF8671082424FF0000321
:105BA000B8BF0246CDE90C33079302920F9360E62B
:105BB00002F00703D20842EA4172C908303352EAC0
:105BC0000105204604F8013DF2D1029AD10700F107
:105BD0004D8250AB1B1B90460593DAE70B9B652B60
:105BE00040F3D480B5EE408BF1EE10FA40F0C18165
:105BF000259BBA49CAF80010013301320121072B55
:105C000026922593CAF8041000F351850AF1080A78
:105C10001B9B0E998B4280F2D082109B12991A44E2
:105C2000CAE90013259B26920133072B259300F325
:105C300097830AF1080A0E9B5C1E002C7FF7D0ADFB
:105C4000102C259B40F36E851BEE106A102505E095
:105C50000AF1080A103C102C40F364850133A04976
:105C60001032072BCAE90015CDE92532F0DD24AA50
:105C70003146584605F074FC00287ED1DDE9253216
:105C80000DF19C0AE6E7069B02995D1A002D7FF74D
:105C90008EAD102D259B21DD099410261BEE104A98
:105CA00004E0103D102D0AF1080A16DD01338C497D
:105CB0001032072BCAE90016CDE92532F1DD24AAFE
:105CC000214658460DF19C0A05F04AFC002854D1A3
:105CD000103D102DDDE92532E8DC099C8049CAF829
:105CE000045001332A44072BCDE92532CAF80010AD
:105CF00000F32685039B05995D1A002D0AF1080A19
:105D00007FF75BAD102D259B1FDD514610261BEE46
:105D100010AA04E0103D102D01F1080114DD01333B
:105D20006F481032072BC1E90006CDE92532F1DDBD
:105D300024AA5146584605F013FCF0B9103D102D29
:105D4000DDE9253227A9EADC8A4601336449CAF82D
:105D500004502A44072BCDE92532CAF8001000F37D
:105D6000DA810AF1080A28E51BEE101A24AA58461F
:105D700005F0F6FB00283FF447AD079B002B3FF4EE
:105D8000A2AC07995846FEF759FE9CE40E9B012BE6
:105D900040F37A81259BCAF800400133013201218A
:105DA000072B26922593CAF8041000F3F8810AF114
:105DB000080A1099129801330A44072BCAE9000116
:105DC000CDE9253200F3DD810AF1080AB5EE408BFA
:105DD000F1EE10FA00F077810E99013301390134A8
:105DE0000A44072BCAF800402593CAF804102692EB
:105DF00000F35B810AF1080A1499CAF80410013310
:105E00000A44072B1EA9CDE92532CAF800107FF7F6
:105E1000E5AC1BEE101A24AA584605F0A1FB002899
:105E2000ABD1269A0DF19C0ADAE4102DDDE925129A
:105E30002C4E24DD179410231BEE104A084604E074
:105E4000103D102D0AF1080A17DD01301032072825
:105E5000CAE90063CDE92502F2DD24AA21465846AD
:105E60000DF19C0A05F07CFB002886D1103D102D19
:105E7000DDE925024FF01003E7DC179C01460131F4
:105E80002A440729CDE92512CAF80060CAF804504F
:105E900000F3BD839DF867100AF1080A5DE4CDF8B0
:105EA00008800A2A71F1000380F045833032012313
:105EB000DDF808808DF83F2105930DF23F1468E668
:105EC0001BEE101A24AA584605F04AFB00287FF45E
:105ED00054AF269A0DF19C0A52E400BF3C220020E8
:105EE0005C6B0020282900201BEE101A24AA5846BB
:105EF00005F036FB00287FF440AF269A0DF19C0A8E
:105F000051E4102C259BBE4E1FDD1BEE108A102580
:105F100004E0103C102C0AF1080A16DD013310329F
:105F2000072BCAE90065CDE92532F2DD24AA4146F6
:105F300058460DF19C0A05F013FB00287FF41DAFB5
:105F4000103C102CDDE92532E8DC01332244072B1C
:105F5000CAE90064CDE925327FF74BAC1BEE101A7D
:105F600024AA584605F0FCFA00287FF406AF269ACA
:105F70003FE41B99002940F35A830C9E0E9B9E42DE
:105F8000A8BF1E46002E0BDD259B01333244072B94
:105F9000CAE900462692259300F389860AF1080A89
:105FA0000C9D002EA8BFAD1B002D00F303820C9B9F
:105FB00018F4806F2344059340F01F821B9B0E99B9
:105FC0008B4203DB18F0010F00F0CF841099129878
:105FD0000A44CAE900012599269201310729259131
:105FE00000F3A5860AF1080A0E996518CC1A059BDC
:105FF000ED1AA542A8BF2546002D0DDDCAF80030D8
:10600000259BCAF8045001332A44072B2692259376
:1060100000F3BB860AF1080A002DA8BF641B002C00
:106020007FF7DEAB102C259B40F37C831BEE106AC0
:10603000102505E00AF1080A103C102C40F3728389
:10604000013370491032072BCAE90015CDE925321A
:10605000F0DD24AA3146584605F082FA00287FF484
:106060008CAEDDE925320DF19C0AE5E7302B3FF4DB
:106070008BAD3023023804F8013C50AB1B1ADDF81D
:1060800008800593044684E518F0010F7FF482AE82
:10609000259BCAF80040013301320121072B2692CB
:1060A0002593CAF804107FF7A5AE1BEE101A24AA98
:1060B000584605F055FA00287FF45FAEDDE9253239
:1060C0000DF19C0A98E60E994C1E002C7FF794AEB9
:1060D000102C40F361831BEE106A102505E00AF1D5
:1060E000080A103C102C40F3578301334549103205
:1060F000072BCAE90015CDE92532F0DD24AA314687
:10610000584605F02DFA00287FF437AEDDE9253238
:106110000DF19C0AE5E71BEE101A24AA584605F07B
:106120001FFA00287FF429AE269A0DF19C0AFFF78A
:1061300044BB029B13F0100340F0C180029A12F09E
:10614000400200F07A83089850F8042B0890194612
:1061500092B2012351E418F0100355D118F0400217
:1061600000F05D83089850F8042B0890194692B20D
:10617000A8E4524261EB4101CDF808802D200123B3
:106180003CE41BEE101A24AA584605F0E9F9002851
:106190007FF4F3ADDDE925320DF19C0A16E61BEE26
:1061A000101A24AA584605F0DBF900287FF4E5AD63
:1061B000DDE925320DF19C0AFBE518F0010F3FF4F3
:1061C0000FAB2AE5089399F80030FFF7CDB950AC32
:1061D000DFE418F4007F40F0DB8353F8042B0893CE
:1061E000D1170B46FFF7B6BB089B049853F8041B66
:1061F0000893C217C1E900024C46FFF78BB900BFF4
:10620000282900205C6B0020089B53F8042B08937E
:1062100058E4B4EE488BF1EE10FA80F194860B9BB3
:10622000612B00F05285412B00F0C085039B0133A8
:106230000B9B23F0200500F08084472D04D1039BA5
:10624000002B08BF0123039318EE903A002B48F46B
:1062500080724646C0F21886B0EE48AB00239046E6
:10626000099307930B9B413B252B00F29883DFE8B2
:1062700013F06F0496039603960368046C04960368
:106280009603960396039603960396039603960346
:106290009603960396039603960396039603960336
:1062A0009603960396039603960396039603960326
:1062B0009603960396039603960368046C04089B62
:1062C00053F8042B08930123FFF797BB139B002B74
:1062D0003FF4CFA9139B1B78002B3FF4CAA999F870
:1062E000003048F48068FFF73FB90B93CDF8088081
:1062F000FFF7F1BB0B939A4B119318F0200100F0BC
:106300000581089B073323F00703596853F8082BCE
:10631000089318F0010F0AD052EA010307D00B9B33
:106320008DF86930302348F002088DF8683028F481
:10633000806302930223FFF760BB0B93FFF7B6BBAA
:106340000B93884B1193D8E7089B012153F8042B3A
:1063500002918DF8DC200893059137ACFFF7AFBAB6
:106360001BEE101A24AA584605F0FAF800287FF40C
:1063700004AD269A0DF19C0A5DE4039B0794062B5D
:10638000224628BF062303942146CDE90C22764CF1
:10639000029305930F92FFF76CBA40215846FCF721
:1063A000A1FC20602061002800F00F86402363617B
:1063B000FFF79EB8102D259B40F35D8251461026B5
:1063C0001BEE10AA04E00831103D102D40F352825C
:1063D000013366481032072BC1E90006CDE92532AA
:1063E000F1DD24AA5146584605F0BAF800287FF49A
:1063F000C4ACDDE9253227A9E6E70E9BCDF8249051
:10640000E31803930D9BCDF82880139E059DDDF8BE
:106410005890DDF83C800B941BEE101A5046002B70
:1064200034D0B8F1000F35D10D9B013B013E0D93E7
:10643000159BC0E90039259B01334A44072B26925E
:1064400025936CDC0830039B96F800C05B1B63450A
:10645000A8BF6346002B9A460CDD259C01341A44E4
:10646000072CC0E900532692259400F3778196F813
:1064700000C00830BAF1000FACBFACEB0A046446B0
:10648000002C0ADC65440D9B002BCAD1B8F1000F2B
:1064900000F0AC8308F1FF38CAE7102CDDF894C097
:1064A00024DD05954FF0100A63460D4604E0103CCC
:1064B000102C00F1080016DD01332C491032072B97
:1064C000C0E9001ACDE92532F1DD24AA2946584653
:1064D00005F046F800287FF450AC103C102CDDE9A4
:1064E000253227A8E8DC2946059D9C460CF10103CE
:1064F00022444460072B1D4C0460CDE9253200F393
:10650000C68396F800C008306544BCE718F0100355
:1065100000F0C280089B53F8042B0893F9E624AAE4
:106520005846059105F01CF800287FF426AC269A01
:10653000059927A887E70298CDF81CA050AC00F475
:10654000806000250AEE10BA094BDDF84CA0CDF8AA
:106550001490A3464FF00508AC46044610E000BF77
:10656000EC280020BC310020002900205C6B0020BA
:10657000CDCCCCCC0A2A71F1000136D34A46314643
:10658000501840F10000A3FB005626F0030505EB70
:106590009605401B151A4FF0CC3661F1000E06FB34
:1065A00005F6A5FB039503FB0E6609F0010E2E44CC
:1065B000AEFB085E2D184FEA590930350BF8015C27
:1065C00049EAC6790CF1010C0BF1FF3B7608002C6F
:1065D000D0D09AF800008445CCD1BCF1FF0FC9D0CF
:1065E0000A2A71F1000180F08F815C4650AB1B1BC1
:1065F000DDF81490CDF84CA01AEE10BADDF81CA00E
:10660000DDF80880CDF838C00593FFF7C2BA1BEE5D
:10661000101A24AA584604F0A3FF00287FF4ADAB5B
:106620009DF86710269A0DF19C0AFFF796B8259BF6
:10663000BE48CAF80000013301320120072B269220
:106640002593CAF8040000F377810AF1080A0029AB
:1066500040F0AF800E9908F001030B433FF4C0A84F
:10666000109B12991A44CAE90013259B2692013304
:10667000072B259300F352820AF1080A0E99CAF8F3
:10668000004001330A44072BCDE92532CAF8041033
:106690007FF7A4A8FFF7BDBB18F0400200F0DD8033
:1066A000089850F8042B0890194692B231E61BEE78
:1066B000101A24AA584604F053FF00287FF45DAB5B
:1066C000269A0DF19C0AFFF7A3BA22AE08220021F8
:1066D00030461D94FDF706FB039B5A1C00F0DB803F
:1066E0000025CDF80890CDF81C809946A8460CE00E
:1066F00037A9584604F0EEFE431C404400F0C8831E
:10670000484508DC00F0188480461D9A52593346EB
:106710000435002AECD1CDF81480DDF80890DDF8BE
:106720001C80C5E001338249CAF804402244072B8B
:10673000CAF80010CDE925327FF750A8FFF769BBF2
:106740001BEE101A24AA584604F00AFF00287FF412
:1067500014AB269A0DF19C0AFFF729B824AA5846D3
:10676000059104F0FDFE00287FF407AB96F800C009
:10677000269A059927A87DE6012BCDF808807FF49D
:10678000F3A9FFF793BB089B049953F8042B4C46DD
:1067900011600893FEF7BEBE01336549CAF8044094
:1067A0002244072BCDE92532CAF800107FF722AB2F
:1067B0007BE4109B12981A44CAE90003259B269299
:1067C0000133072B259300F3A9810AF1080A002958
:1067D000BFF654AF4D42103180F20F831BEE101AFA
:1067E000102605E00AF1080A103D102D40F305833C
:1067F00001334F481032072BCAE90006CDE9253294
:10680000F0DD24AA5846039104F0AAFE00287FF484
:10681000B4AADDE9253203990DF19C0AE4E7089B4F
:1068200018F400711ABF114653F8042B53F8042BC7
:10683000089318BFD2B2FFF745B9029B13F4007159
:10684000089B1ABF114653F8042B53F8042B0893E6
:1068500018BFD2B20123FFF7D0B8089B18F400711B
:106860001ABF114653F8042B53F8042B089318BF92
:10687000D2B24EE58A4601332D49CAF804502A4463
:10688000072BCDE92532CAF8001000F339810AF14F
:10689000080AFFF78CBB0023194600961DAA58462C
:1068A00004F03EFE03460133059000F0F1821D9492
:1068B000059B002B4ED0632B00F318810023079318
:1068C00037AC082200213046FDF70CFA059D0096F2
:1068D0002B461DAA2146584604F022FE854240F070
:1068E0007C83059A0023A35422EAE272CDE90C339B
:1068F0009DF86710039302920F93FEF7BABF2D2104
:106900008DF86710FEF7A4BF169B1599ABEB030B30
:106910001A465846FDF79EFA9AF80120054B0AB12F
:106920000AF1010A4FF0000C28E600BF3C220020CB
:106930005C6B0020CDCCCCCC1BEE101A24AA5846A0
:1069400004F00EFE00287FF418AA1B99269A0DF178
:106950009C0A7CE6059B9DF867100F93CDE90233F6
:10696000CDE90C330793FEF784BF0E99059865189F
:106970002D1ACC1AA542A8BF2546FFF74DBB089B90
:10698000049953F8042B089311804C46FEF7C2BDBE
:1069900013F9042B0893D1170B46FEF7DBBF039ABC
:1069A000022122AB01931DAB009358461BABB0EE06
:1069B0004A0B029203F018FF472D029A044600F09A
:1069C0006181462D104405D12378302B00F06F8271
:1069D0001B9A1044B5EE40ABF1EE10FA40F0468140
:1069E00003461B1B0E93472D00F01081462D00F02F
:1069F000B5811B9B0C930C9B412D03F1FF331B9323
:106A000000F0E5819DF82C200021002BB8BF0C9BE5
:106A10008DF87820BABFC3F101032D222B22092B58
:106A20008DF8792040F3DA810DF18F05DFF81CC471
:106A30002A4610468CFB0321DA17C2EBA10202EBB7
:106A40008201A3EB4101303100F8011C1946632992
:106A5000134600F1FF32ECDC3033D9B2831E9D4285
:106A600002F8011C40F28B8213460DF17A0201E01C
:106A700013F8011B02F8011B9D42F9D10DF191039E
:106A80000DF17A021B1A13441EAA9B1A14930E9B33
:106A9000149A012B1A44059240F30382059B109A25
:106AA0001344059326F48063059A43F48078002309
:106AB000CDE90C3322EAE2720F930292099B002B7C
:106AC00040F0B1809DF867100393FEF7D2BE2046D8
:106AD000FDF7B2FE02460590FEF720BF1BEE101A2E
:106AE00024AA584604F03CFDFEF7EDBD591C58465B
:106AF000FCF7F8F80446002800F0CA810790E0E6A9
:106B00001BEE101A24AA584604F02AFD00287FF430
:106B100034A9269A0DF19C0AFFF749BA1BEE101A08
:106B200024AA584604F01CFD00287FF426A9DDE9BC
:106B300025321B990DF19C0A49E606230393FFF7C2
:106B400083BB039B02215A1C2BE7039A032128E7EE
:106B50001BA8B0EE4A0B03F057FDB4EE007B20EE0D
:106B6000070BB5EE400BF1EE10FA01D101231B9398
:106B7000B348039BB3EE005B013B224604E0B5EE55
:106B8000400BF1EE10FA13D020EE050BFDEEC07BAA
:106B9000B3F1FF3F17EE901A415CB8EEE76B9446F5
:106BA00030EE460B02F8011B194603F1FF33E6D124
:106BB000B6EE006BB4EEC60BF1EE10FA00F34881AE
:106BC000B4EE460BF1EE10FA04D117EE903ADB0763
:106BD00000F13E81002906DB4B1C1344302102F8F2
:106BE000011B9342FBD1131B0E93FCE60B9C0E9BE7
:106BF000DDF82490DDF828801396E3189D4229469D
:106C000028BF194682460591FFF7D8B91B9B0C9304
:106C1000DA1C02DB039A93420CDD0B9B023B0B93C5
:106C200023F02005E7E62D2100238DF8671003935C
:106C3000FEF722BE0C9B0E9A9342C0F2BD80F00775
:106C40000C9B40F13281109A13440593710503D5D2
:106C50000C9B002B00F33581059B23EAE373029321
:106C600067230B9300230F930D9327E7229B834207
:106C7000BFF4B7AE30215A1C22921970229B984261
:106C8000F9D8AEE6F30700F1A780229BA9E624AA73
:106C90005846059104F064FC00287FF46EA896F82D
:106CA00000C0269A059927A86544FFF7ECBB1BEEA8
:106CB000101A24AA584604F053FC00287FF45DA85B
:106CC000269A0DF19C0AFFF76BB978238DF869308D
:106CD00030238DF86830039B632B48F0020600F3E5
:106CE000A6800023079337AC18EE903A002B48F4A7
:106CF00081782BDBB0EE48AB0B9B23F02005002303
:106D000009930B9B612B7FF4ADAAB0EE4A0B1BA835
:106D100003F07AFCB4EE007B20EE070BB5EE400BDF
:106D2000F1EE10FA01D101231B93464821E71BEE37
:106D3000101A24AA584604F013FC00287FF41DA85A
:106D40001B9B269A0DF19C0AFFF74EB90B9B23F073
:106D500020052D230993B1EE48ABD2E71B9A0C9284
:106D6000002A06F0010340F30D8103990B4340F024
:106D7000CF800C9B059366230B93720500F1A380D3
:106D8000059B23EAE37302936CE71BEE101A24AA17
:106D9000584604F0E5FB00287EF4EFAF1B9C0E9BE9
:106DA000269A1C1B0DF19C0AFFF736B958238DE774
:106DB00000220392FEF7DABB0E9B109A9A180C9BE6
:106DC0000592002B40F3AB8067230B93D5E70B9A1A
:106DD0000F32D2B2012118E6A018FBE5002940F0DD
:106DE000A88030228DF87A200DF17B02303302F832
:106DF000013B1EABD31A149349E601331249CAF87A
:106E000004502A44072BCDE92532CAF800107FF739
:106E100033AC1BEE101A24AA584604F0A1FB00283C
:106E20007EF4ABAFDDE925320DF19C0A26E4591C56
:106E30005846FBF757FF044650B3079054E700BF8E
:106E4000BC310020EC2800205C6B00206766666681
:106E5000CDF888C012F8011C90F80FC061451346A8
:106E60000AD14FF0300E03F801EC229B591E2291FB
:106E700013F8011C8C45F6D0392916BF0131817AEF
:106E8000C9B203F8011CAEE600239046079360E701
:106E90001BEE102AB2F90C3043F040039381FEF749
:106EA00016BCF5077FF5FEADF8E50593CEE6B5EE29
:106EB00040ABF1EE10FA3FF48BADC2F101021B9230
:106EC00087E567230B9313990B78FF2B79D0002567
:106ED0000C9A284603E001300131FF2B08D0934281
:106EE00006DAD21A4B78002BF5D10B780135F4E78E
:106EF0000C9213910D900F950F9A0D9B16991344B8
:106F0000059A01FB0323059323EAE3730293D5E576
:106F1000109BD3181944662305910B932DE7C3F1F9
:106F200001031A4422EAE2730293672305920B934A
:106F300098E60DF17A0259E7039BDDF80890DDF839
:106F40001C800593B4E418EE903A002BB4BF2D21B9
:106F50009DF86710254C264BB8BF8DF8671028F0B8
:106F60008008FEF779BC039B0293059373239DF879
:106F7000671003900F900D900B93FEF77ABC0223DD
:106F8000149384E5039A134305D1012366220293E7
:106F90000B92059366E6109B01331A4422EAE273D2
:106FA0000293662305920B935CE6089A99F80130E8
:106FB000894652F8041B089241EAE1710391FEF7F9
:106FC000D3BA00230F930D9396E70C23CBF8003030
:106FD0004FF0FF330493FEF781BB1BEE102A938919
:106FE00043F040039381FEF7C8BE00BFE4280020B1
:106FF000E8280020000000002DE9F04F2DED088B5F
:10700000D1B00BEE101A1C461746834603F0A2FAC5
:10701000036811931846FDF70FFC0DF1800A1090DC
:107020000822002150460894FCF75CFEBBF1000FDB
:1070300004D0DBF83430002B01F05F801BEE102A07
:10704000536ED80740F16E81B2F90C2093B29E04C2
:1070500009D41BEE101A42F400528A8193B24A6E90
:1070600022F400524A661D0740F1CF801BEE102A21
:107070001269002A00F0C98003F01A020A2A00F0FF
:10708000D48000239FEDA28B9FEDA39BCDE92533F8
:10709000CDE91333CDE9153327AA0E9324929046F8
:1070A00012930493B9469E4BD3F8E440FDF73CF9A4
:1070B0004A4603461CA9CDF800A05846A047002820
:1070C00000F0D680C0F2CC801C9A252A034601D05D
:1070D0009944E8E7B9EB0706054640F0CD80002368
:1070E0004FF0FF328DF867301E46069309F1010913
:1070F00099F8003003922B24202509F10109A3F10E
:1071000020025A2A00F21D81DFE812F0A4021B01BE
:107110001B019F021B011B011B016A001B011B01BC
:1071200051027B021B015C0285021B0180025B0095
:107130005B005B005B005B005B005B005B005B0077
:107140001B011B011B011B011B011B011B019F01DB
:107150001B01DE01F7029F019F019F011B011B0123
:107160001B011B01F2021B011B01AE021B011B01D3
:107170001B01F8011B01DF021B011B0112071B0190
:107180001B011B011B011B011B011B011B019F019B
:107190001B01DE012B029F019F019F016E022B024A
:1071A000D9011B0161021B0120030B070E03D9014A
:1071B0001B01F8017C000E071B011B01EA061B01E5
:1071C0007C00A3F13002002119F8013B01EB8101A1
:1071D00002EB4101A3F13002092AF5D906918EE7AD
:1071E000584603F0B7F9436815931846FDF724FB9A
:1071F0001690584603F0AEF983681393169B002B44
:1072000040F0F18599F8003077E71BEE101A5846E8
:107210001BEE105A03F09CF8002841F0BB83AB89A9
:1072200003F01A020A2A7FF42CAF1BEE101AB1F9F0
:107230000E20002AFFF625AF4A6ED20702D49E0523
:1072400041F1B9811BEE101A23463A46584601F027
:10725000BDFC0490049851B0BDEC088BBDE8F08FE4
:10726000082200215046FCF73DFD012399441AE70E
:10727000B9EB0706054611D0269B33442693259B80
:107280000133072BC8E90076259312DC08F10808C2
:10729000049B33440493002D7FF421AF269B002BE5
:1072A00041F06F811BEE103A0022B3F90C302592A9
:1072B0001CE01BEE101A24AA584601F003FD88B901
:1072C0000DF19C08E4E71BEE101A24AA584601F0C1
:1072D000F9FC002800F0AD80079B1BB107995846C8
:1072E000FDF7ACFB1BEE103AB3F90C301BEE102A85
:1072F000526E12F0010F9AB200F0D780510601F1E0
:107300005283049851B0BDEC088BBDE8F08F00BFEC
:107310000000000000000000FFFFFFFFFFFFEF7F05
:10732000EC730020B2F90C20910593B23FF58FAEBB
:107330001BEE105AA86DFDF791F8B5F90C2093B229
:1073400085E60B93002BA9D000218DF8DC300123BA
:107350008DF8671002930791059303910D910F919A
:107360000C9137AF16F00203099302D0029B02334F
:10737000029316F084030A9305D1069B029A9C1A85
:10738000002C00F35B83269A89B125990DF16700E3
:1073900001310132C8F8000007294FF001002692A0
:1073A0002591C8F8040000F3938308F10808099BAD
:1073B00083B1259B1AA901330232C8F80010072BAC
:1073C0004FF0020126922593C8F8041000F38D8334
:1073D00008F108080A9B802B00F06582039B059941
:1073E0005C1A002C00F39F82F40500F10682059BD5
:1073F000C8F804301A44259BC8F800700133072BE5
:107400002692259300F30D8308F10808740705D52B
:10741000069B02995C1A002C00F37483049B069966
:1074200002988142ACBF5B181B180493002A7FF4BA
:107430004AAF00232593079B1BB107995846FDF7D8
:10744000FDFA0DF19C084F462CE60B93089B073381
:1074500023F00703B3EC028BB0EEC87BB4EE497B9C
:10746000F1EE10FA089340F3CD84B5EEC08BF1EE47
:1074700010FA01F10D819DF86710A94FA94B26F074
:1074800080060B9A472AC8BF1F4600230322079392
:107490000292059203930D930F930C9300293FF4EE
:1074A00061AF029B013302935CE798053FF526AF7D
:1074B0001BEE104AA06DFCF7D3FFA2891EE799F8D6
:1074C000003046F0200618E6432B0B9300F05F8552
:1074D000F50600F15C85089B012153F8042B02910D
:1074E0008DF8DC200893059137AF00218DF86710E7
:1074F000079103910D910F910C9133E70B93089B2A
:107500001A4600238DF86730134653F8047B08931E
:10751000002F00F02C850B9B532B00F00C8616F0EF
:1075200010030C9340F00786039B5A1C01F0228045
:107530000C991A46384603F017F80790002801F016
:10754000A682079BDA1B05920C9B039322EAE27248
:107550000D930F93079373239DF8671002920B937B
:107560009CE7B4060B93089B40F1CE80073323F0D1
:1075700007031A4611465B6851F8082B0891194613
:10758000002BC0F22984039B013300F0928226F085
:10759000800652EA0103029640F08C82039B002B86
:1075A00040F08D8200230393059350AFFAE0089BCF
:1075B00053F8042B0692002A80F2D483069A08938B
:1075C0005242069299F8003046F0040695E599F883
:1075D00000306C2B03BF99F8013046F0200609F10A
:1075E000010946F0100688E599F80030682B03BFC2
:1075F00099F8013046F4007609F1010946F0400699
:107600007BE599F800308DF8674076E599F8003011
:1076100046F0800671E5494611F8013B2A2B01F03E
:10762000B682A3F13002092A894698BF002101F2EF
:10763000608119F8013B01EB810102EB4101A3F1EB
:107640003002092AF5D9039159E599F8003046F03E
:10765000010652E59DF86730002B7FF4D3AD99F811
:1076600000308DF8675048E50B9346F0100616F091
:10767000200100F04E83089B073323F0070359686D
:1076800053F8082B089326F480630293002300200C
:10769000039C8DF86700661C6DD0029820F0800670
:1076A00052EA010066D1002C40F0A985002B7FF43E
:1076B00079AF029B13F00103059300F08083302320
:1076C0008DF83F310DF23F176CE00B9346F010033D
:1076D0000293029B13F0200100F02E83089B0733D6
:1076E00023F00703596853F8082B08930123CEE7CA
:1076F00099F8003046F00806FFE446F01006B4069C
:107700000B93089B3FF532AFF00600F15D837106E5
:1077100040F1578333F9042B0893D1170B462FE719
:10772000DC280020E0280020089B46F0020202929C
:1077300053F8042B089347F63003ADF868307820EF
:10774000934B1293002102230B90A0E7B30600F1A4
:10775000B683F70600F15885750600F19386B405E7
:1077600040F15285089B049953F8042B089311703B
:107770004F4697E40296012B00F09C81022B50AFFC
:107780001FD1129802F00F031209C35C07F8013DE4
:1077900042EA0172090952EA0103F3D1029E50AB99
:1077A000DB1B0593059A03989DF8671082424FF002
:1077B0000003B8BF0246079302920D930F930C93F8
:1077C0006CE602F00703D20842EA4172C90830337E
:1077D00052EA0104384607F8013DF2D1029EF5074E
:1077E000DDD5302BDAD03023023807F8013C50AB1E
:1077F0001B1A029E05930746D4E70B9B652B40F3AB
:10780000CD80B5EE408BF1EE10FA40F0B381259BB0
:107810006049C8F80010013301320121072B26927C
:107820002593C8F8041000F3788408F108081B9B1E
:107830000E998B4280F29282109B11991A44C8E9EA
:107840000013259B26920133072B259300F3828397
:1078500008F108080E9B5C1E002C7FF7D7AD102C9A
:10786000259B40F3BF841BEE107A102505E008F13C
:107870000808103C102C40F3B584013346491032FF
:10788000072BC8E90015CDE92532F0DD24AA3946D9
:10789000584601F017FA00287FF41EADDDE92532C5
:1078A0000DF19C08E5E7069B02995C1A002C7FF716
:1078B00095AD102C259B22DD099610251BEE106A34
:1078C00004E0103C102C08F1080817DD01333249A0
:1078D0001032072BC8E90015CDE92532F1DD24AAC5
:1078E000314658460DF19C0801F0ECF900287FF470
:1078F000F3AC103C102CDDE92532E7DC099E26496B
:10790000C8F8044001332244072BCDE92532C8F8DA
:10791000001000F31183039B05995C1A002C08F1F9
:1079200008087FF761AD102C259B21DD414610250D
:107930001BEE108A04E0103C102C01F1080116DD4A
:10794000013315481032072BC1E90005CDE9253276
:10795000F1DD24AA4146584601F0B4F900287FF42D
:10796000BBAC103C102CDDE9253227A9E8DC8846A9
:1079700001330949C8F804402244072BCDE92532D8
:10798000C8F8001000F3B78108F108082CE500BF23
:10799000EC2800203C2200206C6B00200E9B012B69
:1079A00040F36381259BC8F8007001330132012147
:1079B000072B26922593C8F8041000F3198308F1C9
:1079C00008081099119801330A44072BC8E90001EF
:1079D000CDE9253200F3FE8208F10808B5EE408BB0
:1079E000F1EE10FA00F05F810E9901330139013791
:1079F0000A44072BC8F800702593C8F80410269293
:107A000000F3438108F108081499C8F80410013301
:107A10000A44072B1EA9CDE92532C8F800107FF7CC
:107A2000F3AC1BEE101A24AA584601F04BF90028BB
:107A30007FF452AC269A0DF19C08E7E4102CDDE9A6
:107A40002512BB4D25DD179610231BEE106A084644
:107A500004E0103C102C08F1080818DD0130103249
:107A60000728C8E90053CDE92502F2DD24AA3146F2
:107A700058460DF19C0801F025F900287FF42CAC44
:107A8000103C102CDDE925024FF01003E6DC179EB8
:107A90000146013122440729CDE92512C8F80050DA
:107AA000C8F8044000F319839DF8671008F108082E
:107AB0006AE402960A2A71F1000380F0AF82303244
:107AC0000123029E8DF83F2105930DF23F1769E6D1
:107AD0001BEE101A24AA584601F0F4F800287FF48F
:107AE000FBAB269A0DF19C0861E41BEE101A24AA48
:107AF000584601F0E7F800287FF4EEAB269A0DF126
:107B00009C0867E4102C259B894D1FDD1BEE107A25
:107B1000102604E0103C102C08F1080816DD013393
:107B20001032072BC8E90056CDE92532F2DD24AA30
:107B3000394658460DF19C0801F0C4F800287FF43E
:107B4000CBAB103C102CDDE92532E8DC01332244BC
:107B5000072BC8E90054CDE925327FF75FAC1BEE57
:107B6000101A24AA584601F0ADF800287FF4B4ABEF
:107B7000269A53E41B99002940F3F9800C9D0E9B33
:107B80009D42A8BF1D46002D0BDD259B01332A44D5
:107B9000072BC8E900752692259300F37C8608F12F
:107BA00008080C9C002DA8BF641B002C00F3618307
:107BB0000C9B71053B44059300F178851B9C0E9B43
:107BC0009C4202DBF30740F14C84109B11991A444C
:107BD000C8E90013259B26920133072B259300F358
:107BE000688608F108080E9B1C1BFD18059BED1A02
:107BF000A542A8BF2546002D0DDDC8F80030259B05
:107C0000C8F8045001332A44072B2692259300F329
:107C10005F8608F10808002DA8BF641B002C7FF7C1
:107C2000F5AB102C259B40F3DD821BEE107A10255E
:107C300005E008F10808103C102C40F3D382013312
:107C40003C491032072BC8E90015CDE92532F0DD9B
:107C500024AA3946584601F035F800287FF43CAB99
:107C6000DDE925320DF19C08E5E7F5073FF59AAE11
:107C7000259BC8F80070013301320121072B2692A1
:107C80002593C8F804107FF7BDAE1BEE101A24AA86
:107C9000584601F017F800287FF41EABDDE92532C5
:107CA0000DF19C08B0E60E994C1E002C7FF7ACAE8F
:107CB000102C40F3B2821BEE107A102505E008F17B
:107CC0000808103C102C40F3A882013319491032E7
:107CD000072BC8E90015CDE92532F0DD24AA394685
:107CE000584600F0EFFF00287FF4F6AADDE92532C0
:107CF0000DF19C08E5E71BEE101A24AA584600F087
:107D0000E1FF00287FF4E8AA269A0DF19C08FFF70E
:107D10006BBB16F0100340F0DD8016F0400200F05F
:107D2000D982089850F8042B0890194692B2AAE418
:107D3000382900206C6B0020029B13F0100340F0E8
:107D4000B780029A12F0400200F0B482089850F80E
:107D5000042B0890194692B2012398E4F0077FF5AE
:107D600055AB69E5089399F80030FFF7C6B9259B34
:107D7000A648C8F80000013301320120072B2692E3
:107D80002593C8F8040000F3628508F1080800296B
:107D900040F050820E9906F001030B433FF436ABDE
:107DA000109B11991A44C8E90013259B26920133B0
:107DB000072B259300F3F08308F108084BE250AF3E
:107DC000F0E4B20500F1578353F8042B0893D11760
:107DD0000B46002BBFF6D7AB524261EB4101029636
:107DE0002D20012354E4139B002B3FF40BAA139B7B
:107DF0001B78002B3FF406AA99F8003046F4806601
:107E0000FFF77BB9B4EE488BF1EE10FA80F188866B
:107E10000B9B612B00F03D85412B00F03C83039BC5
:107E200001330B9B23F0200400F02986472C04D15A
:107E3000039B002B08BF0123039318EE903A002BFD
:107E400046F480723546C0F2C785B0EE48AB0023D9
:107E50001646099307930B9B413B252B00F26A8240
:107E6000DFE813F0C303680268026802BC03C003C2
:107E700068026802680268026802680268026802B2
:107E800068026802680268026802680268026802A2
:107E90006802680268026802680268026802680292
:107EA000680268026802680268026802BC03C003D4
:107EB000089B53F8042B08930123FFF7E8BB089BAA
:107EC000049853F8041B0893C217C1E900024F46F7
:107ED000FFF7E8B8089B53F8042B0893FFF7D3BBD0
:107EE0000B934B4B129316F020016AD0089B07337B
:107EF00023F00703596853F8082B0893F7070AD5AE
:107F000052EA010307D00B9B8DF86930302346F00D
:107F100002068DF8683026F4806302930223FFF78F
:107F2000B6BB0B93FFF7A3BB0B930296FFF7D1BB36
:107F30000B93384B1293D6E71BEE101A24AA58461F
:107F400000F0C0FE00287FF4C7A9269A0DF19C0816
:107F5000FFF744BA1BEE101A24AA584600F0B2FEEE
:107F600000287FF4B9A9269A0DF19C0872E4039BBE
:107F70000797062B3A4628BF0623039739460293F4
:107F8000254F05930D920F920C92FFF787BA089C2C
:107F90000822002122A837AFFBF7A4FE22AB54F839
:107FA000042B3946584603F095FA034601330590F1
:107FB00000F00985059B089423EAE3730293FFF719
:107FC00094BA16F0100300F09D80089B53F8042B20
:107FD000089393E71BEE101A24AA584600F072FE8D
:107FE00000287FF479A9DDE925320DF19C08F5E43C
:107FF0001BEE101A24AA584600F064FE00287FF4F5
:108000006BA9DDE925320DF19C08DAE43C22002061
:10801000EC280020BC310020002900200298CDF877
:108020001C8050AF00F4806000240AEE10BABF4BF1
:10803000DDF84C80CDF81490BB460526A4460746D3
:1080400005E00A2A71F1000136D34A462946501844
:1080500040F10000A3FB004525F0030404EB950468
:10806000001B141A4FF0CC3561F1000E05FB04F52E
:10807000A4FB039403FB0E5509F0010E2544AEFB4F
:10808000064E24184FEA590930340BF8014C49EADE
:10809000C5790CF1010C0BF1FF3B6D08002FD0D01E
:1080A00098F800008445CCD1BCF1FF0FC9D00A2A52
:1080B00071F1000180F0BF825F4650ABDB1BDDF841
:1080C0001490CDF84C801AEE10BADDF81C80029E98
:1080D000CDF838C00593FFF765BB1BEE101A24AA34
:1080E000584600F0EFFD00287FF4F6A89DF86710D1
:1080F000269A0DF19C08FFF747B95846FBF7DAFBC3
:10810000FEF79CBF16F0400200F0F280089850F88D
:10811000042B0890194692B2F0E61BEE101A24AA1E
:10812000584600F0CFFD00287FF4D6A8269A0DF11E
:108130009C08FFF77CBB22AD0822002128461D9732
:10814000FBF7D0FD039B581C00F068830024CDF89A
:1081500008900796994626460CE037A9584603F042
:10816000B9F9411C304400F02E84484508DC00F089
:10817000E78406461D9A12592B460434002AECD196
:108180000596DDF80890079E059B002B00F05483B0
:10819000632B40F3D883591C5846FAF7A3FD0746D2
:1081A000002800F010840790082200212846FBF7E1
:1081B00099FD059C009523461DAA3946584603F0B3
:1081C000AFF9844240F0EF84059A0023BB5422EAC1
:1081D000E2729DF86710039302920D930F930C9334
:1081E000FFF75CB901335249C8F804402244072B19
:1081F000C8F80010CDE925327FF706A911E4012B5C
:1082000002967FF4BBAA5AE4089B049953F8042B06
:108210004F4611600893FEF745BF01334449C8F843
:1082200004402244072BCDE92532C8F800107FF71F
:10823000E9AB2AE5109B11981A44C8E90003259B75
:1082400026920133072B259300F3A68108F1080835
:108250000029C0F27C830E99C8F8007001330A44EB
:10826000072BCDE92532C8F804107FF7CDA8FFF71A
:10827000D8BB102C259B49DD414610251BEE108AEA
:1082800003E00831103C102C3FDD01332848103248
:10829000072BC1E90005CDE92532F2DD24AA4146CC
:1082A000584600F00FFD00287FF416A8DDE92532BE
:1082B00027A9E7E7029B13F40071089B1ABF114638
:1082C00053F8042B53F8042B089318BFD2B20123A0
:1082D000FFF7DDB9089B16F400711ABF114653F879
:1082E000042B53F8042B089318BFD2B2FFF7CBB975
:1082F000089B16F400711ABF114653F8042B53F86B
:10830000042B089318BFD2B2F8E588460133084918
:10831000C8F804402244072BCDE92532C8F80010E4
:1083200000F34E8108F1080842E400BFCDCCCCCC6C
:108330006C6B0020039A022122AB01931DAB0093CA
:1083400058461BABB0EE4A0B029202F04DFA472C96
:10835000029A074600F08A82462C104405D13B78E9
:10836000302B00F0A2831B9A1044B5EE40ABF1EE27
:1083700010FA40F047820346DB1B0E93472C00F0B7
:108380004681462C00F0B9821B9B0C930C9B412C20
:1083900003F1FF331B9300F0D1829DF82C200021C4
:1083A000002BB8BF0C9B8DF87820BABFC3F1010336
:1083B0002D222B22092B8DF8792040F349830DF1D2
:1083C0008F04B64E2246104686FB0321DA17C2EB15
:1083D000A10202EB8201A3EB4101303100F8011C44
:1083E00019466329134600F1FF32ECDC3033D9B271
:1083F000831E9C4202F8011C40F2B38313460DF128
:108400007A0201E013F8011B02F8011B9C42F9D12A
:108410000DF191030DF17A021B1A13441EAA9B1A47
:1084200014930E9B149A012B1A44059240F32B834C
:10843000059B109A13440593059A25F4806343F431
:10844000807622EAE27200230D9302920F930C933E
:10845000099B002B40F0E8809DF867100393FFF71D
:108460001DB80E9B0599FD186D1A1C1BA542A8BFCF
:108470002546FFF7D0BB13F9042B0893D1170B4601
:10848000FFF77EB8089B049953F8042B08931180DA
:108490004F46FEF707BE58238DF8693030238DF81C
:1084A0006830039B632B46F0020500F3DF82002354
:1084B000079337AF18EE903A002B46F48176C0F25E
:1084C0003382B0EE48AB0B9B23F0200400230993CA
:1084D0000B9B612B7FF4BFACB0EE4A0B1BA802F0E4
:1084E00093F8B4EE007B20EE070BB5EE400BF1EEF7
:1084F00010FA01D101231B936948039BB3EE005B83
:10850000013B3A4604E0B5EE400BF1EE10FA13D011
:1085100020EE050BFDEEC07BB3F1FF3F17EE901A86
:10852000415CB8EEE76B944630EE460B02F8011B57
:10853000194603F1FF33E6D1B6EE006BB4EEC60B7D
:10854000F1EE10FA00F34C82B4EE460BF1EE10FAA5
:1085500004D117EE903ADB0700F14282002906DBD6
:108560004B1C1344302102F8011B9342FBD1D31B57
:108570000E9303E73846FCF75FF902460590FEF7D5
:10858000E3BF1BEE101A24AA584600F09BFB0028FC
:108590003EF488AEFEF7A6BE1BEE101A24AA58467B
:1085A00000F090FB00287EF497AEDDE925321B99A0
:1085B0000DF19C084CE6886DFBF752FFFEF742BEBA
:1085C0001BEE101A24AA584600F07CFB00287EF40B
:1085D00083AE269A0DF19C08FFF7EABA039B0221AD
:1085E0005A1CA9E6039A0321A6E61BA8B0EE4A0B83
:1085F00002F00AF8B4EE007B20EE070BB5EE400B5C
:10860000F1EE10FA01D101231B93264875E71B9B5D
:108610000C93DC1C02DB039A93421DDD0B9B023B97
:108620000B9323F02004B1E62D2100238DF8671071
:108630000393FEF736BF169B1599ABEB030B1A4657
:108640005846FBF707FC98F80120174B0AB108F1D0
:1086500001084FF0000CF8E40C9B0E9A9342C0F214
:10866000A781E9070C9B40F11E82109A13440593E1
:108670006A0503D50C9B002B00F32882059B23EA97
:10868000E373029367230B9300230D930F93DFE6AD
:108690002D218DF86710FEF7F0BE00BF6766666695
:1086A000EC280020BC310020CDCCCCCC0E9BCDF8EA
:1086B00024904046DDF83C800A96FB180393059D04
:1086C000139EDDF858900D9B0B971BEE101AB8F116
:1086D000000F31D0002B77D1013E08F1FF38159BF8
:1086E000C0E90039259B01334A44072B2692259384
:1086F0006EDC0830039B96F800C05B1B6345A8BF87
:108700006346002B1F460BDD259C01341A44072CC1
:10871000C0E900532692259466DC96F800C0083024
:10872000002FACBFACEB07046446002C15DC65449D
:108730000D9BB8F1000FCDD1002B45D10B9F0E9BA7
:108740001396FB189D42294628BF1946DDF8249050
:108750000A9E05918046FFF731BA102CDDF894C0CF
:1087600023DD0595102763460D4604E0103C102CD0
:1087700000F1080016DD0133A7491032072BC0E9CC
:108780000017CDE92532F1DD24AA2946584600F02C
:1087900099FA00287EF4A0AD103C102CDDE92532BA
:1087A00027A8E8DC2946059D9C460CF101032244DC
:1087B0004460072B984C0460CDE925325ADC96F8CA
:1087C00000C008306544B3E70D9B013B0D9386E77D
:1087D00024AA5846059100F075FA00287EF47CAD75
:1087E000269A059927A885E724AA5846059100F0FE
:1087F00069FA00287EF470AD96F800C0269A0599B3
:1088000027A88DE7229B8342BFF4B6AD30215A1CC6
:1088100022921970229B9842F9D8ADE5002319469F
:1088200000951DAA584602F07BFE034601330590D1
:1088300000F0C9801D97A7E4059B9DF867100D9374
:10884000CDE902330F930C930793FEF727BE1BEE7F
:10885000101A24AA584600F035FA00287EF43CADE0
:108860001B99269A0DF19C08FFF791BAEB0763D488
:10887000229B81E524AA5846059100F023FA00289E
:108880007EF42AAD96F800C0269A059927A865447B
:108890004EE7782300E61BEE101A24AA584600F093
:1088A00011FA00287EF418AD269A0DF19C08FFF706
:1088B00078B91BEE101A24AA584600F003FA0028D3
:1088C0007EF40AAD1B9C269A0DF19C08FFF78BB92C
:1088D0001BEE101A24AA584600F0F4F900287EF482
:1088E000FBAC1B9C0E9B269A1C1B0DF19C08FFF7F2
:1088F00092B900220392FEF702BC1B9A0C92002A46
:1089000005F0010340F3308103990B4340F0D78019
:108910000C9B059366230B936A0500F1D980059B98
:1089200023EAE3730293AFE60B9B23F020042D238D
:108930000993B1EE48ABCBE5B81816E50B9A0F32A8
:10894000D2B201212CE50023079337AF2CE44C422F
:10895000103163DA1BEE101A102504E008F1080844
:10896000103C102C5ADD01332B481032072BC8E97C
:108970000005CDE92532F1DD24AA5846039100F027
:10898000A1F900287EF4A8ACDDE9253203990DF1A8
:108990009C08E5E76B6ED80705D4AB89990502D42E
:1089A000A86DFBF75DFD4FF0FF330493FEF7A9BC04
:1089B0000E9B109A9A180C9B0592002B40F3C780CF
:1089C00067230B93A8E71BEE102AB2F90C3043F093
:1089D00040039381FEF78ABC002316460793A6E75F
:1089E000CDF888C012F8011C90F80FC08C451346D2
:1089F0000AD14FF0300E03F801EC229B591E229150
:108A000013F8011C8C45F6D0392916BF0131817A43
:108A1000C9B203F8011CAAE56C6B00200133684958
:108A2000C8F804402244072BCDE92532C8F80010CD
:108A30007FF7C2A91BEE101A24AA584600F042F98B
:108A400000287EF449ACDDE925320DF19C0802E4F2
:108A5000002962D130228DF87A200DF17B0230336B
:108A600002F8013B1EABD31A1493DAE4591C5846A2
:108A7000FAF738F907460028A5D007901AE506232B
:108A80000393FFF7DAB9E8077FF5D6ACD0E4039B90
:108A90000293059373239DF8671003900D900F9038
:108AA0000B93FEF7FBBC0593E2E5B5EE40ABF1EEB0
:108AB00010FA3FF458ACC2F101021B9254E4109B2F
:108AC000D3181944662305910B9325E767230B936D
:108AD00013990B78FF2B6ED000240C9A204603E0EC
:108AE00001300131FF2B08D0934206DAD21A4B78BD
:108AF000002BF5D10B780134F4E713910C920F9011
:108B00000D940D9A0F9B16991344059A01FB0323AC
:108B1000059323EAE37302939AE40DF17A029EE748
:108B200018EE903A002BB4BF2D219DF86710254F09
:108B3000254BB8BF8DF8671026F08006FEF7A1BC64
:108B4000039BDDF80890079E0593FFF71DBBC3F15B
:108B500001031A4422EAE2730293672305920B93FE
:108B600092E5022314935CE4039A134305D1012395
:108B7000662202930B92059386E5109B01331A44FB
:108B800022EAE2730293662305920B937CE5089A2E
:108B900099F80130894652F8041B089241EAE171C4
:108BA0000391FEF7AABA1BEE102A938943F0400303
:108BB0009381FEF791BB00230D930F93A1E700BFB4
:108BC0006C6B0020E4280020E828002070B50C46DB
:108BD0008989ADF58E6D21F00201ADF81410616E3A
:108BE0001B91E189ADF81610E1690991616A0B9159
:108BF0001CA9029106914FF48061064604910791E9
:108C000018A80021CDE900320891FBF723FCDDE92B
:108C1000003202A93046FEF7EFF9051E07DB02A974
:108C2000304601F05DF9002818BF4FF0FF35BDF860
:108C300014305B0603D5A38943F04003A381189841
:108C4000FBF70AFC28460DF58E6D70BD2DE9F84F37
:108C50004B6E9C0490462DD59368126843B38B46A7
:108C6000064602F1080959E9025A5FEA9A0715D047
:108C7000043D002401E0A7420ED055F8041F5A46D7
:108C8000304601F021FC431C04F10104F3D1002320
:108C9000C8E90133BDE8F88FD8F808302AF0030A94
:108CA000A3EB0A03C8F8083009F10809002BDAD150
:108CB0000020ECE701F03EF90023C8E90133BDE8EC
:108CC000F88F00BF10B494681CB15DF8044BFFF737
:108CD000BDBF204654605DF8044B70472DE9F04F4E
:108CE0002DED028BC5B00DF1500A834608EE101A27
:108CF00016460021082250461C460793FAF7F2FF59
:108D0000BBF1000F04D0DBF83430002B00F0A0865C
:108D100018EE102A536EDB0740F11385B2F90C10E0
:108D20008AB295040BD418EE103A41F4005199819F
:108D30005B6E8AB218EE101A23F400534B661007CC
:108D400040F1058118EE103A1B69002B00F0FF80FE
:108D500002F01A030A2B00F00A810023CDE919332F
:108D6000CDE90D331BAA0C93189291460B930593F2
:108D7000B0464446A84BD3F8E450FBF7D5FA224658
:108D8000034612A9CDF800A05846A847002800F0D5
:108D90004581C0F23981129A252A034601D01C442C
:108DA000E8E7B4EB0806054640F03C810023617813
:108DB0008DF8433004F1010806934FF0FF371E464B
:108DC0002B2408F10108A1F120035A2B00F278812D
:108DD000DFE813F0B50276017601B0027601760184
:108DE00076016A00760176017D028D0276018802A5
:108DF0009702760192025B005B005B005B005B0008
:108E00005B005B005B005B0076017601760176011A
:108E1000760176017601760176015C0284007601A6
:108E2000760176017601760176017601760176018A
:108E30007601E80076017601760133027601DA02E6
:108E4000760176018B057601760176017601760151
:108E5000760176017601760176015C028600760164
:108E600076017601CD0286007F007601C002760190
:108E7000FD02EA00ED027F00760133027C00690505
:108E8000760176016B0576017C00A1F130030022AA
:108E900018F8011B02EB820203EB4202A1F130033E
:108EA000092BF5D906928EE7584601F053FB43682B
:108EB0000D931846FBF7C0FC0E900546584601F08E
:108EC00049FB83680B93002D40F0D68498F800107E
:108ED00077E798F8001046F0200672E746F0100693
:108EE000B40640F18E81079B073323F007031A462F
:108EF000596852F8083B07920A460029C0F270846C
:108F0000791C00F0A28526F08001039153EA02014A
:108F100000F03F840A2B72F1000180F0418530336C
:108F20008DF80F31039E012304930DF20F14049B5F
:108F3000BB42B8BF3B460393002308939DF84330E0
:108F4000002B00F0CB80039B01330393C6E018EEA7
:108F5000101A584618EE105A01F0FAF9002840F09D
:108F60005286AA8902F01A030A2B7FF4F6AE18EE95
:108F7000101AB1F90E30002BFFF6EFAE4B6EDB0787
:108F800002D4970540F1128618EE101A2346324695
:108F9000584600F069FE0590059845B0BDEC028B7F
:108FA000BDE8F08F46F0100616F0200200F0368182
:108FB000079B073323F0070319465A6851F8083B0B
:108FC000079126F480610391002100208DF8430071
:108FD000781C00F01082039820F0800653EA02000B
:108FE00040F00882002F40F03885002940F0D583FA
:108FF000039B13F00103049300F0118430238DF8D8
:109000000F310DF20F1492E7082200215046FAF7B3
:1090100069FE01231C44ADE6EC730020B4EB0806A6
:1090200005461BD0199B1A9A01333244072BC9E914
:1090300000861A9219931CDD002A00F0A68318EE10
:10904000101A18AA5846FFF701FE20BB0DF16C0953
:10905000059B33440593002D7FF4A8AE1A9B002B8B
:1090600040F0C18518EE103A0022B3F90C30199285
:1090700015E009F10809EBE718EE101A18AA58468E
:10908000FFF7E4FD002800F0A680089B1BB10899BB
:109090005846FBF7D3FC18EE103AB3F90C3018EE33
:1090A000102A526E12F0010F9AB200F0A080500602
:1090B00000F1B285059845B0BDEC028BBDE8F08F9C
:1090C0000029CBD000238DF843300123CDE90333B1
:1090D0008DF8AC102BAC002308931F4616F002034A
:1090E000099302D0039B0233039316F084030A937F
:1090F00005D1069B039A9D1A002D00F37B82DDE9C2
:109100001903411C9DF8432082B101220133C9F8A3
:10911000042007290DF14302CDE91913C9F80020F5
:1091200000F34A82084609F108090131099AE2B1BF
:1091300011AA0233C9F8002007294FF00202CDE935
:109140001913C9F8042040F35082002B00F0438328
:1091500018EE101A18AA5846FFF778FD002894D187
:10916000DDE919030DF16C09411C0A9A802A00F00F
:109170008481049ABD1A002D00F3D781049AC9F89E
:10918000004013440729CDE91913C9F8042040F31E
:109190006E81002B00F0758218EE101A18AA58463E
:1091A000FFF754FD00287FF470AF1A9B0DF16C0996
:1091B000750705D5069A0399541A002C00F36B82A3
:1091C000DDE9052103988142ACBF521812180592BF
:1091D000002B7FF451AF089900231993002900F068
:1091E00049815846FBF72AFC0DF16C09C1E59C0545
:1091F0003FF55DAF18EE104AA06DFBF731F9A2897B
:1092000055E7F006079A00F11F83710640F11983B4
:1092100032F9043B0792DA1711466EE616F0100396
:10922000079940F0098316F0400000F001831A46C8
:1092300051F8043B07919BB2C3E6079B1A460023F3
:109240008DF84330134653F8044B0393002C00F081
:109250001284532900F0658316F0100540F06183F5
:109260007B1C00F0B3843A462946204601F07CF985
:109270000890002800F09F84031B039A049323EABC
:10928000E3732F4607920393089557E6432902D0CC
:10929000F50640F12D83079D0822002116A82BAC6E
:1092A000FAF720FD16AB55F8042B2146584602F07C
:1092B00011F903460133049000F0B384049B079531
:1092C00023EAE373039300238DF8433003E7079BFE
:1092D00053F8042B0692002A80F29C82069A52428E
:1092E000CDE9062398F8001046F0040669E598F8E1
:1092F00000108DF8434064E598F8001046F08006B1
:109300005FE5424612F8011B2A2900F09684A1F17C
:109310003003092B90464FF000073FF654AD18F884
:10932000011B07EB870703EB4707A1F13003092B6C
:10933000F5D948E598F8001046F0010641E59DF89A
:109340004330002B7FF4C2AD202398F800108DF835
:10935000433036E598F800106C2903BF98F80110E7
:1093600046F0200608F1010846F0100629E598F8B5
:109370000010682903BF98F8011046F4007608F140
:10938000010846F040061CE546F010030393039BDA
:1093900013F0200200F00682079B073323F0070337
:1093A00019465A6851F8083B079101210DE6079AC2
:1093B00046F00203039352F8043B079247F630024B
:1093C000ADF84420B84A0C9202210022FDE5B70610
:1093D00000F14882F50600F14683740600F1D5835A
:1093E000B00540F14083079B059953F8042B079380
:1093F0001170BEE4039601293FF48CAD022944AC00
:1094000011D10C9803F00F011B09415C04F8011DF8
:1094100043EA0273120953EA0201F3D1039E44ABFB
:109420001B1B049383E503F00701DB0843EA427347
:10943000D208303153EA0205204604F8011DF2D16A
:10944000039EF307EBD53029E8D03023023804F827
:10945000013C44AB1B1A039E0493044667E5049B3E
:109460001B9401221C931A9319920DF16C0909F1B6
:1094700008099DE60DF16C097BE4069A039D551BD6
:10948000002D7FF776AE102D40F3BB83099418EEC4
:10949000104A07E000F1020C09F108091046103DDE
:1094A000102D1EDD8149C9F80010421C1033102117
:1094B000072ACDE91923C9F80410EBDD18AA002BFF
:1094C00074D0214658460DF16C09FFF7BFFB002808
:1094D0007FF4DBADDDE91903103D102D00F1010C27
:1094E000E0DC099C714AC9F804502B44BCF1070F19
:1094F000CDE919C3C9F8002040F39481002B00F096
:109500001F8318EE101A18AA5846FFF79FFB002871
:109510007FF4BBAD049ADDE91903BD1A002D00F1FB
:1095200001010DF16C097FF729AE102D29DD099499
:10953000102718EE104A07E000F1020C09F10809A3
:109540001046103D102D1ADD421C58491033072AD1
:10955000C9E90017CDE91923EEDD18AA03B32146A6
:1095600058460DF16C09FFF771FB00287FF48DADB3
:10957000DDE91903103D102D00F1010CE4DC099C1C
:1095800061464A4AC9F804502B440729CDE919130A
:10959000C9F8002000F3E78009F108090131EDE581
:1095A0004FF0010C18460DF16C09CAE74FF0010CA1
:1095B00018460DF16C0972E7002B00F0048118EEDB
:1095C000101A18AA5846FFF741FB00287FF45DAD3A
:1095D000DDE919030DF16C09411CA7E5022311AA6D
:1095E0001C931B9201210DF16C09084609F1080931
:1095F000411CBAE5102D40F3E582DDE919130F9403
:10960000084618EE104A07E000F1020C09F10809BB
:109610001046103D102D1DDD2549C9F80010421CD3
:1096200010331021072ACDE91923C9F80410EBDD06
:1096300018AA03B3214658460DF16C09FFF706FB43
:1096400000287FF422ADDDE91903103D102D00F153
:10965000010CE1DC0F9C6046154AC9F804502B440C
:109660000728CDE91903C9F8002000F3C18009F1EA
:109670000809411C46E518464FF0010C0DF16C0934
:10968000C7E77607199353D5069A0399541A002C05
:109690004EDD0DF16C09102C40F3B082199918EED3
:1096A000106A10250DE000BFEC2800207C6B002024
:1096B00048290020881C09F108091146103C102C8B
:1096C0001ADD4A1CB3481033072AC9E90005CDE961
:1096D0001923EFDD18AA33B331465846FFF7B6FA1F
:1096E00000287FF4D2ACDDE91913103C102C01F1F5
:1096F00001000DF16C09E4DCA64AC9F804402344DA
:109700000728CDE91903C9F800207FF759AD7BB1CF
:1097100018EE101A18AA5846FFF798FA00287FF496
:10972000B4AC1A9B4CE5012019460DF16C09C5E754
:10973000DDE9053203998A42ACBF9B185B1805939B
:1097400049E5B2F90C108F0518EE103A8AB23FF5D0
:10975000E8AA18EE105A986DFAF780FEB5F90C10C9
:109760008AB2FFF7DEBA002B3FF479AE18EE101A7A
:1097700018AA5846FFF76AFA00287FF486AC1999B0
:109780001A9B01310DF16C09F8E419920DF16C0985
:109790005EE4002F7FF4C3AB039E0027049744AC24
:1097A000FFF7C5BB039B13F0100354D1039A12F0CB
:1097B000400000F06B8107991A4651F8043B07916D
:1097C0009BB2012101E4099A002A64D118460121C3
:1097D0000DF16C09C9E4012118460DF16C09C4E4CE
:1097E0005B4262EB420203962D200121FFF7EEBBA4
:1097F000002B00F0888018EE101A18AA5846FFF7C0
:1098000025FA00287FF441ACDDE919030DF16C095C
:10981000411C77E498F800100793FFF7D2BA44ACE4
:10982000FFF785BB09F108090CF101016046A0E4CE
:1098300016F4007240F0978151F8043B0791FFF74E
:10984000C0BBB30500F1888152F8043B0792DA17D8
:109850001146FFF752BB079951F8043B07910121CC
:10986000FFF7B3BB079B059853F8041B0793C21778
:10987000C1E90002FFF77DBA0B9B002B3FF426AB3A
:109880000B9B1B78002B3FF421AB98F8001046F49B
:109890008066FFF796BA022311AA1C931B9201203F
:1098A0000DF16C09A2E6039671E53B4B0C9316F0A3
:1098B000200259D0079B073323F0070318465A6844
:1098C00050F8083B0790F40709D553EA020006D088
:1098D0008DF84510302146F002068DF8441026F42C
:1098E000806103910221FFF770BB2C4B0C93DEE7E4
:1098F000079B012153F8042B03918DF8AC200793AB
:1099000004912BACDFE49DF84320002A40F0328123
:10991000099A002A7FF462AE184601210DF16C0904
:1099200027E40021082216A81394FAF7DBF9791C22
:1099300000F0BC80002507942C460CE02BA958466B
:1099400001F0C8FD421C204400F06B81B84208DCE5
:1099500000F070810446139A525916AB0435002A60
:10996000ECD10494079CAFE016F0100307980CD1DB
:1099700016F0400405D01A4650F8043B07909BB2FD
:10998000A1E716F4007240F0E18050F8043B079024
:1099900099E700BF48290020EC280020BC310020B6
:1099A0000399049744AC9E4608EE90BA01F4806691
:1099B0004FF0000C234606E0BEF10A0F72F10002E0
:1099C00039D3A6462A46A6491EEB020040F1000004
:1099D0000F46A1FB001424F0030101EB9401401A8F
:1099E000BEEB00014FF0CC3562F1000405FB01F540
:1099F00007FB0455A1FB07410D44052704F00101B5
:109A0000A1FB071B09186408303103F8011C44EA64
:109A1000C5740CF1010C013B6D08002ECCD00B99E4
:109A200009786145C8D1BCF1FF0FC5D0BEF10A0F5E
:109A300072F100026CD21C4644AB1B1B049F039EB8
:109A4000049318EE90BAFFF772BA0396FFF762BA62
:109A50005846F9F72FFFFFF75BB9012903967FF40A
:109A6000CDACFFF75CBA079B059953F8042B116046
:109A70000793FFF77EB9062F3B46039A794C07926E
:109A800028BF062304930393FFF725BB039B079985
:109A900013F4007214BF51F8043B51F8043B0791D2
:109AA0001CBF0246DBB20121FFF78FBA16AB009351
:109AB0000023194613AA584601F032FD034601332C
:109AC000049000F0AE801394049B002B30D0632BE5
:109AD00063DC002308932BAC0822002116A8FAF7B8
:109AE00001F9049D16AB009313AA2B462146584654
:109AF00001F016FD854240F0AB80039B049A07936A
:109B00000023A3541F4622EAE2730393FFF716BA19
:109B10000E9A0D999B1A18460893FAF79BF90B9920
:109B2000089B4A780AB101310B914FF0000C48E7CD
:109B3000039B0793049B03931F460893FFF7FEB90B
:109B4000012118460DF16C09FFF713BB50F8043BD7
:109B500007902246DBB2B6E612F9043B0792DA1709
:109B60001146FFF7CAB951F8043B07910246DBB230
:109B7000FFF727BA01231C9301210DF143031B9327
:109B80000DF16C090B46FFF7CDBA079B059953F809
:109B9000042B07931180FFF7ECB8591C5846F9F7CE
:109BA000A1F8044600283CD0089095E7886DFAF7A4
:109BB00057FCFFF7E9B9039B0793CDE90377089FAB
:109BC000FFF7BCB919981A9B013045E5039B079331
:109BD0002046FAF731FE20EAE0732F460490039303
:109BE0000895FFF7ABB918EE101A18AA5846FFF7F8
:109BF0002DF800283FF436AAFFF74DBA1998013026
:109C00007AE58C466EE46B6ED90705D4AB899A056C
:109C100002D4A86DFAF724FC4FF0FF330593FFF749
:109C200049BA18EE102AB2F90C3043F04003938180
:109C3000FFF735BA079C049746E7079B98F8011091
:109C400053F8047B0793904647EAE777FFF7B9B8E4
:109C500018EE102A938943F040039381FFF715BA59
:109C6000CDCCCCCC0029002070B50C468989ADF54F
:109C70008E6D21F00201ADF81410616E1B91E18927
:109C8000ADF81610E1690991616A0B911CA9029166
:109C900006914FF4806106460491079118A80021AF
:109CA000CDE900320891FAF7D5FBDDE9003202A9CF
:109CB0003046FFF713F8051E07DB02A9304600F017
:109CC0000FF9002818BF4FF0FF35BDF814305B06C0
:109CD00003D5A38943F04003A3811898FAF7BCFB8E
:109CE00028460DF58E6D70BD70B500294BD0064627
:109CF0000C4610B1436B002B48D0636ED80734D5A7
:109D0000B4F90C30002B3ED02146304600F050F81C
:109D1000E36A054633B1E169304698470028B8BF89
:109D20004FF0FF35A3891A063CD4216B41B104F1F1
:109D30004003994202D03046FAF780FE00232363A5
:109D4000616C21B13046FAF779FE00236364F9F7BC
:109D5000CFFD636E0022DB07A2811FD5A06DFAF74D
:109D60007BFBF9F7CBFD284670BDA3899905CBD4C1
:109D7000A06DFAF773FBB4F90C30002BC4D1656EFB
:109D800015F0010505D00025284670BDF9F792FDB4
:109D9000B3E7A06DFAF764FB284670BDA06DFAF733
:109DA0005FFBDBE721693046FAF748FEBDE700BFFD
:109DB000B1F90C202DE9F0410C461107804647D43B
:109DC000636842F40062002BA2815EDDA56A002D6B
:109DD00058D00023D8F80060C8F8003093B212F4CD
:109DE000805256D10123E1694046A847431C67D001
:109DF000A389A56A5F0705D56368C01A236B0BB1F9
:109E0000E36BC01AE169024600234046A847411CA3
:109E100041D1D8F80030002B3DD01D2B01D0162B9E
:109E200056D1A3892269226023F400630021616076
:109E3000A381216BC8F8006021B304F1400399426B
:109E400002D04046FAF7FAFD00202063BDE8F08119
:109E50002669BEB193B2256826609A070CBF636974
:109E60000023AD1BA3600BE02B463246E169676A15
:109E70004046B847B0F1000CA5EB0C05664417DD71
:109E8000002DF1DC0020BDE8F081E36B002B9DDCB0
:109E9000F8E7206DAEE7B4F90C302269226023F4B4
:109EA0000063A3810022DB046260C2D52065C0E7A5
:109EB000A38943F040034FF0FF30A381BDE8F08158
:109EC000D8F80030002B93D01D2B06D0162B04D0D1
:109ED000A38943F04003A381D5E7C8F80060D1E728
:109EE00038B50C46054608B1436B03B3B4F90C0012
:109EF00088B1636EDB0701D481050FD52846214662
:109F0000FFF756FF636EDA07054602D4A3899B0567
:109F100008D5284638BD0546284638BDA06DFAF755
:109F20009DFAEBE7A06DFAF79BFA284638BDF9F7E2
:109F3000C1FCDBE79368002B00F085802DE9F04F32
:109F4000B1F90C300C461907804683B0174698B219
:109F500025D523691BB310F002033D682DD04FF0C7
:109F6000000ADFF8C0B25646B9465E45334652464F
:109F700028BF5B464046002E52D0E169676AB84769
:109F8000002856DDD9F808301B1A8244361AC9F861
:109F90000830002BE9D1002003B0BDE8F08F214646
:109FA000404600F0D5F9002840F03881B4F90C3073
:109FB0003D6898B210F00203D1D110F0010944D1EC
:109FC0004E46009746B38205D4F808B040F185802C
:109FD000B3455A4600F2B48010F4906F40F0C1804F
:109FE000206801924946F9F701FEA368019AA3EBA4
:109FF0000B012368A1601344B24623600026009A37
:10A000009368A3EB0A03D1449360002BC3D0B4F947
:10A010000C0080B2002ED6D1D5E900960835D1E7E4
:10A02000D5E900A60835A0E721464046FFF758FFCE
:10A0300088B3B4F90C3043F040034FF0FF30A381F4
:10A0400003B0BDE8F08F002070471E46BA4699461F
:10A05000184600951F4666B3002832D04A46D4E918
:10A0600004132068A568B24228BF3246884204D94A
:10A0700005EB030B5A4500F3A780934264DCE169CA
:10A08000656A3A464046A847B0F1000BD1DDB9EB0E
:10A090000B09C9D00120DAF80830A3EB0B035F44A9
:10A0A000A6EB0B06CAF80830002B3FF474AF002E65
:10A0B000D2D1009A5668134608320092002EF8D08A
:10A0C0001F6832460A21384600F04EFA002800F098
:10A0D0009C800130A0EB0709C0E720682369984203
:10A0E00016D86269B24213D86FF00043B34228BF5A
:10A0F0003346E16993FBF2F3676A02FB03F34046E0
:10A100004A46B847B0F1000A93DDA6EB0A0676E7A7
:10A11000B345DA4628BFB24652464946F9F766FDCE
:10A12000A3682268A3EB0A035244A3602260002BB9
:10A13000EBD121464046FFF7D3FE0028E5D078E773
:10A140002068B34632464CE739460192F9F74EFD96
:10A15000019AA3689B1AA360236813442360934663
:10A1600095E723682169A3EB010B636903EB430ABD
:10A170000AEBDA7A0BF101034FEA6A0A33445345DA
:10A18000524684BF9A46524643052CD51146404656
:10A19000F8F7A8FD00283BD05A4621690190F5F751
:10A1A000E5FCA289019B22F4906242F08002A28128
:10A1B00003EB0B002361AAEB0B03C4F814A0A3600C
:10A1C0002060B34632460CE739465A46F9F70EFD91
:10A1D00023685B44236021464046FFF781FE002848
:10A1E0003FF455AF25E74046F9F764F803460028E9
:10A1F000DED121694046FAF721FCB4F90C300C227B
:10A2000023F08003C8F8002015E7721C914626E76A
:10A210000C22B4F90C30C8F800200CE74FF0FF30E6
:10A22000BAE600BF00FCFF7F70B50E461446054637
:10A2300010B1436B002B2FD0636ED80702D4A389D3
:10A24000990520D5A368013B002BA36019DAA26908
:10A2500093420FDBF0B20A280CD023685A1C22600C
:10A2600005461E70636EDA0702D4A3899B050ED5DE
:10A27000284670BD28462246314600F011F80546B2
:10A28000F0E7F0B2E9E7A06DFAF7E8F8DAE7A06DD9
:10A29000FAF7E6F8284670BDF9F70CFBCCE700BFEB
:10A2A000F8B50D461446064610B1436B002B4CD052
:10A2B000B4F90C20A369A360170790B21BD52369DA
:10A2C000CBB1EDB281042F4622D522686169D31A41
:10A2D000994229DD0133A1680139A160511C216037
:10A2E000157062699A4227D0A389DB0701D50A2D30
:10A2F00022D03846F8BD2146304600F029F808BB88
:10A30000B4F90C20236990B2EDB281042F46DCD45D
:10A3100042F40052A281626E616922F400526266C8
:10A320002268D31A9942D5DC21463046FFF7D8FD82
:10A3300040B922680123CEE721463046FFF7D0FD21
:10A340000028D6D04FF0FF37D3E7F9F7B3FAAFE7DD
:10A3500038B5314B1B6805460C4613B15A6B002AC1
:10A360004ED0B4F90C3018079AB21CD5216929B324
:10A3700012F0010007D00020A06060694042A06197
:10A3800039B1002038BD950758BF6069A060002929
:10A39000F7D1120658BF0846F4D543F04003A38115
:10A3A0004FF0FF3038BDD1062ED5520714D42169A5
:10A3B00043F00803A3819AB20029D9D102F4207096
:10A3C000B0F5007FD4D02146284601F049F9B4F910
:10A3D0000C3021699AB2CBE7216B51B104F14002F4
:10A3E000914204D02846FAF729FBB4F90C30002238
:10A3F000226321690022C4E9001223F02403D7E775
:10A400001846F9F757FAACE7092243F040032A60EF
:10A410004FF0FF30A38138BD747900202DE9F0475B
:10A4200082B0824688461446F9F77EFF012803D1A0
:10A4300008F1FF33FE2B36D90DF10409424604F131
:10A440005C034946504601F045F8421C064632D0AE
:10A4500020B39DF804C0002509E023685A1C22603F
:10A4600083F800C00135B54218D219F801CFA368AE
:10A47000013B002BA360F0DAA769BB42614622468C
:10A48000504602DBBCF10A0FE7D1FFF709FF431C7E
:10A49000E8D10646304602B0BDE8F0874646304671
:10A4A00002B0BDE8F0875FFA88FC8DF804C006466C
:10A4B0000DF10409CFE7A389304643F04003A3819F
:10A4C00002B0BDE8F08700BF30B5536E13F0010F46
:10A4D000B2F90C30144683B005469AB201D1980502
:10A4E0001CD5900406D4626E43F4005342F400522B
:10A4F000A381626622462846FFF790FF636EDA0763
:10A50000054602D4A3899B0502D5284603B030BD79
:10A51000A06DF9F7A5FF284603B030BDA06D0191ED
:10A52000F9F79CFFB4F90C3001999AB2D9E700BF52
:10A5300071B1034600EB010C01E0634506D01A46F9
:10A54000013311780029F8D1101A7047181A704792
:10A550000846704700487047DC7400200000000087
:10A56000000000000000000001F0FF01102A2BDBBA
:10A5700010F0070F08D010F8013B013A8B422DD0A4
:10A5800010F0070F42B3F6D1F0B441EA012141EADD
:10A59000014122F007047FF000070023F0E8025693
:10A5A000083C85EA010586EA010685FA47F5A3FA23
:10A5B00087F586FA47F6A5FA87F68EB9EED1F0BC94
:10A5C00001F0FF0102F0070232B110F8013B013A3D
:10A5D00083EA010313B1F8D10020704701387047B6
:10A5E000002D06BF35460338073815F0010F07D197
:10A5F000013015F4807F02BF013015F4C03F0130F7
:10A60000F0BC0138704700BF30B482B08DED000B54
:10A61000019A194C22F000430021A342016021DC81
:10A62000009C1C431ED0154C144054B99FED107B68
:10A6300020EE077B8DED007B019A6FF0350122F053
:10A64000004322F0FF42DDE9004522F4E00242F03F
:10A650007F551B1545F40015A3F2FE33CDE90045E7
:10A660000B4403609DED000B02B030BC704700BF8F
:10A670000000000000005043FFFFEF7F0000F07F6C
:10A6800000B50B4C25681446EE681A4685B00346A3
:10A690000D464CB107490095CDE9011430460649F5
:10A6A00000F04AFFF6F72CF804490C46F3E700BF28
:10A6B0007479002094260020A4260020683D002004
:10A6C0002DE9F04F03690C69A34283B0C0F2878083
:10A6D000013C01F11405A30000F11408009355F8A2
:10A6E000243058F82420013381469A4208EB840034
:10A6F00005EB84070190B2FBF3F63BD34FF0000C5F
:10A70000AE464046E24663465EF804BB02681FFA66
:10A710008BFC06FB0C334FEA134C4FEA1B4B06FB3A
:10A720000BCC9BB2AAEB03031FFA8CFA13FA82F349
:10A73000CAEB124202EB23429BB243EA0243774543
:10A7400040F8043B4FEA224A4FEA1C43DCD2009B0C
:10A7500058F8033073B9019B043B984504D307E0D4
:10A76000984504F1FF3403D253F80429002AF7D0A6
:10A77000C9F810404846FAF703FD00282BDB0136E4
:10A780004146002355F8040BD1F800C082B29A1A52
:10A79000030C12FA8CF2C3EB1C4303EB224392B27C
:10A7A00042EA0342AF4241F8042B4FEA2343E9D285
:10A7B00058F8242008EB84036AB9043B984504D375
:10A7C00007E0984504F1FF3403D253F80429002A26
:10A7D000F7D0C9F81040304603B0BDE8F08F002034
:10A7E00003B0BDE8F08F00BF2DE9F04F2DED028BD7
:10A7F0008FB08DED020B0191816B1A9D059357EC83
:10A80000106B0446934641B1C26B4A6001239340EA
:10A810008B60FAF755FA0023A363B7F10008B4BFC1
:10A82000012300232B60BE4BBCBF28F00048CDF8AD
:10A830000C8033EA080300F09F809DED028BB5EE9B
:10A84000408BF1EE10FA11D1059A012313601B9B86
:10A85000002B00F03F82B34B1B9A1360013B009327
:10A8600000980FB0BDEC028BBDE8F08F0CAA0DA9CB
:10A870002046B0EE480BFAF74FFD5FEA1853054645
:10A8800040F09280DDE90C130B4403F23242202A9F
:10A8900040F3FA82C2F1400208FA02F803F21242CF
:10A8A000D64048EA060207EE102AB8EE477B581E4B
:10A8B00017EE906A53EC172B4FF0010AA6F1F873CC
:10A8C0009FED913B9FED927B9FED935B06EE900A8F
:10A8D00043EC122BB8EEE64BB7EE086B32EE466B4C
:10A8E000A6EE037BA4EE057BFDEEC76BB5EEC07B49
:10A8F000F1EE10FA16EE907A08D5B8EEE66BB4EEEB
:10A90000476BF1EE10FA18BF07F1FF37162F00F270
:10A910004581854B03EBC70393ED007BB4EEC78BFA
:10A92000F1EE10FA57D5091A0023B1F1010807F129
:10A93000FF370A9300F1398100230693002F52DA82
:10A94000069B0497DB1B06937B420893019B092B14
:10A950004FF000074ED8052B40F39D82043B019336
:10A960000026019B9A1E032A00F22581DFE812F0DF
:10A97000AA03A7039D037E03059AC8F3130842F2B6
:10A980000F7358EA060813601ED11B9B002B00F0C2
:10A990009185664B009308331B9A009813600FB0A3
:10A9A000BDEC028BBDE8F08F18EE906AC6F313067B
:10A9B000A3F2FF3053EC182B46F07F530C994FF065
:10A9C000000A43F440137BE71B9B002B40F03B83C2
:10A9D000574B009344E7091A0023B1F101080A9389
:10A9E00000F1E380069300230893019B0497092B51
:10A9F000B844B0D900230126019307964FF0FF39E0
:10AA00009B460021E163CDF82C902046FAF732F9FD
:10AA10000090002800F04085009BA363B9F10E0F61
:10AA200000F2DC80002E00F0D980049B002B40F364
:10AA3000DE833D4A03F00F0102EBC10292ED007B81
:10AA40001A11DB0540F182833A4991ED086B02F05F
:10AA50000F02032088EE065B5AB13649D60704D5AB
:10AA600091ED006B013027EE067B521001F10801D9
:10AA7000F4D185EE076B0A9B3BB1B7EE007BB4EED9
:10AA8000C76BF1EE10FA00F1AE8407EE900AB8EE53
:10AA9000E75BB1EE0C7BA5EE067B17EE902A51EC3E
:10AAA000170BA2F15071B9F1000F00F08883049EDA
:10AAB0004A46079B002B00F04784B6EE003B1A4B3A
:10AAC000FDEEC64B03EBC20CB8EEE47B36EE477BE3
:10AAD0001CED026B83EE065B41EC160B14EE900A44
:10AAE00035EE465B0099B4EEC75B3030F1EE10FAFC
:10AAF00001F8010B00F3AC84B7EE002BB2EE044B6F
:10AB00004FF0000C31E000BF61436F63A787D23F75
:10AB1000B3C8608B288AC63FFB799F501344D33F4C
:10AB20000000F07F3D220020180B0020702800203C
:10AB30007C280020F00A00200CF1010C94454DDA2D
:10AB400027EE047B25EE045BFDEEC76B16EE903A14
:10AB5000B8EEE63B303337EE437BB4EEC57BF1EE27
:10AB600010FA01F8013B00F1738432EE476BB4EE4A
:10AB7000C56BF1EE10FADFD5009A049602E08A4226
:10AB800000F05084894611F8013D392BF7D001338C
:10AB9000DBB20B70049B0133049355E1091A0123C6
:10ABA000B1F101080A937FF5C7AEC1F10103069325
:10ABB0004FF00008C2E60026E66331462046FAF769
:10ABC00059F80090002800F06784009BA3634FF0C1
:10ABD000FF330B9399460123B34607930D9A002A3E
:10ABE00055DB04990E2952DCB74BBBF1000F03EB88
:10ABF000C10393ED006B15DAB9F1000F12DC40F0E0
:10AC0000F282B1EE047B26EE077BB4EEC78BF1EE49
:10AC100010FACA464E4600F26D82DDF800806FEAF7
:10AC20000B0B70E288EE067BBDEEC77B009917EE3A
:10AC3000103AB9F1010F03F13003B8EEC75B01F828
:10AC4000013BA5EE468B00F03483B2EE044B0123AA
:10AC500011E088EE067BBDEEC77B013317EE102AAC
:10AC60004B4502F13002B8EEC75B01F8012BA5EEAF
:10AC7000468B00F01E8328EE048BB5EE408BF1EE80
:10AC800010FAE6D1049B013304938946DCE0079B6C
:10AC900043B3019B012B40F37682089B09F1FF3AF5
:10ACA000534580F23F82089BCDF820A0AAEB030217
:10ACB00017444FF0000AB9F1000FC0F22583069B3C
:10ACC00009934B44C844069301212046FAF7A4F89F
:10ACD00006460CE07D4B009300980FB0BDEC028B54
:10ACE000BDE8F08F069BDDF820A0079E0993099B25
:10ACF0006BB1B8F1000F0ADD434506991A46A8BFAB
:10AD00004246891A9B1A06910993A8EB0208089BF0
:10AD100063B1079B002B00F0A782BAF1000F00F38C
:10AD20000482089BB3EB0A0240F0FF820121204617
:10AD3000FAF772F8002F824600F3AF80019B012BD7
:10AD400040F38781002308930120002F40F0B18059
:10AD5000404410F01F0000F07A81C0F12002042A64
:10AD600000F3888040F0F681069B002B05DD294624
:10AD70001A462046FAF78CF90546B8F1000F05DDB2
:10AD8000514642462046FAF783F982460A9B002B39
:10AD900040F03F81B9F1000F40F32581079B002B64
:10ADA00040F0A380049B01330493DDF80080012769
:10ADB00007E0294600230A222046F9F78BFF0137D6
:10ADC000054651462846FFF77BFCB94500F13000A7
:10ADD00008F8010BEDDCB9F1000F009ACCBFCB46AF
:10ADE0004FF0010B034693440027294601222046D9
:10ADF0000193FAF74DF951460546FAF7C1F90028D3
:10AE000040F3AF811BF8013C009A0BF1FF3B04E0DB
:10AE10005A4500F0B1811BF8013D392B0BF10109B6
:10AE2000F6D001338BF8003051462046F9F748FF41
:10AE300056B12FB1B74203D039462046F9F740FF4B
:10AE400031462046F9F73CFF29462046F9F738FFFE
:10AE5000002389F80030DDE904231A601B9B002BD6
:10AE60003FF4FEAC0098C3F800900FB0BDEC028B2D
:10AE7000BDE8F08FC0F11C00069B03440693099BBC
:10AE80000344099380446FE7C2F1200206FA02F2FC
:10AE900007EE102A09E5012663E501463A462046F9
:10AEA000FAF796F8019B012B824640F3C5810023F7
:10AEB0000893DAF810200AEB82021069F9F75CFFB8
:10AEC000C0F1200044E700BF180B00203C22002006
:10AED000314600230A222046F9F7FCFE0B9B002B8B
:10AEE000064640F3CE8204979946099B002B05DD68
:10AEF00031461A462046FAF7CBF80646089B002B47
:10AF000040F0EB81B046029B009F03F001027B1EE4
:10AF10004B440893019B0A921343099351462846D8
:10AF2000FFF7CEFB314683462846FAF729F9424619
:10AF3000514681462046FAF745F9C26801460BF1B1
:10AF40003003002A42D1CDE906032846FAF718F962
:10AF5000069902902046F9F7B3FE029A079B1AB9A8
:10AF60000999002900F07E82B9F1000FC0F28381B7
:10AF7000019949EA01090A9951EA090900F07B811E
:10AF8000002A00F3C681089A3B7007F10109974235
:10AF9000CB4600F0C481294600230A222046F9F757
:10AFA00099FE4645054631464FF000034FF00A0230
:10AFB000204612D0F9F78EFE4146064600230A22AB
:10AFC0002046F9F787FE4F468046A7E720460293C2
:10AFD000F9F776FE029B0122C6E7F9F77BFE4F46A2
:10AFE000064680469AE7019B022B71DC079B002BEB
:10AFF0007FF47BAF049B5146013328460493FFF74F
:10B000005FFBDDF800B000F130030BF8013B0027D7
:10B01000EBE651462846FAF7B3F80028BFF6BAAE79
:10B02000294600230A222046F9F754FE049B5F1E9E
:10B03000079B0546002B7FF44BAF0B9B002B40F387
:10B0400018829946B1E6BC4B00930333A4E41C205C
:10B0500012E7DDE9020100287FF474AEC1F31302A8
:10B06000002A00F0F480029B08936DE60123079309
:10B07000049B5B4403F10109B9F1010FCC460B932A
:10B08000B8BF4FF0010C0021BCF1170FE1637FF74F
:10B09000BCAC01200422520002F1140363450146B6
:10B0A00000F10100F7D9E163AFE401230793BBF19D
:10B0B000000F52DDCDF82CB0D946DC46E3E7002383
:10B0C0000793D5E700230793F1E7DDF82C90049769
:10B0D000B9F1000F7FF4A1AD51464B460522204641
:10B0E000F9F7F8FD014682462846FAF749F80028A4
:10B0F0007FF793AD049B03F1010B009B312298462F
:10B1000003F8012B009351462046F9F7D9FD0BF1C6
:10B110000103DDF800900493CDF80080002E7FF449
:10B120008FAE91E6A3EB0A0AC5E5314652462046AA
:10B13000F9F74EFF2A46014606462046F9F79AFEE1
:10B14000294605462046F9F7BBFDEAE50220B0EEA8
:10B15000485B81E4C0F13C008EE64FF0010BD9461C
:10B160004FE403D1019BDB073FF54CAED9461BF8FA
:10B17000013D302BFAD057E6049B009A013304932B
:10B180003123137050E6BAF1000F00F0238102F270
:10B190003342069B09931344DDF820A006939044A4
:10B1A00092E507EE900AB1EE0C5BB8EEE77BA6EEF7
:10B1B000075B15EE902A51EC150BA2F1507141EC92
:10B1C000150BB1EE047B36EE477BB4EEC57BF1EE9A
:10B1D00010FA00F33781B1EE455BB4EEC57BF1EEBA
:10B1E00010FA7FF5FBAC4FF0000A564615E500F06B
:10B1F000F580049B51495A4202F00F0001EBC00157
:10B2000091ED006B121128EE066B00F04281B0EE5A
:10B21000467B4B4900260220D30705D591ED005B04
:10B220000130012627EE057B521001F10801F3D110
:10B23000002E06FE076B1EE4029B002B7FF437AE48
:10B24000DDE90201C1F31302002A40F037813D4AD3
:10B250000A40002A00F0FA80069B0133069301237E
:10B2600008F1010808936FE52946089A2046F9F786
:10B27000AFFE05465AE5002A12DD29460122204686
:10B280000193F9F705FF51460546F9F779FF0028C4
:10B29000019B40F3E180392B00F0CA800BF13103B0
:10B2A000B94609F8013B049B0133374604934646EF
:10B2B000BAE538EE088BB4EEC68BF1EE10FA0ADC74
:10B2C000B4EE468BF1EE10FA7FF4DCAC17EE103AD8
:10B2D000D8077FF5D7AC009A54E471682046F9F797
:10B2E000C9FC0746002800F0DE80336902339A006B
:10B2F00006F10C010C30F4F739FC394601222046E6
:10B30000F9F7C6FE8046FEE5069BA3EB0903099309
:10B31000DAE4392B00F08C80B9460133C1E7049A96
:10B3200001323746049246465FE529462046F9F742
:10B330004FFE0546FAE400BF7C280020180B0020D1
:10B34000F00A00200000F07F5E4BFDEEC65B03EBD1
:10B35000C20C1CED023BB8EEE57B36EE477B41ECC0
:10B36000160B15EE901A23EE063B00983031012A99
:10B3700000F8011B00F08380B2EE044B009B99188B
:10B3800027EE047BFDEEC76B16EE903A303300F8E3
:10B39000013B8142B8EEE65B37EE457BF0D1B6EE7D
:10B3A000006B33EE065BB4EEC75BF1EE10FA3FF5CF
:10B3B000E3AB36EE436BB4EEC76BF1EE10FA7FF7FA
:10B3C0000DAC8946013919F8013C302BF9D0731CBA
:10B3D000049339E50C9AC2F13602DAE60220B0EEA7
:10B3E000486BFFF748BBB9F1000F3FF4DAAE0B9A98
:10B3F000002A7FF7F3ABB2EE044B26EE046B01306C
:10B4000007EE900A049BB8EEE75BB1EE0C7BA6EE6C
:10B41000057B17EE90CA51EC170B5E1EACF1507114
:10B42000FFF747BB049B013304933123FFF7B1BB04
:10B43000049BBB4601330493392337460BF8013B89
:10B440004646E1E44FF0000A564653E608927BE494
:10B45000731C04938946F7E47FF422AFDA077FF583
:10B460001FAF18E7392BE3D0B9F1000F3FF716AF44
:10B4700016E7019B022B3FF728AE0497BAE5014679
:10B480008DE7019B022B3FF720AEDDF82C9004974F
:10B490002BE50220FFF7EFBA0B4B0C48002240F2DD
:10B4A000AF11FFF7EDF8084B08483A4640F2EF219C
:10B4B000FFF7E6F8064B0093FFF7D2B9029B08931B
:10B4C000F7E400BF180B0020D426002080280020BD
:10B4D0007028002070B5054684B05BB11C4669B188
:10B4E0000E4B2846D3F8E0602346B047431C0FD0EC
:10B4F00004B070BD00F582740029F1D1074A2346DB
:10B50000D2F8E06028460A4601A9B047431CEFD1B3
:10B5100000228A2322602B6004B070BDEC730020EF
:10B5200010B582B0049CCDE900344FF0FF3300F039
:10B53000AFF902B010BD00BF0EB410B583B005ABBB
:10B54000064C53F8042B019301462068FDF7C6FB17
:10B5500003B0BDE8104003B0704700BF747900200D
:10B560002DE9F04F9368176883B09246002B70D096
:10B5700081468A6808680C46083743E0A38913F4BB
:10B58000906F2ED0D4E90416A0EB010806EB460616
:10B5900006EBD67608F1010076102844B042324618
:10B5A00084BF064632465B0537D511464846F7F755
:10B5B00099FB019000283AD042462169F4F7D6FA67
:10B5C000A289019B22F4906242F08002A281A6EB44
:10B5D000080203EB08006661A260236120602E462A
:10B5E000A84642465946F8F701FBDAF80830A26847
:10B5F0002068921B40445B1BA2602060CAF80830A0
:10B600003BB3083757E902B5002DFAD0AA421646D7
:10B610009046B3D92E46A846E3E74846F7F74AFED8
:10B6200003460028D3D121694846F9F707FAA389D0
:10B630000C2243F04003C9F800204FF0FF30A381F3
:10B6400000220023CAF80820CAF8043003B0BDE87D
:10B65000F08F00200023CAF8043003B0BDE8F08F5B
:10B660002DE9F0418B890C46990796B008D504F175
:10B6700043030122C4E90432236016B0BDE8F0811F
:10B68000B4F90E100029064625DB6A4600F054F88E
:10B6900000281FDB019D05F47045A5F50055B5FA9E
:10B6A00085F54FF480686D094FF4006741463046D8
:10B6B000F7F718FBE0B1B4F90C30C4F8148043F08C
:10B6C000800320602061A38135BB3B43A38116B07A
:10B6D000BDE8F081A38913F0800519D04FF0400830
:10B6E0000025414630462F46F7F7FCFA0028E2D104
:10B6F000B4F90C309A05C0D423F0030304F14302DB
:10B7000043F002030121C4E90421A3812260B4E7CC
:10B710004FF480682F46C9E7B4F90E10304600F0A8
:10B7200021F810B9B4F90C30CFE7A38923F0030353
:10B7300043F001031BB2C8E770B50C46084D034641
:10B740000026204611461C462E60F4F7CDFF431C10
:10B7500000D070BD2B68002BFBD0236070BD00BFF4
:10B76000F407012038B5074D0022044608462A6038
:10B77000F4F7C0FF431C00D038BD2B68002BFBD072
:10B78000236038BDF40701202DE9F04F8BB0DDE9CF
:10B79000158A149F0391814605921E46B8F1000F49
:10B7A0005CD0039B002B5ED0059B1D68002F6AD0E8
:10B7B000741E4EB3039B0493043D002601950BE0D9
:10B7C000039B2BBB019B1A68002A3AD0BC455CD274
:10B7D000013C631C664617D0D8F800300293019BE9
:10B7E000DAF8E05053F8042F019307A9434648467E
:10B7F000D8F804B0A847421C3AD000EB060CBC4570
:10B80000DED9029BC8E9003B30460BB0BDE8F08FA3
:10B8100000280EDD049B019D18445A1E07A900F163
:10B82000FF3E11F8013B02F8013F7245F9D1019545
:10B830000490059B1A6804321A60019B1A68002A5A
:10B84000C4D1039B0BB1059B1A600CF1FF3600229B
:10B850003046C8F800200BB0BDE8F08F039B00F520
:10B860008678002BA0D1059B4FF0FF371D689FE71E
:10B8700006468A2100223046C9F80010C8F8002088
:10B880000BB0BDE8F08F3E46BEE76646BCE700BFA2
:10B8900010B584B0054C06980090079801900448B4
:10B8A00000680294FFF770FF04B010BDEC73002035
:10B8B00074790020000000005FF800F085C301608B
:10B8C0005FF800F0611A02605FF800F03522026054
:10B8D0005FF800F0892202605FF800F065D3016034
:08B8E000000000000000000060
:04B8E800F8B500BFF0
:08B8EC001470FF7F0100000051
:10B8F4000000000000000000000000000000000044
:10B904000000000000000000000000000000000033
:10B914000000000000000000000000000000000023
:10B924000000000000000000000000000000000013
:10B934000000000000000000000000000000000003
:10B9440000000000000000000000000000000000F3
:10B9540000000000000000000000000000000000E3
:10B9640000000000000000000000000000000000D3
:10B9740000000000000000000000000000000000C3
:10B9840000000000000000000000000000000000B3
:10B9940000000000000000000000000000000000A3
:10B9A4000000000000000000000000000000000093
:10B9B4000000000000000000000000000000000083
:10B9C4000000000000000000000000000000000073
:10B9D4000000000000000000000000000000000063
:10B9E4000000000000000000000000000000000053
:10B9F4000000000000000000000000000000000043
:10BA04000000000000000000000000000000000032
:10BA14000000000000000000000000000000000022
:10BA24000000000000000000000000000000000012
:10BA34000000000000000000000000000000000002
:10BA440000000000000000000000000000000000F2
:10BA540000000000000000000000000000000000E2
:10BA640000000000000000000000000000000000D2
:10BA740000000000000000000000000000000000C2
:10BA840000000000000000000000000000000000B2
:10BA940000000000000000000000000000000000A2
:10BAA4000000000000000000000000000000000092
:10BAB4000000000000000000000000000000000082
:10BAC4000000000000000000000000000000000072
:10BAD4000000000000000000000000000000000062
:10BAE4000000000000000000000000000000000052
:10BAF4000000000000000000000000000000000042
:10BB04000000000000000000000000000000000031
:10BB14000000000000000000000000000000000021
:10BB24000000000000000000000000000000000011
:10BB34000000000000000000000000000000000001
:10BB440000000000000000000000000000000000F1
:10BB540000000000000000000000000000000000E1
:10BB640000000000000000000000000000000000D1
:10BB7400FE822B6547156740000000000000384333
:10BB84000000FAFE422E76BF3A3B9EBC9AF70CBDEB
:10BB9400BDFDFFFFFFFFDF3F3C5455555555C53FE5
:10BBA400912B17CF5555A53F17D0A4671111813F8D
:10BBB400000000000000C842EF39FAFE422EE63FC2
:10BBC40024C482FFBDBFCE3FB5F40CD7086BAC3F95
:10BBD400CC5046D2ABB2833F843A4E9BE0D7553F1C
:10BBE4000000000000000000000000000000F03F22
:10BBF4006EBF881A4F3B9B3C3533FBA93DF6EF3FA4
:10BC04005DDCD89C136071BC6180773E9AECEF3F99
:10BC1400D16687107A5E90BC857F6EE815E3EF3FAE
:10BC240013F6673552D28C3C748515D3B0D9EF3FE7
:10BC3400FA8EF92380CE8BBCDEF6DD296BD0EF3F84
:10BC440061C8E6614EF7603CC89B751845C7EF3F75
:10BC540099D3335BE4A3903C83F3C6CA3EBEEF3F63
:10BC64006D7B835DA69A973C0F89F96C58B5EF3FBD
:10BC7400FCEFFD921AB58E3CF747722B92ACEF3F66
:10BC8400D19C2F703DBE3E3CA2D1D332ECA3EF3FFA
:10BC94000B6E908934036ABC1BD3FEAF669BEF3FE7
:10BCA4000EBD2F2A525695BC515B12D00193EF3F23
:10BCB40055EA4E8CEF8050BCCC316CC0BD8AEF3F4E
:10BCC40016F4D5B923C991BCE02DA9AE9A82EF3FF1
:10BCD400AF555CE9E3D3803C518EA5C8987AEF3F19
:10BCE4004893A5EA151B80BC7B517D3CB872EF3F9D
:10BCF4003D32DE55F01F8FBCEA8D8C38F96AEF3F78
:10BD0400BF53133F8C898B3C75CB6FEB5B63EF3F69
:10BD140026EB11769CD996BCD45C0484E05BEF3F9F
:10BD2400602F3A3EF7EC9A3CAAB968318754EF3F4A
:10BD34009D3886CB82E78FBC1DD9FC22504DEF3F46
:10BD44008DC3A644416F8A3CD68C62883B46EF3F44
:10BD54007D04E4B0057A803C96DC7D91493FEF3F59
:10BD640094A8A8E3FD8E963C3862756E7A38EF3F4E
:10BD74007D4874F2185E873C3FA6B24FCE31EF3F48
:10BD8400F2E71F982B47803CDD7CE265452BEF3FB3
:10BD94005E08713F7BB896BC8163F5E1DF24EF3F19
:10BDA40031AB096DE1F7823CE1DE1FF59D1EEF3FEB
:10BDB400FABF6F1A9B213DBC90D9DAD07F18EF3FB0
:10BDC400B40A0C7282378B3C0B03E4A68512EF3F56
:10BDD4008FCBCE8992146E3C562F3EA9AF0CEF3F09
:10BDE400B6ABB04D754D833C15B7310AFE06EF3F37
:10BDF4004C74ACE20142863C31D84CFC7001EF3FFC
:10BE04004AF8D35D39DD8F3CFF1664B208FCEE3F7F
:10BE1400045B8E3B80A386BCF19F925FC5F6EE3F28
:10BE240068504BCCED4A92BCCBA93A37A7F1EE3F10
:10BE34008E2D511BF80799BC66D8056DAEECEE3F0C
:10BE4400D236943EE8D171BCF79FE534DBE7EE3F90
:10BE5400151BCEB3191999BCE5A813C32DE3EE3F06
:10BE64006D4C2AA7489F853C2234124CA6DEEE3F37
:10BE74008A69287A601293BC1C80AC0445DAEE3FD0
:10BE84005B8917488FA758BC2A2EF7210AD6EE3FA4
:10BE94001B9A49679B2C7CBC97A850D9F5D1EE3FDF
:10BEA40011ACC260ED63433C2D89616008CEEE3F66
:10BEB400EF64063B0966963C57001DED41CAEE3F10
:10BEC4007903A1DAE1CC6E3CD03CC1B5A2C6EE3F09
:10BED40030120F3F8EFF933CDED3D7F02AC3EE3FE0
:10BEE400B0AF7ABBCE90763C272A36D5DABFEE3F88
:10BEF40077E054EBBD1D933C0DDDFD99B2BCEE3FE4
:10BF04008EA3710034948FBCA72C9D76B2B9EE3FFA
:10BF140049A393DCCCDE87BC4266CFA2DAB6EE3FFF
:10BF24005F380FBDC6DE78BC824F9D562BB4EE3F02
:10BF3400F65C7BEC461286BC0F925DCAA4B1EE3F60
:10BF44008ED7FD180535933CDA27B53647AFEE3F5B
:10BF5400059B8A2FB7987B3CFDC797D412ADEE3F63
:10BF640009541CE2E163903C295448DD07ABEE3FE1
:10BF7400EAC6195085C7343CB746598A26A9EE3F0C
:10BF840035C0642BE632943C4821AD156FA7EE3FD3
:10BF94009F7699614AE48CBC09DC76B9E1A5EE3F51
:10BFA400A84DEF3BC5338CBC85553AB07EA4EE3F1B
:10BFB400AEE92B89785384BC20C3CC3446A3EE3F2E
:10BFC40058585678DDCE93BC2522558238A2EE3FD0
:10BFD40064197E80AA10573C73A94CD455A1EE3F36
:10BFE40028225EBFEFB393BCCD3B7F669EA0EE3F9D
:10BFF40082B93487AD126ABCBFDA0B7512A0EE3F6A
:10C00400EEA96DB8EF6763BC2F1A653CB29FEE3F93
:10C014005188E0543DDC80BC849451F97D9FEE3F0F
:10C02400CF3E5A7E641F78BC745FECE8759FEE3F88
:10C03400B07D8BC04AEE86BC7481A5489A9FEE3FC2
:10C044008AE6551E321986BCC9674256EB9FEE3FFD
:10C05400D3D4095ECB9C903C3F5DDE4F69A0EE3F9C
:10C064001DA54DB9DC327BBC8701EB7314A1EE3FF7
:10C074006BC06754FDEC943C32C13001EDA1EE3F3E
:10C08400556CD6ABE1EB653C624ECF36F3A2EE3F86
:10C0940042CFB32FC5A188BC121A3E5427A4EE3F49
:10C0A40034373BF1B66993BC13CE4C9989A5EE3F66
:10C0B4001EFF193A845E80BCADC723461AA7EE3F23
:10C0C4006E5772D850D494BCED92449BD9A8EE3FDD
:10C0D400008A0E5B67AD903C99668AD9C7AAEE3F89
:10C0E400B4EAF0C12FB78D3CDBA02A42E5ACEE3FA9
:10C0F400FFE7C59C60B665BC8C44B51632AFEE3F15
:10C10400445FF35983F67B3C36771599AEB1EE3F25
:10C11400833D1EA71F0993BCC6FF910B5BB4EE3F82
:10C12400291E6C8BB8A95DBCE5C5CDB037B7EE3F11
:10C1340059B9907CF9236CBC0F52C8CB44BAEE3F7A
:10C14400AAF9F422434392BC504EDE9F82BDEE3FD7
:10C154004B8E66D76CCA85BCBA07CA70F1C0EE3F75
:10C1640027CE912BFCAF713C90F0A38291C4EE3F9B
:10C17400BB730AE135D26D3C2323E31963C8EE3F58
:10C184006322622204C587BC65E55D7B66CCEE3F15
:10C19400D531E2E3861C8B3C332D4AEC9BD0EE3F39
:10C1A40015BBBCD3D1BB91BC5D253EB203D5EE3FDC
:10C1B400D231EE9C31CC903C58B330139ED9EE3F33
:10C1C400B35A736E8469843CBFFD79556BDEEE3FD0
:10C1D400B49D8E97CDDF82BC7AF3D3BF6BE3EE3F81
:10C1E4008733CB92771A8C3CADD35A999FE8EE3FB4
:10C1F400FAD9D14A8F7B90BC66B68D2907EEEE3F03
:10C20400BAAEDC56D9C355BCFB154FB8A2F3EE3F0A
:10C2140040F6A63D0EA490BC3A59E58D72F9EE3F66
:10C224003493AD38F4D668BC475EFBF276FFEE3F3C
:10C23400358A586BE2EE91BC4A06A130B005EF3F57
:10C24400CDDD5F0AD7FF743CD2C14B901E0CEF3F8B
:10C25400AC9892FAFBBD91BC091ED75BC212EF3FAA
:10C26400B30CAF30AE6E733C9C5285DD9B19EF3F2F
:10C2740094FD9F5C32E38E3C7AD0FF5FAB20EF3FAE
:10C28400AC5909D18FE0843C4BD1572EF127EF3FB5
:10C29400671A4E38AFCD633CB5E706946D2FEF3F78
:10C2A4006819926C2C6B673C6990EFDC2037EF3F88
:10C2B400D2B5CC83188A80BCFAC35D550B3FEF3FDF
:10C2C4006FFAFF3F5DAD8FBC7C89074A2D47EF3F76
:10C2D40049A97538AE0D90BCF2890D08874FEF3F20
:10C2E400A7073DA685A3743C87A4FBDC1858EF3F41
:10C2F4000F2240209E9182BC9883C916E360EF3FD1
:10C30400AC92C1D5505A8E3C8532DB03E669EF3FCF
:10C314004B6B01AC593A843C60B401F32173EF3F99
:10C324001F3EB40721D582BC5F9B7B33977CEF3FD4
:10C33400C90D473BB92A89BC29A1F5144686EF3FAC
:10C34400D3883A6004B6743CF63F8BE72E90EF3FF7
:10C3540071729D51ECC5833C834CC7FB519AEF3FEE
:10C36400F091D38F12F78FBCDA90A4A2AFA4EF3F61
:10C374007D7423E298AE8DBCF1678E2D48AFEF3FFC
:10C384000820AA41BCC38E3C275A61EE1BBAEF3F7A
:10C3940032EBA9C3942B843C97BA6B372BC5EF3F80
:10C3A400EE85D131A9648A3C40456E5B76D0EF3F7F
:10C3B400EDE33BE4BA378EBC14BE9CADFDDBEF3F2E
:10C3C4009DCD914D3B89773CD8909E81C1E7EF3F4D
:10C3D40089CC6041C105533CF1718F2BC2F3EF3F0F
:10C3E4000080E03779C34143176E05B5B5B893466D
:10C3F400F5F93FE9034F384D321D30F94877825A39
:10C404003CBF737FDD4F1575000000000000F03F56
:10C41400000000000000244000000000000059401B
:10C424000000000000408F40000000000088C3406E
:10C4340000000000006AF8400000000080842E41E3
:10C4440000000000D01263410000000084D797412F
:10C454000000000065CDCD41000000205FA0024235
:10C46400000000E876483742000000A2941A6D42AA
:10C47400000040E59C30A2420000901EC4BCD6429D
:10C4840000003426F56B0C430080E03779C3414348
:10C4940000A0D8855734764300C84E676DC1AB43BE
:10C4A400003D9160E458E143408CB5781DAF1544DC
:10C4B40050EFE2D6E41A4B4492D54D06CFF08044B7
:10C4C400F64AE1C7022DB544B49DD9794378EA44CC
:10C4D4000038FAFE422EE63F3067C79357F32E3DED
:10C4E400000000000000E0BF605555555555E5BFFC
:10C4F400060000000000E03F4E5559999999E93F24
:10C504007AA429555555E5BFE945489B5B49F2BFD7
:10C51400C33F268B2B00F03F0000000000A0F63F35
:10C52400000000000000000000C8B9F2822CD6BF51
:10C534008056372824B4FA3C000000000080F63FFF
:10C544000000000000000000000858BFBDD1D5BFA6
:10C5540020F7E0D808A51CBD000000000060F63FED
:10C564000000000000000000005845177776D5BF92
:10C574006D50B6D5A46223BD000000000040F63F14
:10C58400000000000000000000F82D87AD1AD5BFA0
:10C59400D567B09EE484E6BC000000000020F63FAE
:10C5A4000000000000000000007877955FBED4BF53
:10C5B400E03E2993691B04BD000000000000F63F23
:10C5C400000000000000000000601CC28B61D4BFAA
:10C5D400CC844C482FD8133D0000000000E0F53F08
:10C5E400000000000000000000A886863004D4BFCC
:10C5F4003A0B82EDF342DC3C0000000000C0F53F42
:10C604000000000000000000004869554CA6D3BF9C
:10C6140060945186C6B1203D0000000000A0F53FA3
:10C6240000000000000000000080989ADD47D3BF9E
:10C634009280C5D44D59253D000000000080F53F8F
:10C6440000000000000000000020E1BAE2E8D2BFD0
:10C65400D82BB7991E7B263D000000000060F53FF3
:10C6640000000000000000000088DE135A89D2BFD9
:10C674003FB0CFB614CA153D000000000060F53F7E
:10C6840000000000000000000088DE135A89D2BFB9
:10C694003FB0CFB614CA153D000000000040F53F7E
:10C6A40000000000000000000078CFFB4129D2BF49
:10C6B40076DA5328245A16BD000000000020F53F06
:10C6C4000000000000000000009869C198C8D1BFB4
:10C6D4000454E768BCAF1FBD000000000000F53F34
:10C6E400000000000000000000A8ABAB5C67D1BFF5
:10C6F400F0A88233C61F1F3D0000000000E0F43F95
:10C7040000000000000000000048AEF98B05D1BF16
:10C71400665A05FDC4A826BD0000000000C0F43F11
:10C724000000000000000000009073E224A3D0BFCA
:10C734000E03F47EEE6B0CBD0000000000A0F43F7D
:10C74400000000000000000000D0B4942540D0BFD9
:10C754007F2DF49EB836F0BC0000000000A0F43F2A
:10C76400000000000000000000D0B4942540D0BFB9
:10C774007F2DF49EB836F0BC000000000080F43F2A
:10C78400000000000000000000405E6D18B9CFBF3B
:10C79400873C99AB2A570D3D000000000060F43F30
:10C7A40000000000000000000060DCCBADF0CEBF54
:10C7B40024AF869CB7262B3D000000000040F43FC8
:10C7C400000000000000000000F02A6E0727CEBF22
:10C7D40010FF3F544F2F17BD000000000020F43F0E
:10C7E400000000000000000000C04F6B215CCDBFC2
:10C7F4001B68CABB91BA213D000000000000F43F51
:10C80400000000000000000000A09AC7F78FCCBF12
:10C8140034849F684F79273D000000000000F43FF6
:10C82400000000000000000000A09AC7F78FCCBFF2
:10C8340034849F684F79273D0000000000E0F33FF7
:10C84400000000000000000000902D7486C2CBBFE1
:10C854008FB78B31B04E193D0000000000C0F33F8C
:10C86400000000000000000000C0804EC9F3CABFF1
:10C874006690CD3F634EBA3C0000000000A0F33F39
:10C88400000000000000000000B0E21FBC23CABF8B
:10C89400EAC146DC648C25BD0000000000A0F33F23
:10C8A400000000000000000000B0E21FBC23CABF6B
:10C8B400EAC146DC648C25BD000000000080F33F23
:10C8C40000000000000000000050F49C5A52C9BF50
:10C8D400E3D4C104D9D12ABD000000000060F33FB5
:10C8E400000000000000000000D02065A07FC8BF49
:10C8F40009FADB7FBFBD2B3D000000000040F33F81
:10C90400000000000000000000E0100289ABC7BF77
:10C91400584A537290DB2B3D000000000040F33F67
:10C92400000000000000000000E0100289ABC7BF57
:10C93400584A537290DB2B3D000000000020F33F67
:10C94400000000000000000000D019E70FD6C6BFA9
:10C9540066E2B2A36AE410BD000000000000F33FE9
:10C9640000000000000000000090A77030FFC5BF69
:10C974003950109F439E1EBD000000000000F33F8D
:10C9840000000000000000000090A77030FFC5BF49
:10C994003950109F439E1EBD0000000000E0F23F8E
:10C9A400000000000000000000B0A1E3E526C5BFC0
:10C9B4008F5B07908BDE20BD0000000000C0F23FBB
:10C9C40000000000000000000080CB6C2B4DC4BFB1
:10C9D4003C783561C10C173D0000000000C0F23FF7
:10C9E40000000000000000000080CB6C2B4DC4BF91
:10C9F4003C783561C10C173D0000000000A0F23FF7
:10CA0400000000000000000000901E20FC71C3BF65
:10CA14003A54274D8678F13C000000000080F23F34
:10CA2400000000000000000000F01FF85295C2BF93
:10CA340008C47117308D24BD000000000060F23F6F
:10CA4400000000000000000000602FD52AB7C1BF1D
:10CA540096A31118A4802EBD000000000060F23FD0
:10CA6400000000000000000000602FD52AB7C1BFFD
:10CA740096A31118A4802EBD000000000040F23FD0
:10CA840000000000000000000090D07C7ED7C0BFF2
:10CA9400F45BE88896690A3D000000000040F23F1C
:10CAA40000000000000000000090D07C7ED7C0BFD2
:10CAB400F45BE88896690A3D000000000020F23F1C
:10CAC400000000000000000000E0DB3191ECBFBF7B
:10CAD400F233A35C547525BD000000000000F23F52
:10CAE400000000000000000000002B6E0727BEBFFE
:10CAF4003C00F02A2C342A3D000000000000F23FE4
:10CB0400000000000000000000002B6E0727BEBFDD
:10CB14003C00F02A2C342A3D0000000000E0F13FE4
:10CB2400000000000000000000C05B8F545EBCBF2A
:10CB340006BE5F58570C1DBD0000000000C0F13F49
:10CB4400000000000000000000E04A3A6D92BABF05
:10CB5400C8AA5BE83539253D0000000000C0F13F5C
:10CB6400000000000000000000E04A3A6D92BABFE5
:10CB7400C8AA5BE83539253D0000000000A0F13F5C
:10CB8400000000000000000000A031D645C3B8BF7B
:10CB940068562F4D297C133D0000000000A0F13F92
:10CBA400000000000000000000A031D645C3B8BF5B
:10CBB40068562F4D297C133D000000000080F13F92
:10CBC40000000000000000000060E58AD2F0B6BF5B
:10CBD400DA7333C9379726BD000000000060F13FC7
:10CBE40000000000000000000020063F071BB5BF46
:10CBF400575EC6615B021F3D000000000060F13F0C
:10CC040000000000000000000020063F071BB5BF25
:10CC1400575EC6615B021F3D000000000040F13F0B
:10CC2400000000000000000000E01B96D741B3BFE5
:10CC3400DF13F9CCDA5E2C3D000000000040F13F28
:10CC4400000000000000000000E01B96D741B3BFC5
:10CC5400DF13F9CCDA5E2C3D000000000020F13F28
:10CC640000000000000000000080A3EE3665B1BFA4
:10CC740009A38F765E7C143D000000000000F13FA4
:10CC84000000000000000000008011C0300AAFBFA7
:10CC9400918E36839E592D3D000000000000F13F27
:10CCA4000000000000000000008011C0300AAFBF87
:10CCB400918E36839E592D3D0000000000E0F03F28
:10CCC400000000000000000000801971DD42ABBFCD
:10CCD4004C70D6E57A821C3D0000000000E0F03F75
:10CCE400000000000000000000801971DD42ABBFAD
:10CCF4004C70D6E57A821C3D0000000000C0F03F75
:10CD0400000000000000000000C032F65874A7BF05
:10CD1400EEA1F23446FC2CBD0000000000C0F03F40
:10CD2400000000000000000000C032F65874A7BFE5
:10CD3400EEA1F23446FC2CBD0000000000A0F03F40
:10CD4400000000000000000000C0FEB9879EA3BFE1
:10CD5400AAFE26F5B702F53C0000000000A0F03F53
:10CD6400000000000000000000C0FEB9879EA3BFC1
:10CD7400AAFE26F5B702F53C000000000080F03F53
:10CD840000000000000000000000780E9B829FBF9E
:10CD9400E4097E7C268029BD000000000080F03F6D
:10CDA40000000000000000000000780E9B829FBF7E
:10CDB400E4097E7C268029BD000000000060F03F6D
:10CDC40000000000000000000080D5071BB997BFD9
:10CDD40039A6FA93548D28BD000000000040F03FAE
:10CDE40000000000000000000000FCB0A8C08FBFDD
:10CDF4009CA6D3F67C1EDFBC000000000040F03F80
:10CE040000000000000000000000FCB0A8C08FBFBC
:10CE14009CA6D3F67C1EDFBC000000000020F03F7F
:10CE240000000000000000000000106B2AE07FBF3B
:10CE3400E440DA0D3FE219BD000000000020F03F9D
:10CE440000000000000000000000106B2AE07FBF1B
:10CE5400E440DA0D3FE219BD000000000000F03F9D
:10CE640000000000000000000000000000000000BE
:10CE74000000000000000000000000000000F03F7F
:10CE8400000000000000000000000000000000009E
:10CE940000000000000000000000000000C0EF3FA0
:10CEA4000000000000000000000089751510803F9C
:10CEB400E82B9D996BC710BD000000000080EF3F78
:10CEC4000000000000000000008093585620903FAE
:10CED400D2F7E2065BDC23BD000000000040EF3F18
:10CEE40000000000000000000000C9282549983F08
:10CEF400340C5A32BAA02ABD000000000000EF3FF3
:10CF040000000000000000000040E7895D41A03FF0
:10CF140053D7F15CC011013D0000000000C0EE3F9A
:10CF2400000000000000000000002ED4AE66A43F04
:10CF340028FDBD7573162CBD000000000080EE3F77
:10CF4400000000000000000000C09F14AA94A83F45
:10CF54007D265AD0957919BD000000000040EE3FAF
:10CF6400000000000000000000C0DDCD73CBAC3F2A
:10CF74000728D847F2681ABD000000000020EE3FE1
:10CF8400000000000000000000C006C031EAAE3F0F
:10CF94007B3BC94F3E110EBD0000000000E0ED3F99
:10CFA4000000000000000000006046D13B97B13F44
:10CFB4009B9E0D565D3225BD0000000000A0ED3F94
:10CFC400000000000000000000E0D1A7F5BDB33F61
:10CFD400D74EDBA55EC82C3D000000000060ED3F8D
:10CFE400000000000000000000A0974D5AE9B53F82
:10CFF4001E1D5D3C06692CBD000000000040ED3F95
:10D00400000000000000000000C0EA0AD300B73F9F
:10D0140032ED9DA98D1EEC3C000000000000ED3FA8
:10D0240000000000000000000040595D5E33B93F7D
:10D03400DA47BD3A5C11233D0000000000C0EC3F1C
:10D0440000000000000000000060AD8DC86ABB3F16
:10D05400E568F72B809013BD0000000000A0EC3FB2
:10D0640000000000000000000040BC015888BC3FE4
:10D07400D3AC5AC6D146263D000000000060EC3F08
:10D08400000000000000000000200A8339C7BE3FF2
:10D09400E045E6AF68C02DBD000000000040EC3F55
:10D0A400000000000000000000E0DB3991E8BF3F11
:10D0B400FD0AA14FD63425BD000000000000EC3F5E
:10D0C400000000000000000000E027828E17C13F2E
:10D0D400F2072DCE78EF213D0000000000E0EB3F89
:10D0E400000000000000000000F0237E2BAAC13FD6
:10D0F400349938448EA72C3D0000000000A0EB3F7B
:10D1040000000000000000000080860C61D1C23FD6
:10D11400A1B481CB6C9D033D000000000080EB3F77
:10D124000000000000000000009015B0FC65C33F43
:10D1340089724B23A82FC63C000000000040EB3F3F
:10D14400000000000000000000B033833D91C43FA4
:10D1540078B6FD547983253D000000000020EB3FA4
:10D16400000000000000000000B0A1E4E527C53F76
:10D17400C77D69E5E833263D0000000000E0EA3F92
:10D18400000000000000000000108CBE4E57C63F97
:10D19400782E3C2C8BCF193D0000000000C0EA3FE4
:10D1A40000000000000000000070758B12F0C63F04
:10D1B400E1219CE58D1125BD0000000000A0EA3F9F
:10D1C4000000000000000000005044858D89C73F26
:10D1D4000543917010661CBD000000000060EA3F2A
:10D1E4000000000000000000000039EBAFBEC83FA3
:10D1F400D12CE9AA543D07BD000000000040EA3FDD
:10D2040000000000000000000000F7DC5A5AC93F8B
:10D214006FFFA05828F2073D000000000000EA3F1D
:10D22400000000000000000000E08A3CED93CA3FCB
:10D2340069215650437228BD0000000000E0E93F18
:10D24400000000000000000000D05B57D831CB3F45
:10D25400AAE1AC4E8D350CBD0000000000C0E93FD2
:10D26400000000000000000000E03B3887D0CB3F06
:10D27400B6125459C44B2DBD0000000000A0E93F74
:10D2840000000000000000000010F0C6FB6FCC3F5F
:10D29400D22B96C572ECF1BC000000000060E93F9F
:10D2A40000000000000000000090D4B03DB1CD3F6C
:10D2B40035B015F72AFF2ABD000000000040E93F01
:10D2C40000000000000000000010E7FF0E53CE3FF6
:10D2D40030F441602712C23C000000000020E93F06
:10D2E40000000000000000000000DDE4ADF5CE3FCA
:10D2F400118EBB651521CABC000000000000E93F87
:10D30400000000000000000000B0B36C1C99CF3F87
:10D3140030DF0CCAECCB1B3D0000000000C0E83F2E
:10D32400000000000000000000584D603871D03F3C
:10D33400914EED16DB9CF83C0000000000A0E83F95
:10D344000000000000000000006061672DC4D03FB1
:10D35400E9EA3C168B18273D000000000080E83FF6
:10D36400000000000000000000E827828E17D13F73
:10D374001CF0A5630E212CBD000000000060E83FF6
:10D38400000000000000000000F8ACCB5C6BD13F53
:10D394008116A5F7CD9A2B3D000000000040E83F20
:10D3A400000000000000000000685A6399BFD13FEC
:10D3B400B7BD4751EDA62C3D000000000020E83F1A
:10D3C400000000000000000000B80E6D4514D23FBC
:10D3D400EABA46BADE870A3D0000000000E0E73FF3
:10D3E40000000000000000000090DC7CF0BED23F92
:10D3F400F404504AFA9C2A3D0000000000C0E73FB4
:10D4040000000000000000000060D3E1F114D33FED
:10D41400B83C21D37AE228BD0000000000A0E73F19
:10D4240000000000000000000010BE76676BD33FD0
:10D43400C877F1B0CD6E113D000000000080E73FD9
:10D4440000000000000000000030337752C2D33FD8
:10D454005CBD06B6543B183D000000000060E73F89
:10D46400000000000000000000E8D523B419D43FF8
:10D474009DE090EC36E4083D000000000040E73FEA
:10D48400000000000000000000C871C28D71D43F8C
:10D4940075D66709CE272FBD000000000020E73FA6
:10D4A40000000000000000000030179EE0C9D43FD7
:10D4B400A4D80A1B89202EBD000000000000E73F0D
:10D4C400000000000000000000A03807AE22D53F95
:10D4D40059C7648170BE2E3D0000000000E0E63FA5
:10D4E400000000000000000000D0C853F77BD53FC7
:10D4F400EF405DEEEDAD1F3D0000000000C0E63FD3
:10D504000000000000000000006059DFBDD5D53FD9
:10D51400DC65A4082A0B0ABD000001010001010119
:10D5240001020101020201020301020302020402D8
:10D5340002050202050302060302070302070403AD
:10D54400070403070504070504070605070606077D
:10D554000606070707070700000000000000000098
:10D5640000000008000000000000000000000000AF
:10D57400B562000000000000010004000001020385
:10D584000405060708090A0B0C0D0E0F000102031F
:10D594000405060708090A0B0C0D0E0F143B0020A6
:10D5A4008C3B0020C03B0020F43B0020283C0020A2
:10D5B4005C3C00202B810400210000002B8104002E
:10D5C40022000000AABBCC03020100FFFFFFFFFF03
:10D5D4001122330A0B0CCCDDDDDDDDDD00000000A3
:10D5E400FFFFFFFFFFFFFFFFC90FDAA22168C2346C
:10D5F400C4C6628B80DC1CD129024E088A67CC74B5
:10D60400020BBEA63B139B22514A08798E3404DDDB
:10D61400EF9519B3CD3A431B302B0A6DF25F1437E3
:10D624004FE1356D6D51C245E485B576625E7EC6C7
:10D63400F44C42E9A637ED6B0BFF5CB6F406B7ED8C
:10D64400EE386BFB5A899FA5AE9F24117C4B1FE6D5
:10D6540049286651ECE45B3DC2007CB8A163BF0578
:10D6640098DA48361C55D39A69163FA8FD24CF5F33
:10D6740083655D23DCA3AD961C62F356208552BB03
:10D684009ED529077096966D670C354E4ABC980452
:10D69400F1746C08CA18217C32905E462E36CE3B5B
:10D6A400E39E772C180E86039B2783A2EC07A28F98
:10D6B400B5C55DF06F4C52C9DE2BCBF695581718E3
:10D6C4003995497CEA956AE515D2261898FA051029
:10D6D40015728E5A8AACAA68FFFFFFFFFFFFFFFF97
:10D6E40000000000001C13171400000090620020CA
:10D6F40098620020A0620020A862002088C5026011
:10D7040058C5026028C50260F8C40260C8C402603B
:10D7140098C402600602030401050602020602061A
:10D724000200000038CC026008CC0260D8CB026052
:10D73400A8CB026000020000000400000008000002
:10D7440000100000DB0F49BFE4CB1640E4CB16C049
:10D7540000000080DB0F4940DB0F49C02C000000B3
:10D764002A253032580D0A00546F6F2062696720F1
:10D77400646174612066726F6D20544D31373121BC
:10D7840000000000435243207761732062616420EB
:10D794003A2800004C656E6774683A200000000067
:10D7A40046756C6C206C656E3A200000496E697495
:10D7B40069616C697A696E672065746865726E6503
:10D7C40074207769746820737461746963204950A4
:10D7D40020616464726573730000000045746865B9
:10D7E400726E657420736869656C64207761732058
:10D7F4006E6F7420666F756E642E204750532076CA
:10D80400696120555342206F6E6C792E0000000030
:10D8140045746865726E6574206361626C65206925
:10D8240073206E6F7420636F6E6E6563746564201D
:10D834002D2057686F2063617265732077652077A8
:10D84400696C6C2073746172742065746865726E9F
:10D85400657420616E797761792E00000D0A457434
:10D864006865726E657420737461747573204F4BB0
:10D8740000000000495020736574204D616E75618D
:10D884006C6C793A200000000D0A45746865726E6C
:10D894006574204950206F66206D6F64756C653A1D
:10D8A4002000000045746865726E65742073656EAF
:10D8B40064696E6720746F2049503A2000000000AC
:10D8C400416C6C20646174612073656E64696E6779
:10D8D40020746F20706F72743A200000457468657C
:10D8E400726E657420475053205544502073656E02
:10D8F40064696E672066726F6D20706F72743A206F
:10D904000000000045746865726E6574204E5452C0
:10D91400495020554450206C697374656E696E6774
:10D9240020746F20706F72743A200000457468652B
:10D93400726E6574204175746F53746565722055F9
:10D944004450206C697374656E696E6720746F202F
:10D95400262073656E642066726F6D20706F72741A
:10D964003A20000041444320436F6E6E656374693E
:10D974006F6E204F4B00000041444320436F6E6E96
:10D984006563746F6E204641494C45442100000094
:10D994004175746F73746565722072756E6E696E0D
:10D9A400672C2077616974696E6720666F72204105
:10D9B400674F70656E475053000000004175746FE7
:10D9C40073746565722064697361626C65642C208C
:10D9D400475053206F6E6C79206D6F6465000000B2
:10D9E400456E61626C6564204B657961206D6F746E
:10D9F4006F7200002450414F47492C002450414E7F
:10DA040044412C002A0000000D0A0000496E69748C
:10DA140069616C69736564204B6579612043414E8B
:10DA240042555300746F6C6420746F207374656581
:10DA3400722C2077697468200000000020736F2E18
:10DA44002E2E2E004920636F6E76657274656420F5
:10DA54007468617420746F207370656564200000BD
:10DA640070776D4472697665203C207A65726F2008
:10DA74002D20636C6F636B77697365202D2073743D
:10DA840065657253706565642000000070776D44AD
:10DA940072697665203E207A65726F202D20616E52
:10DAA4007469636C6F636B2D636C6F636B776973FD
:10DAB40065202D207374656572537065656420005C
:10DAC4004A4B000053746174654572723A20000039
:10DAD40073656E645061636B657428493243293AF7
:10DAE40020656E645472616E736D697373696F6ED1
:10DAF4002072657475726E65643A20004932432061
:10DB040074696D656F757400535049205761697469
:10DB14000000000053504920494E542074696D653B
:10DB24006F7574004865616465723A0030000000E6
:10DB340020426F64793A0000205B436F6E74696E13
:10DB4400756564207061636B65745D20000000007E
:10DB5400204C656E6774683A0000000020436861D9
:10DB64006E6E656C3A000000436F6D6D616E64000B
:10DB740045786563757461626C650000436F6E740B
:10DB8400726F6C0053656E736F722D7265706F7275
:10DB94007400000057616B652D7265706F727400BC
:10DBA4004779726F2D766563746F72004D4520431B
:10DBB400616C207265706F727420666F756E64217B
:10DBC4000000000053572056657273696F6E204D34
:10DBD400616A6F723A2030780000000020535720A9
:10DBE40056657273696F6E204D696E6F723A20309C
:10DBF400780000002053572050617274204E756DD8
:10DC04006265723A20307800205357204275696C5F
:10DC140064204E756D6265723A2030780000000011
:10DC24002053572056657273696F6E205061746378
:10DC3400683A203078000000D9FA0000DDFA0000CC
:10DC4400E1FA0000E5FA0000000000000000000016
:10DC54003D2F000085000000AD35000001020000EA
:10DC6400C51E0000050200000902000000000000BB
:10DC7400000000009D640000A5620000DD6100005A
:10DC840005620000FD610000C1620000396300000C
:10DC9400296200005D6300000962000075620000F3
:10DCA400256400008D620000AD630000F96200008D
:10DCB400D9640000E1610000F56100009962000090
:10DCC400F96100000000000000000000156C000075
:10DCD4004D22010049220100452201001D6C000073
:10DCE400216C0000412201003D22010000000000DF
:10DCF4000000000011F90000ADFD00002DF300004C
:10DD040085F400004DF30000F1F3000075F300000A
:10DD140009F50000A1F4000029F300000000000050
:10DD24000000000065ED000091ED0000DD610000E1
:10DD340061ED0000F14B0000FD4B000049ED0000D7
:10DD4400000000000000000091FA00000000C1C0C3
:10DD540081C1400101C3C003800241C201C6C006A3
:10DD6400800741C70005C1C581C4400401CCC00C73
:10DD7400800D41CD000FC1CF81CE400E000AC1CA33
:10DD840081CB400B01C9C009800841C801D8C01823
:10DD9400801941D9001BC1DB81DA401A001EC1DEA3
:10DDA40081DF401F01DDC01D801C41DC0014C1D493
:10DDB40081D5401501D7C017801641D601D2C012B3
:10DDC400801341D30011C1D181D0401001F0C03083
:10DDD400803141F10033C1F381F240320036C1F6A3
:10DDE40081F7403701F5C035803441F4003CC1FC73
:10DDF40081FD403D01FFC03F803E41FE01FAC03A33
:10DE0400803B41FB0039C1F981F840380028C1E862
:10DE140081E9402901EBC02B802A41EA01EEC02EA2
:10DE2400802F41EF002DC1ED81EC402C01E4C02492
:10DE3400802541E50027C1E781E640260022C1E2B2
:10DE440081E3402301E1C021802041E001A0C060C2
:10DE5400806141A10063C1A381A240620066C1A6A2
:10DE640081A7406701A5C065806441A4006CC1AC72
:10DE740081AD406D01AFC06F806E41AE01AAC06A32
:10DE8400806B41AB0069C1A981A840680078C1B822
:10DE940081B9407901BBC07B807A41BA01BEC07EA2
:10DEA400807F41BF007DC1BD81BC407C01B4C07492
:10DEB400807541B50077C1B781B640760072C1B2B2
:10DEC40081B3407301B1C071807041B00050C19002
:10DED400819140510193C053805241920196C056A2
:10DEE400805741970055C19581944054019CC05C72
:10DEF400805D419D005FC19F819E405E005AC19A32
:10DF0400819B405B0199C059805841980188C04861
:10DF140080494189004BC18B818A404A004EC18EA1
:10DF2400818F404F018DC04D804C418C0044C18491
:10DF3400818540450187C047804641860182C042B1
:10DF4400804341830041C181818040404D5E000097
:10DF5400515E0000895E0000855E0000555E000091
:10DF640000000000615E0000655E00006D5E000060
:10DF7400755E0000D8399D270054EA2A00A4781F52
:10DF8400007B9A172C2066756E6374696F6E3A2055
:10DF940000000000617373657274696F6E2022253E
:10DFA4007322206661696C65643A2066696C652039
:10DFB400222573222C206C696E6520256425732527
:10DFC400730A000042616C6C6F6320737563636550
:10DFD40065646564000000002F646174612F6A65E4
:10DFE4006E6B696E732F776F726B73706163652FDD
:10DFF400474E552D746F6F6C636861696E2F617243
:10E004006D2D31312F7372632F6E65776C69622DBC
:10E0140063796777696E2F6E65776C69622F6C69B7
:10E0240062632F7374646C69622F6D707265632E02
:10E0340063000000303132333435363738396162A9
:10E04400636465666768696A6B6C6D6E6F70717224
:10E05400737475767778797A0000000000202020A8
:10E064002020202020202828282828202020202084
:10E074002020202020202020202020202088101054
:10E0840010101010101010101010101010040404B0
:10E09400040404040404041010101010101041416E
:10E0A400414141410101010101010101010101015C
:10E0B4000101010101010101101010101010424270
:10E0C400424242420202020202020202020202022C
:10E0D40002020202020202021010101020000000CC
:10E0E400000000000000000000000000000000002C
:10E0F400000000000000000000000000000000001C
:10E10400000000000000000000000000000000000B
:10E1140000000000000000000000000000000000FB
:10E1240000000000000000000000000000000000EB
:10E1340000000000000000000000000000000000DB
:10E1440000000000000000000000000000000000CB
:10E1540000000000000000000000000000000000BB
:10E16400496E66696E697479000000004E614E0064
:10E174002F646174612F6A656E6B696E732F776F9C
:10E18400726B73706163652F474E552D746F6F6C9E
:10E19400636861696E2F61726D2D31312F73726303
:10E1A4002F6E65776C69622D63796777696E2F6E60
:10E1B40065776C69622F6C6962632F7374646C6930
:10E1C400622F64746F612E6300000000494E4600A4
:10E1D400696E66004E414E006E616E00303132331E
:10E1E400343536373839616263646566000000008F
:10E1F400286E756C6C2900003863ED3EDA0F493FD8
:10E204005E987B3FDA0FC93F6937AC31682122330E
:10E21400B40F14336821A233202020202020202092
:10E2240020202020202020202020202020202020EA
:10E2340020202020202020202020202020202020DA
:10E24400202020202020202000000042C8801F40E1
:10E25400B8821F400800000000000042C4801F4034
:10E26400B4821F400400000000C0004224801F400C
:10E2740014821F401000000000C0004228801F408C
:10E2840018821F402000000000C000422C801F4064
:10E294001C821F404000000000C0004234801F4028
:10E2A40024821F40000100000040004264811F409E
:10E2B40054831F40000400000040004280811F403E
:10E2C40070831F4000000200004000427C811F4018
:10E2D4006C831F40000001000040004268811F4021
:10E2E40058831F4000080000004000423C811F404A
:10E2F4002C831F40010000000040004244811F4065
:10E3040034831F40040000000040004240811F404D
:10E3140030831F40020000000040004248811F403B
:10E3240038831F40080000000000004204811F40A1
:10E33400F4821F40000004000000004208811F40D6
:10E34400F8821F40000008000000004218811F40AE
:10E3540008831F40000080000000004214811F4019
:10E3640004831F40000040000000004200811F4061
:10E37400F0821F400000020000000042FC801F40A9
:10E38400EC821F40000001000000004224811F4075
:10E3940014831F40000000040000004228811F4035
:10E3A40018831F4000000008000000421C811F4029
:10E3B4000C831F40000000010000004220811F4028
:10E3C40010831F400000000200000042EC801F4048
:10E3D400DC821F400010000000000042F0801F405B
:10E3E400E0821F40002000000000004234811F40F2
:10E3F40024831F40000000400000004238811F4079
:10E4040028831F40000000800080004294801F4049
:10E4140084821F400000040000C0004290801F401E
:10E4240080821F400000008000800042A8801F40BE
:10E4340098821F400000800000800042A4801F409A
:10E4440094821F4000004000004000426C811F4045
:10E454005C831F400010000000C0004230801F4059
:10E4640020821F408000000000400042B0811F4015
:10E47400A0831F400000002000400042AC811F40E8
:10E484009C831F40000000100040004284811F4014
:10E4940074831F40000004000040004288811F4034
:10E4A40078831F4000000800000000422C811F40B8
:10E4B4001C831F40000000100000004230811F40F8
:10E4C40020831F4000000020000000420C811F40F8
:10E4D400FC821F40000010000000004210811F4019
:10E4E40000831F400000200000800042C8811F40BC
:10E4F400B8831F400080000000800042C4811F4098
:10E50400B4831F400040000000800042C0811F40CF
:10E51400B0831F400020000000800042BC811F40E7
:10E52400AC831F400010000000800042D0811F40D7
:10E53400C0831F400000020000800042CC811F40C5
:10E54400BC831F400000010000C0004274801F40D3
:10E5540064821F400000000100C0004280801F4010
:10E5640070821F400000000800C0004284801F40E9
:10E5740074821F400000001000C000426C801F40E5
:10E584005C821F400000400000C000427C801F40AD
:10E594006C821F400000000400C0004278801F40CD
:10E5A40068821F400000000200C0004288801F40B3
:10E5B40078821F400000002063825363FFFFFFFF47
:10E5C400FFFF000000000000000000000100000048
:10E5D400060000000D6E0000E56D0000718A000069
:10E5E400418A00003D8A0000256C0000756D000022
:10E5F400BD8B0000696C0000418B0000058B00009E
:10E60400142D0020B16C0000156D0000A47A0020C8
:10E61400087C00202C7C0020E47B0020000000000B
:10E6240049AF00000DB10000D5B0000000000000AB
:10E6340075B000008DAF00005DAF0000F9900000E0
:10E64400399100000000000001000000FDC6000038
:10E6540095D50000C9D10000CDC600009DD00000B2
:10E66400A1DE000031D5000039C8000069C60000F1
:10E6740055CD00000000000011E8000091EA000000
:10E6840061EA00000000000001EA00005DE800000B
:10E694002DE80000F990000039910000000000000E
:10E6A4005377617070696E672047505320706F72A2
:10E6B40074732E2E2E0D0A00436865636B696E67B2
:10E6C4002062617564726174653A2000466F756EEC
:10E6D4006420726563696576657220617420626185
:10E6E4007564726174653A200000000021414F474F
:10E6F4004F4B0000752D626C6F7820474E535320AA
:10E704006E6F742064657465637465642E20506C48
:10E714006561736520636865636B20776972696EF0
:10E72400672E00001B05000017050000050000000F
:10E73400190000007D00000007080C0B06050F00FF
:10E744000D0E0102838407080C0B06050F000D0E45
:10E7540001028384FFFFFFFFFFFFFFFFFFFF8182B2
:10E76400090A000001010004010000040132010152
:10E774000132020101100101011101010112010222
:10E784000103020601030106011202020200000154
:10E794000202000102010001021000010222000134
:10E7A400022300010000000000000000022100011B
:10E7B40002200001000000000000000001300101FF
:10E7C4000131010101020004010300040000000002
:10E7D40000000000012102010121010100000000EC
:10E7E4000000000000000000011002010000000011
:10E7F40000000000011301060113020600000000DE
:10E8040000000000000000000000000001010201FF
:10E8140001010101010002010100010101020201E3
:10E8240001020101000000000000000000000000DF
:10E83400012302010000000000000000012001018A
:10E84400472D474741000000472D5654470000001C
:10E854004B5358542D000000537461727420736537
:10E8640074757000474E5353206F6E205365726960
:10E87400616C372028553138292C20536572696121
:10E884006C47505332207061726B6564206F6E2048
:10E8940053657269616C350053657269616C414FEF
:10E8A400472C2053657269616C52544B2C2053657C
:10E8B4007269616C47505320616E642053657269BC
:10E8C400616C4750533220696E697469616C697A6E
:10E8D400656400000D0A5374617274696E672041A7
:10E8E40075746F53746565722E2E2E000D0A537461
:10E8F400617274696E672045746865726E65742E02
:10E904002E2E00000D0A5374617274696E672049DB
:10E914004D552E2E2E000000434D505331342041CE
:10E924004444524553733A2030780000434D5053C9
:10E934003134204F6B2E0000434D5053206E6F74C2
:10E9440020436F6E6E6563746564206F7220466F3A
:10E95400756E640020424E4F303858204F6B2E00A5
:10E96400424E4F303830206E6F7420646574656396
:10E9740074656420617420676976656E204932434A
:10E9840020616464726573732E00000020424E4F50
:10E99400303858206E6F7420436F6E6E65637465F3
:10E9A40064206F7220466F756E6400000D0A436820
:10E9B40065636B696E6720666F7220544D31373121
:10E9C400206F6E2053657269616C32202855313195
:10E9D400290000005265636569766564206461748A
:10E9E400612066726F6D20544D313731206F6E2077
:10E9F40053657269616C3200544D313731206E6F4A
:10EA04007420436F6E6E6563746564206F72204674
:10EA14006F756E64000000000D0A757365434D50F8
:10EA240053203D2000000000757365424E4F30387E
:10EA340078203D2000000000757365544D31373156
:10EA4400203D200052696768742E2E2E2074696D53
:10EA54006520666F7220736F6D652043414E425589
:10EA6400532120416E642C207765277265206465EC
:10EA74006469636174656420746F204B65796120F7
:10EA840068657265000000000D0A456E64207365B8
:10EA94007475702C2077616974696E6720666F7273
:10EAA400204750532E2E2E0D0A00000030313233F1
:10EAB4003435363738394142434445460000000076
:10EAC40064656300656E630020204145532D454312
:10EAD400422D25336420282573293A2000000000A4
:10EAE400736B6970706564007061737365640000B2
:10EAF40020204145532D4342432D253364202825AE
:10EB040073293A200000000020204145532D43463C
:10EB1400423132382D25336420282573293A2000C8
:10EB240020204145532D4354522D3132382028257D
:10EB340073293A20000000006661696C6564000076
:10EB44006BC1BEE22E409F96E93D7E117393172A56
:10EB5400AE2D8A571E03AC9C9EB76FAC45AF8E5149
:10EB640030C81C46A35CE411E5FBC1191A0A52EF34
:10EB7400F69F2445DF4F9B17AD2B417BE66C371086
:10EB840000000000202042617365363420656E6306
:10EB94006F64696E6720746573743A200000000026
:10EBA4007061737365640A007061737365640A202D
:10EBB40020426173653634206465636F64696E67EF
:10EBC40020746573743A200045464530323143322F
:10EBD4003634354644314443353836453639313890
:10EBE4003441463441333145443546353345393370
:10EBF400423546313233464134313638303836378F
:10EC04004241313130313331393434464537393585
:10EC14003245323531373333373738304342304475
:10EC24004238304536314141453743384444433610
:10EC340043354336414144454233344542333841F8
:10EC44003246343044354536000000004232453700
:10EC540045464433373037354239463033464639F2
:10EC64003839433743353035314332303334443225
:10EC7400413332333831303235313132374537422E
:10EC840046383632354134463439413546334532D7
:10EC940037463444413842443539433437443644A2
:10ECA400414142413443383132374244354235439D
:10ECB40032353736333232324645464343464333A0
:10ECC4003842383332333636433239450000000097
:10ECD40030303636413139383138364331384331C2
:10ECE4003042324635454439423532323735324185
:10ECF400393833304236393931364535333543388E
:10ED04004630343735313841383839413433413578
:10ED1400393442364245443237413136384433314E
:10ED24004434413532463838393235414138463534
:10ED3400000000003630324142374543413539370F
:10ED44004133443642353646463938323941354501
:10ED5400384238353945383537454139354130330E
:10ED6400353132453242414537333931363838440A
:10ED7400323634414135363633423033343144420D
:10ED840039434346443243344335463432314645AD
:10ED940043383134383030314237324538343841F1
:10EDA40033384341453143363546373845353641A6
:10EDB4004244454645313244334330333942384185
:10EDC400303244364245353933463042424244417A
:10EDD4003536463145434636373731353245463880
:10EDE4003034333730433141333035434146334295
:10EDF400354246313330383739423536433631447B
:10EE04004535383441304635334132343437413571
:10EE14003145000020204D5049207465737420232F
:10EE24003120286D756C5F6D7069293A20000000EF
:10EE340020204D50492074657374202332202864A7
:10EE440069765F6D7069293A2000000020204D50DA
:10EE54004920746573742023342028696E765F6DAD
:10EE64006F64293A200000006661696C6564206162
:10EE7400742025640A000000556E6578706563741B
:10EE84006564206572726F722C2072657475726E7F
:10EE940020636F6465203D20253038580A00000047
:10EEA40020204D5049207465737420233520287325
:10EEB400696D706C6520676364293A200000000066
:10EEC4003030334130414145444437453738344686
:10EED4004330374438463945433645334246443552
:10EEE4004333444241373634353633363341313097
:10EEF4003836393632324541433244443834454356
:10EF04004335423841373444414334443039453041
:10EF14003342354530424537373946324446363137
:10EF2400000000003336453133394145413535322F
:10EF34003135363039443238313639393845443050
:10EF44003230424242443936433337383930463618
:10EF540035313731443934384539424337434241F6
:10EF64004134443933323544323444364133433105
:10EF74003237313046313041303946413038414200
:10EF84003837000032353635363733333630353995
:10EF940045353243414532323932353437343730EE
:10EFA400354633394139340020204D5049207465A9
:10EFB400737420233320286578705F6D6F64293A59
:10EFC40020000000363631334632363136323232A2
:10EFD4003344463438384539434434384343313371
:10EFE4003243374130414339334337303142303093
:10EFF400314230393245344535423946373342435C
:10F004004432374239454535304430363537433755
:10F014003746333734453930334344464134433635
:10F0240034320000202043414D454C4C49412D458C
:10F0340043422D25336420282573293A20000000FB
:10F04400202043414D454C4C49412D4342432D25FD
:10F05400336420282573293A2000000020204341EE
:10F064004D454C4C49412D4354522D3132382028C2
:10F074002573293A20000000202043434D3A207391
:10F0840065747570206661696C6564002020434373
:10F094004D2D414553202325753A20004445532DD9
:10F0A400454445332D434243000000004445532D5D
:10F0B400454445332D454342000000004445532D4B
:10F0C4004544452D434243004445532D4544452D75
:10F0D400454342004445532D4543420043414D4579
:10F0E4004C4C49412D3235362D43434D0000000030
:10F0F40043414D454C4C49412D3139322D43434D0B
:10F104000000000043414D454C4C49412D313238FB
:10F114002D43434D0000000043414D454C4C4941B3
:10F124002D3235362D47434D0000000043414D45F7
:10F134004C4C49412D3139322D47434D00000000DC
:10F1440043414D454C4C49412D3132382D47434DB7
:10F154000000000043414D454C4C49412D323536A9
:10F164002D4354520000000043414D454C4C49414D
:10F174002D3139322D4354520000000043414D4596
:10F184004C4C49412D3132382D435452000000007B
:10F1940043414D454C4C49412D3235362D43464271
:10F1A4003132380043414D454C4C49412D313932BF
:10F1B4002D4346423132380043414D454C4C494180
:10F1C4002D3132382D4346423132380043414D45CA
:10F1D4004C4C49412D3235362D434243000000004A
:10F1E40043414D454C4C49412D3139322D43424325
:10F1F4000000000043414D454C4C49412D3132380B
:10F204002D4342430000000043414D454C4C4941CD
:10F214002D3235362D4543420000000043414D4513
:10F224004C4C49412D3139322D45434200000000F8
:10F2340043414D454C4C49412D3132382D454342D3
:10F24400000000004145532D3235362D43434D0017
:10F254004145532D3139322D43434D004145532D02
:10F264003132382D43434D004145532D3235362D2F
:10F2740047434D004145532D3139322D47434D000D
:10F284004145532D3132382D47434D004145532DCF
:10F294003235362D435452004145532D3139322DE8
:10F2A400435452004145532D3132382D43545200BA
:10F2B4004145532D3235362D434642313238000014
:10F2C4004145532D3139322D434642313238000005
:10F2D4004145532D3132382D4346423132380000F6
:10F2E4004145532D3235362D434243004145532D7C
:10F2F4003139322D434243004145532D3132382DAB
:10F30400434243004145532D3235362D4543420097
:10F314004145532D3139322D454342004145532D4A
:10F324003132382D45434200202044455325632D76
:10F334004543422D25336420282573293A200000B3
:10F34400202044455325632D4342432D2533642017
:10F35400282573293A2000004E6F772069732074A2
:10F36400000000001234567890ABCDEF000000008E
:10F374002D2D2D2D2D454E442044482050415241E1
:10F384004D45544552532D2D2D2D2D002D2D2D2D14
:10F394002D424547494E20444820504152414D4555
:10F3A400544552532D2D2D2D2D000000202044486E
:10F3B4004D20706172616D65746572206C6F61645B
:10F3C4003A200000736563703338347231000000F2
:10F3D4002020454350207465737420233120286312
:10F3E4006F6E7374616E74206F705F636F756E748B
:10F3F4002C206261736520706F696E742047293A0E
:10F404002000000030303030303030303030303098
:10F4140030303030303030303030303030303030E8
:10F4240030303030303030303030303030303030D8
:10F4340030303031000000006661696C656420285A
:10F444002575290A000000002020454350207465DA
:10F4540073742023322028636F6E7374616E74207A
:10F464006F705F636F756E742C206F7468657220A3
:10F47400706F696E74293A200000000046464646C3
:10F484004646464646464646464646464646464618
:10F494004646464639394445463833363134364291
:10F4A40043394231423444323238333000000000B0
:10F4B400354541364633383941333842384243388A
:10F4C40031453736373735334231354141353536B5
:10F4D4003945313738324533304142453744323586
:10F4E40000000000343030303030303030303030D4
:10F4F4003030303030303030303030303030303008
:10F5040030303030303030303030303030303030F7
:10F514003030303000000000374646464646464606
:10F524004646464646464646464646464646464677
:10F534004646464646464646464646464646464667
:10F5440046464646464646460000000035353535B3
:10F554003535353535353535353535353535353557
:10F564003535353535353535353535353535353547
:10F57400353535353535353535353535000000000B
:10F5840073656370323536723100000073656370E1
:10F594003232347231000000736563703139327273
:10F5A4003100000020204145532D47434D2D253384
:10F5B400642023256420282573293A2000000000B4
:10F5C40020204145532D47434D2D253364202325C9
:10F5D400642073706C697420282573293A20000014
:10F5E4002020484D41435F44524247202850522036
:10F5F4003D205472756529203A2000002020484D92
:10F6040041435F4452424720285052203D204661E6
:10F614006C736529203A20004D44350020204D4468
:10F62400352074657374202325643A20000000009B
:10F6340025642E25640000002E256400551D13004A
:10F64400550403002A864886F70D010101000000D5
:10F654002A8648CE3D030101000000002A86488620
:10F66400F70D0101040000002A864886F70D020503
:10F67400000000002A864886F70D020700000000FB
:10F684002B06010505070301000000002B0E0302F1
:10F69400070000002A864886F70D010C01030000CC
:10F6A40070626557697468534841416E64332D4BE9
:10F6B4006579547269706C654445532D4342430027
:10F6C4005042452077697468205348413120616E67
:10F6D4006420332D4B6579203344455300000000EA
:10F6E4002A864886F70D010C0104000070626557F4
:10F6F400697468534841416E64322D4B6579547284
:10F7040069706C654445532D434243005042452083
:10F7140077697468205348413120616E6420322D2A
:10F724004B6579203344455300000000686D6163E4
:10F734005348413100000000484D41432D53484196
:10F744002D3100002A864886F70D020800000000CB
:10F75400686D61635348413232340000484D41437F
:10F764002D5348412D323234000000002A86488649
:10F77400F70D020900000000686D616353484132CF
:10F7840035360000484D41432D5348412D3235361E
:10F79400000000002A864886F70D020A00000000D7
:10F7A400686D61635348413338340000484D414328
:10F7B4002D5348412D333834000000002A864886F2
:10F7C400F70D020B00000000686D6163534841357A
:10F7D40031320000484D41432D5348412D353132DB
:10F7E4000000000069642D6D643500002B0E0302D7
:10F7F4001A00000069642D73686131005348412D7B
:10F804003100000060864801650304020400000022
:10F8140069642D7368613232340000005348412D0D
:10F82400323234006086480165030402010000009E
:10F8340069642D7368613235360000005348412DE8
:10F844003235360060864801650304020200000078
:10F8540069642D7368613338340000005348412DC6
:10F864003338340060864801650304020300000055
:10F8740069642D7368613531320000005348412DAD
:10F884003531320064657343424300002A8648865A
:10F89400F70D0307000000006465732D656465338C
:10F8A4002D636263000000002A8648CE3D030107F1
:10F8B40000000000727361456E6372797074696F41
:10F8C4006E000000525341002A8648CE3D020100DA
:10F8D40069642D65635075626C69634B65790000DA
:10F8E40047656E65726963204543206B6579000046
:10F8F4002B8104010C00000069642D6563444800F9
:10F904004543206B657920666F7220454344480067
:10F914006D643557697468525341456E63727970EA
:10F9240074696F6E00000000525341207769746857
:10F93400204D4435000000002A864886F70D010159
:10F94400050000007368612D315769746852534192
:10F95400456E6372797074696F6E00005253412072
:10F964007769746820534841310000002A8648862C
:10F97400F70D01010E0000007368613232345769DB
:10F984007468525341456E6372797074696F6E0086
:10F994005253412077697468205348412D323234E0
:10F9A400000000002A864886F70D01010B000000C4
:10F9B40073686132353657697468525341456E63D2
:10F9C40072797074696F6E0052534120776974685C
:10F9D400205348412D323536000000002A864886DF
:10F9E400F70D01010C000000736861333834576966
:10F9F4007468525341456E6372797074696F6E0016
:10FA04005253412077697468205348412D33383468
:10FA1400000000002A864886F70D01010D00000051
:10FA240073686135313257697468525341456E6366
:10FA340072797074696F6E005253412077697468EB
:10FA4400205348412D353132000000002B0E0302B3
:10FA54001D0000002A8648CE3D04010065636473DE
:10FA6400612D776974682D534841310045434453EF
:10FA74004120776974682053484131002A8648CE72
:10FA84003D0403010000000065636473612D776920
:10FA940074682D53484132323400000045434453C6
:10FAA40041207769746820534841323234000000A1
:10FAB4002A8648CE3D040302000000006563647397
:10FAC400612D776974682D53484132353600000042
:10FAD4004543445341207769746820534841323583
:10FAE400360000002A8648CE3D04030300000000CF
:10FAF40065636473612D776974682D5348413338A5
:10FB0400340000004543445341207769746820530E
:10FB140048413338340000002A8648CE3D040304AB
:10FB24000000000065636473612D776974682D5368
:10FB34004841353132000000454344534120776940
:10FB44007468205348413531320000002A864886C3
:10FB5400F70D01010A0000005253415353412D5047
:10FB64005353000069642D6B702D73657276657252
:10FB74004175746800000000544C5320576562209E
:10FB84005365727665722041757468656E74696335
:10FB94006174696F6E0000002B06010505070302FE
:10FBA4000000000069642D6B702D636C69656E74D0
:10FBB4004175746800000000544C5320576562205E
:10FBC400436C69656E742041757468656E7469630D
:10FBD4006174696F6E0000002B06010505070303BD
:10FBE4000000000069642D6B702D636F64655369B8
:10FBF400676E696E67000000436F64652053696730
:10FC04006E696E67000000002B06010505070304FA
:10FC14000000000069642D6B702D656D61696C5086
:10FC2400726F74656374696F6E000000452D6D61B9
:10FC3400696C2050726F74656374696F6E000000A4
:10FC44002B060105050703080000000069642D6BFD
:10FC5400702D74696D655374616D70696E67000011
:10FC640054696D65205374616D70696E670000009E
:10FC74002B060105050703090000000069642D6BCC
:10FC8400702D4F4353505369676E696E67000000CF
:10FC94004F435350205369676E696E67000000003C
:10FCA40069642D63652D6261736963436F6E737458
:10FCB4007261696E74730000426173696320436FFB
:10FCC4006E73747261696E7473000000551D0F00C9
:10FCD40069642D63652D6B657955736167650000F3
:10FCE4004B6579205573616765000000551D25003B
:10FCF40069642D63652D6578744B65795573616707
:10FD040065000000457874656E646564204B657910
:10FD14002055736167650000551D110069642D63EA
:10FD2400652D7375626A656374416C744E616D65AB
:10FD3400000000005375626A65637420416C74208E
:10FD44004E616D65000000006086480186F842013E
:10FD54000100000069642D6E657473636170652D24
:10FD64006365727474797065000000004E65747385
:10FD74006361706520436572746966696361746563
:10FD8400205479706500000069642D61742D636FDF
:10FD94006D6D6F6E4E616D6500000000436F6D6D9B
:10FDA4006F6E204E616D6500434E000055040600E1
:10FDB40069642D61742D636F756E7472794E616D13
:10FDC40065000000436F756E747279004300000093
:10FDD4005504070069642D61742D6C6F63616C694F
:10FDE400747900004C6F63616C69747900000000E1
:10FDF4004C0000005504080069642D61742D73746F
:10FE0400617465005374617465000000535400000C
:10FE140055040A0069642D61742D6F7267616E69FF
:10FE24007A6174696F6E4E616D6500004F7267612F
:10FE34006E697A6174696F6E000000004F00000003
:10FE440055040B0069642D61742D6F7267616E69CE
:10FE54007A6174696F6E616C556E69744E616D651B
:10FE6400000000004F726720556E697400000000A6
:10FE74004F5500002A864886F70D0109010000004D
:10FE8400656D61696C4164647265737300000000A0
:10FE9400452D6D61696C2061646472657373000043
:10FEA4005504050069642D61742D73657269616C74
:10FEB4004E756D626572000053657269616C206EE7
:10FEC400756D62657200000073657269616C4E75D0
:10FED4006D626572000000005504100069642D61B4
:10FEE400742D706F7374616C416464726573730014
:10FEF400506F7374616C2061646472657373000085
:10FF0400706F7374616C4164647265737300000094
:10FF14005504110069642D61742D706F7374616CE4
:10FF2400436F646500000000506F7374616C20635C
:10FF34006F646500706F7374616C436F6465000077
:10FF44005504040069642D61742D7375724E616DDE
:10FF5400650000005375726E616D6500534E0000BC
:10FF640055042A0069642D61742D676976656E4EA7
:10FF7400616D6500476976656E206E616D65000090
:10FF8400474E000055042B0069642D61742D696E81
:10FF9400697469616C730000496E697469616C739A
:10FFA40000000000696E697469616C7300000000F0
:10FFB40055042C0069642D61742D67656E6572614A
:10FFC40074696F6E5175616C6966696572000000D1
:10FFD40047656E65726174696F6E207175616C69D5
:10FFE400666965720000000067656E657261746918
:0CFFF4006F6E5175616C69666965720082
:02000004600595
:1000000055040C0069642D61742D7469746C65006D
:100010005469746C650000007469746C65000000BC
:1000200055042E0069642D61742D646E5175616CE8
:10003000696669657200000044697374696E67756A
:100040006973686564204E616D65207175616C69C6
:100050006669657200000000646E5175616C6966C6
:10006000696572005504410069642D61742D7073D7
:100070006575646F6E796D0050736575646F6E7928
:100080006D00000070736575646F6E796D0000001F
:100090000992268993F22C640119000069642D6489
:1000A0006F6D61696E436F6D706F6E656E74000089
:1000B000446F6D61696E20636F6D706F6E656E74F5
:1000C000000000004443000055042D0069642D61C8
:1000D000742D756E697175654964656E74696669BC
:1000E00065720000556E69717565204964656E74AE
:1000F0006966696572000000756E697175654964AD
:10010000656E7469666965720000000050726F6305
:100110002D547970653A20342C454E435259505431
:100120004544000044454B2D496E666F3A204445D6
:10013000532D454445332D4342432C0044454B2D1C
:10014000496E666F3A204445532D4342432C0000CC
:1001500044454B2D496E666F3A204145532D31324F
:10016000382D4342432C000044454B2D496E666FA9
:100170003A204145532D3139322D4342432C000062
:1001800044454B2D496E666F3A204145532D32351B
:10019000362D4342432C000044454B2D496E666F7B
:1001A0003A204145532D0000696E76616C696420E8
:1001B000504B00007273612E4E0000007273612E6E
:1001C0004500000065636B65792E51005253412D47
:1001D000616C7400454344534100000045435F4453
:1001E00048000000454300002A864886F70D0105B7
:1001F0000C000000202050424B4446322028534837
:10020000413129202325643A200000002A8648CE67
:100210003D0101002A864886F70D010C010100000E
:100220002A864886F70D01050D0000002D2D2D2D85
:100230002D454E4420525341205052495641544579
:10024000204B45592D2D2D2D2D0000002D2D2D2D10
:100250002D424547494E2052534120505249564164
:100260005445204B45592D2D2D2D2D002D2D2D2D57
:100270002D454E4420454320505249564154452077
:100280004B45592D2D2D2D2D000000002D2D2D2DF0
:100290002D424547494E204543205052495641542E
:1002A00045204B45592D2D2D2D2D00002D2D2D2D6B
:1002B0002D454E442050524956415445204B4559F6
:1002C0002D2D2D2D2D0000002D2D2D2D2D4245479E
:1002D000494E2050524956415445204B45592D2DE9
:1002E0002D2D2D002D2D2D2D2D454E4420454E43D9
:1002F0005259505445442050524956415445204B80
:1003000045592D2D2D2D2D002D2D2D2D2D424547BF
:10031000494E20454E43525950544544205052496D
:1003200056415445204B45592D2D2D2D2D000000B3
:100330002D2D2D2D2D454E442052534120505542F8
:100340004C4943204B45592D2D2D2D2D00000000EB
:100350002D2D2D2D2D424547494E205253412050E1
:1003600055424C4943204B45592D2D2D2D2D000034
:100370002D2D2D2D2D454E44205055424C494320C6
:100380004B45592D2D2D2D2D000000002D2D2D2DEF
:100390002D424547494E205055424C4943204B453C
:1003A000592D2D2D2D2D0000393239323735383465
:1003B00035333036334438303344443630334435C3
:1003C0004537373744373838384544314435424665
:1003D000333537383631393046413246323345428B
:1003E0004330383438414541444441393243413641
:1003F0004333443830423332433444313039424558
:10040000304633364436414537313330423943453F
:100410004437414344463534434643373535354107
:10042000433134454542414239334138393831331B
:100430004642463343344638303636443244383008
:10044000304637433338413831414533313934321E
:100450003931373430334646343934364230413816
:1004600033443344334530354545353743364635D7
:1004700046353630364642354434424336434433BB
:1004800034454530383031413545393442423737CB
:1004900042303735303732333341304243374241CF
:1004A000433846393046373900000000433336447C
:1004B0003045423746434432383532323343464280
:1004C0003541414241354244413344383243303171
:1004D000434144313945413438344138374541345A
:1004E0003337373633374537353530304643423288
:1004F0003030354335433744443645433441433047
:100500003233434441323835443739364333443942
:100510004537354531454643343234383842423424
:100520004631443133414333304135370000000018
:100530004330303044463531413743373741453811
:100540004437433733373043314646353542363901
:1005500045323131433242394535444231454430E8
:1005600042463631443044393839393632304634EF
:100570003931304534313638333837453343333009
:1005800041413145303043333339413739353038E3
:1005900038343532444439364139413545413544A2
:1005A000394443413638444136333630333241469C
:1005B00000000000323442463631383534363837A0
:1005C0003836464444333033303833443235453698
:1005D000344546433636434134373242433434445B
:1005E0003235333130324638423441394433424671
:1005F0004137353039313338364330303737393396
:100600003746453333464133323532443238383554
:100610003538333741453142343834413841394136
:100620003435463745453843304336333446393917
:1006300045384344444637394335434530374545CB
:10064000373243374631323331343231393831364B
:1006500034323334434142423732344346373842EE
:1006600038313733423946383830464338363332FA
:10067000323430374146314645444644444532429F
:1006800045423637344341313546334538314131BF
:1006900035323145303731353133413145383542E6
:1006A0003544464130333146323145434145393195
:1006B000413334440000000031303030310000005C
:1006C0002020525341206B65792076616C6964610A
:1006D00074696F6E3A2000002020504B4353233141
:1006E0002064617461207369676E20203A200000E5
:1006F0007061737365640A2020504B43532331208B
:100700007369672E207665726966793A2000000069
:100710007061737365640A2020504B43532331206A
:1007200064656372797074696F6E203A200000000E
:100730007061737365640A2020504B43532331204A
:10074000656E6372797074696F6E203A20000000E4
:10075000020305070B0D1113171D1F25292B2F351C
:100760003B3D4347494F53596165676B6D717F83CB
:10077000898B95979DA3A7ADB3B5BFC1C5C7D3DF7F
:10078000E3E5E9EFF1FB000020205348412D312043
:1007900074657374202325643A20000042756666F0
:1007A000657220616C6C6F636174696F6E20666145
:1007B000696C65640000000020205348412D2564C9
:1007C0002074657374202325643A2000544C532D03
:1007D00045434448452D45434453412D57495448CA
:1007E0002D4145532D3132382D4342432D5348413D
:1007F00000000000756E6B6E6F776E00544C532DC9
:1008000045434448452D45434453412D5749544899
:100810002D4145532D3235362D4342432D5348410A
:1008200000000000544C532D45434448452D45439A
:100830004453412D574954482D4145532D313238A9
:100840002D4342432D53484132353600544C532DED
:1008500045434448452D45434453412D5749544849
:100860002D4145532D3132382D47434D2D534841AD
:1008700032353600544C532D45434448452D4543AD
:100880004453412D574954482D4145532D32353657
:100890002D4342432D53484133383400544C532D9B
:1008A00045434448452D45434453412D57495448F9
:1008B0002D4145532D3235362D47434D2D5348415B
:1008C00033383400544C532D45434448452D45435B
:1008D0004453412D574954482D4145532D32353607
:1008E0002D43434D00000000544C532D45434448D4
:1008F000452D45434453412D574954482D414553B7
:100900002D3235362D43434D2D380000544C532D98
:1009100045434448452D45434453412D5749544888
:100920002D4145532D3132382D43434D00000000F9
:10093000544C532D45434448452D45434453412D84
:10094000574954482D4145532D3132382D43434D9D
:100950002D380000544C532D45434448452D454304
:100960004453412D574954482D43414D454C4C4922
:10097000412D3132382D4342432D534841323536D3
:1009800000000000544C532D45434448452D454339
:100990004453412D574954482D43414D454C4C49F2
:1009A000412D3235362D4342432D5348413338349F
:1009B00000000000544C532D45434448452D454309
:1009C0004453412D574954482D43414D454C4C49C2
:1009D000412D3132382D47434D2D53484132353664
:1009E00000000000544C532D45434448452D4543D9
:1009F0004453412D574954482D43414D454C4C4992
:100A0000412D3235362D47434D2D5348413338342F
:100A100000000000544C532D45434448452D4543A8
:100A20004453412D574954482D334445532D454493
:100A3000452D4342432D534841000000544C532D53
:100A400045434448452D5253412D574954482D4163
:100A500045532D3132382D4342432D534841000038
:100A6000544C532D45434448452D5253412D57492D
:100A700054482D4145532D3235362D4342432D5395
:100A800048410000544C532D45434448452D525392
:100A9000412D574954482D4145532D3132382D436E
:100AA00042432D534841323536000000544C532DFB
:100AB00045434448452D5253412D574954482D41F3
:100AC00045532D3132382D47434D2D534841323552
:100AD00036000000544C532D45434448452D525395
:100AE000412D574954482D4145532D3235362D431C
:100AF00042432D534841333834000000544C532DA9
:100B000045434448452D5253412D574954482D41A2
:100B100045532D3235362D47434D2D5348413338FB
:100B200034000000544C532D45434448452D525346
:100B3000412D574954482D43414D454C4C49412D79
:100B40003132382D4342432D53484132353600006F
:100B5000544C532D45434448452D5253412D57493C
:100B600054482D43414D454C4C49412D3235362D8D
:100B70004342432D5348413338340000544C532DE5
:100B800045434448452D5253412D574954482D4320
:100B9000414D454C4C49412D3132382D47434D2D67
:100BA0005348413235360000544C532D4543444898
:100BB000452D5253412D574954482D43414D454CE5
:100BC0004C49412D3235362D47434D2D5348413345
:100BD00038340000544C532D45434448452D52535E
:100BE000412D574954482D334445532D4544452DF7
:100BF0004342432D53484100544C532D4448452D06
:100C00005253412D574954482D4145532D323536C5
:100C10002D47434D2D53484133383400544C532D08
:100C20004448452D5253412D574954482D41455371
:100C30002D3132382D47434D2D5348413235360042
:100C4000544C532D4448452D5253412D5749544837
:100C50002D4145532D3132382D4342432D534841C8
:100C600032353600544C532D4448452D5253412DB6
:100C7000574954482D4145532D3235362D43424373
:100C80002D53484132353600544C532D4448452DA0
:100C90005253412D574954482D4145532D31323837
:100CA0002D4342432D53484100000000544C532D26
:100CB0004448452D5253412D574954482D414553E1
:100CC0002D3235362D4342432D534841000000005C
:100CD000544C532D4448452D5253412D57495448A7
:100CE0002D4145532D3235362D43434D0000000034
:100CF000544C532D4448452D5253412D5749544887
:100D00002D4145532D3235362D43434D2D380000AE
:100D1000544C532D4448452D5253412D5749544866
:100D20002D4145532D3132382D43434D00000000F5
:100D3000544C532D4448452D5253412D5749544846
:100D40002D4145532D3132382D43434D2D38000070
:100D5000544C532D4448452D5253412D5749544826
:100D60002D43414D454C4C49412D3132382D4342A4
:100D7000432D53484132353600000000544C532D6A
:100D80004448452D5253412D574954482D43414D18
:100D9000454C4C49412D3235362D4342432D534865
:100DA0004132353600000000544C532D4448452D47
:100DB0005253412D574954482D43414D454C4C49C0
:100DC000412D3132382D4342432D5348410000001C
:100DD000544C532D4448452D5253412D57495448A6
:100DE0002D43414D454C4C49412D3235362D434222
:100DF000432D534841000000544C532D4448452D89
:100E00005253412D574954482D43414D454C4C496F
:100E1000412D3132382D47434D2D5348413235361F
:100E200000000000544C532D4448452D5253412D91
:100E3000574954482D43414D454C4C49412D32357D
:100E4000362D47434D2D53484133383400000000C0
:100E5000544C532D4448452D5253412D5749544825
:100E60002D334445532D4544452D4342432D53488E
:100E700041000000544C532D5253412D57495448C2
:100E80002D4145532D3235362D47434D2D53484185
:100E900033383400544C532D5253412D5749544844
:100EA0002D4145532D3132382D47434D2D53484167
:100EB00032353600544C532D5253412D5749544826
:100EC0002D4145532D3132382D4342432D53484156
:100ED00032353600544C532D5253412D5749544806
:100EE0002D4145532D3235362D4342432D53484134
:100EF00032353600544C532D5253412D57495448E6
:100F00002D4145532D3132382D4342432D53484115
:100F100000000000544C532D5253412D5749544862
:100F20002D4145532D3235362D4342432D534841F3
:100F300000000000544C532D5253412D5749544842
:100F40002D4145532D3235362D43434D00000000D1
:100F5000544C532D5253412D574954482D4145531C
:100F60002D3235362D43434D2D380000544C532D32
:100F70005253412D574954482D4145532D31323854
:100F80002D43434D00000000544C532D5253412D2E
:100F9000574954482D4145532D3132382D43434D47
:100FA0002D380000544C532D5253412D574954486D
:100FB0002D43414D454C4C49412D3132382D434252
:100FC000432D53484132353600000000544C532D18
:100FD0005253412D574954482D43414D454C4C499E
:100FE000412D3235362D4342432D5348413235365B
:100FF00000000000544C532D5253412D5749544882
:101000002D43414D454C4C49412D3132382D434201
:10101000432D534841000000544C532D5253412D51
:10102000574954482D43414D454C4C49412D32358B
:10103000362D4342432D534841000000544C532D5C
:101040005253412D574954482D43414D454C4C492D
:10105000412D3132382D47434D2D534841323536DD
:1010600000000000544C532D5253412D5749544811
:101070002D43414D454C4C49412D3235362D47438A
:101080004D2D53484133383400000000544C532D4B
:101090005253412D574954482D334445532D45440F
:1010A000452D4342432D534841000000544C532DDD
:1010B000454344482D5253412D574954482D4145ED
:1010C000532D3132382D4342432D53484100000007
:1010D000544C532D454344482D5253412D574954A8
:1010E000482D4145532D3235362D4342432D53482B
:1010F00041000000544C532D454344482D52534168
:101100002D574954482D4145532D3132382D4342F6
:10111000432D53484132353600000000544C532DC6
:10112000454344482D5253412D574954482D41457C
:10113000532D3132382D47434D2D534841323536EA
:1011400000000000544C532D454344482D52534158
:101150002D574954482D4145532D3235362D4342A4
:10116000432D53484133383400000000544C532D74
:10117000454344482D5253412D574954482D41452C
:10118000532D3235362D47434D2D53484133383496
:1011900000000000544C532D454344482D52534108
:1011A0002D574954482D43414D454C4C49412D3113
:1011B00032382D4342432D5348413235360000002A
:1011C000544C532D454344482D5253412D574954B7
:1011D000482D43414D454C4C49412D3235362D4328
:1011E00042432D534841333834000000544C532DB2
:1011F000454344482D5253412D574954482D4341AE
:101200004D454C4C49412D3132382D47434D2D53DE
:101210004841323536000000544C532D4543444874
:101220002D5253412D574954482D43414D454C4C67
:1012300049412D3235362D47434D2D5348413338E2
:1012400034000000544C532D454344482D52534123
:101250002D574954482D334445532D4544452D437E
:1012600042432D5348410000544C532D45434448BC
:101270002D45434453412D574954482D4145532D45
:101280003132382D4342432D53484100544C532DA5
:10129000454344482D45434453412D574954482D17
:1012A0004145532D3235362D4342432D534841009D
:1012B000544C532D454344482D45434453412D57E9
:1012C0004954482D4145532D3132382D4342432D49
:1012D0005348413235360000544C532D4543444861
:1012E0002D45434453412D574954482D4145532DD5
:1012F0003132382D47434D2D5348413235360000A9
:10130000544C532D454344482D45434453412D5798
:101310004954482D4145532D3235362D4342432DF6
:101320005348413338340000544C532D454344480E
:101330002D45434453412D574954482D4145532D84
:101340003235362D47434D2D534841333834000054
:10135000544C532D454344482D45434453412D5748
:101360004954482D43414D454C4C49412D3132386B
:101370002D4342432D53484132353600544C532DB2
:10138000454344482D45434453412D574954482D26
:1013900043414D454C4C49412D3235362D43424356
:1013A0002D53484133383400544C532D4543444861
:1013B0002D45434453412D574954482D43414D45F4
:1013C0004C4C49412D3132382D47434D2D53484126
:1013D00032353600544C532D454344482D45434443
:1013E00053412D574954482D43414D454C4C49419B
:1013F0002D3235362D47434D2D5348413338340077
:10140000544C532D454344482D45434453412D5797
:101410004954482D334445532D4544452D434243BB
:101420002D53484100000000544C532D50534B2D78
:10143000574954482D4145532D3132382D47434D9E
:101440002D53484132353600544C532D50534B2DBB
:10145000574954482D4145532D3235362D47434D7C
:101460002D53484133383400544C532D50534B2D99
:10147000574954482D4145532D3132382D4342436D
:101480002D53484132353600544C532D50534B2D7B
:10149000574954482D4145532D3235362D4342434B
:1014A0002D53484133383400544C532D50534B2D59
:1014B000574954482D4145532D3132382D4342432D
:1014C0002D53484100000000544C532D50534B2DD8
:1014D000574954482D4145532D3235362D4342430B
:1014E0002D53484100000000544C532D50534B2DB8
:1014F000574954482D4145532D3235362D43434DE0
:1015000000000000544C532D50534B2D5749544864
:101510002D4145532D3235362D43434D2D38000096
:10152000544C532D50534B2D574954482D4145533E
:101530002D3132382D43434D00000000544C532DC3
:1015400050534B2D574954482D4145532D31323876
:101550002D43434D2D380000544C532D50534B2DEB
:10156000574954482D43414D454C4C49412D31324A
:10157000382D4342432D5348413235360000000098
:10158000544C532D50534B2D574954482D43414DE6
:10159000454C4C49412D3235362D4342432D53485D
:1015A0004133383400000000544C532D50534B2D20
:1015B000574954482D43414D454C4C49412D3132FA
:1015C000382D47434D2D5348413235360000000039
:1015D000544C532D50534B2D574954482D43414D96
:1015E000454C4C49412D3235362D47434D2D5348FE
:1015F0004133383400000000544C532D50534B2DD0
:10160000574954482D334445532D4544452D4342B5
:10161000432D534841000000544C532D4448452D60
:1016200050534B2D574954482D4145532D31323895
:101630002D47434D2D53484132353600544C532DE0
:101640004448452D50534B2D574954482D4145533F
:101650002D3235362D47434D2D5348413338340014
:10166000544C532D4448452D50534B2D5749544805
:101670002D4145532D3132382D4342432D5348419E
:1016800032353600544C532D4448452D50534B2D84
:10169000574954482D4145532D3235362D43424349
:1016A0002D53484133383400544C532D4448452D74
:1016B00050534B2D574954482D4145532D31323805
:1016C0002D4342432D53484100000000544C532DFC
:1016D0004448452D50534B2D574954482D414553AF
:1016E0002D3235362D4342432D5348410000000032
:1016F000544C532D4448452D50534B2D5749544875
:101700002D4145532D3235362D43434D0000000009
:10171000544C532D4448452D50534B2D5749544854
:101720002D4145532D3235362D43434D2D38000084
:10173000544C532D4448452D50534B2D5749544834
:101740002D4145532D3132382D43434D00000000CB
:10175000544C532D4448452D50534B2D5749544814
:101760002D4145532D3132382D43434D2D38000046
:10177000544C532D4448452D50534B2D57495448F4
:101780002D43414D454C4C49412D3132382D43427A
:10179000432D53484132353600000000544C532D40
:1017A0004448452D50534B2D574954482D43414DE6
:1017B000454C4C49412D3235362D4342432D53483B
:1017C0004133383400000000544C532D4448452D1B
:1017D00050534B2D574954482D43414D454C4C498E
:1017E000412D3132382D47434D2D53484132353646
:1017F00000000000544C532D4448452D50534B2DB0
:10180000574954482D43414D454C4C49412D3235A3
:10181000362D47434D2D53484133383400000000E6
:10182000544C532D4448452D50534B2D5749544843
:101830002D334445532D4544452D4342432D5348B4
:1018400041000000544C532D45434448452D50530E
:101850004B2D574954482D4145532D3132382D4396
:1018600042432D534841323536000000544C532D2D
:1018700045434448452D50534B2D574954482D411D
:1018800045532D3235362D4342432D53484133388D
:1018900034000000544C532D45434448452D5053CB
:1018A0004B2D574954482D4145532D3132382D4346
:1018B00042432D5348410000544C532D4543444866
:1018C000452D50534B2D574954482D4145532D32EA
:1018D00035362D4342432D5348410000544C532D7F
:1018E00045434448452D50534B2D574954482D43AB
:1018F000414D454C4C49412D3132382D4342432D09
:101900005348413235360000544C532D454344482A
:10191000452D50534B2D574954482D43414D454C6F
:101920004C49412D3235362D4342432D53484133E6
:1019300038340000544C532D45434448452D5053F2
:101940004B2D574954482D334445532D4544452D7F
:101950004342432D53484100544C532D5253412D83
:1019600050534B2D574954482D4145532D31323852
:101970002D47434D2D53484132353600544C532D9D
:101980005253412D50534B2D574954482D414553E7
:101990002D3235362D47434D2D53484133383400D1
:1019A000544C532D5253412D50534B2D57495448AD
:1019B0002D4145532D3132382D4342432D5348415B
:1019C00032353600544C532D5253412D50534B2D2C
:1019D000574954482D4145532D3235362D43424306
:1019E0002D53484133383400544C532D5253412D1C
:1019F00050534B2D574954482D4145532D313238C2
:101A00002D4342432D53484100000000544C532DB8
:101A10005253412D50534B2D574954482D41455356
:101A20002D3235362D4342432D53484100000000EE
:101A3000544C532D5253412D50534B2D574954481C
:101A40002D43414D454C4C49412D3132382D4342B7
:101A5000432D53484132353600000000544C532D7D
:101A60005253412D50534B2D574954482D43414D0E
:101A7000454C4C49412D3235362D4342432D534878
:101A80004133383400000000544C532D5253412D43
:101A900050534B2D574954482D43414D454C4C49CB
:101AA000412D3132382D47434D2D53484132353683
:101AB00000000000544C532D5253412D50534B2DD8
:101AC000574954482D43414D454C4C49412D3235E1
:101AD000362D47434D2D5348413338340000000024
:101AE000544C532D5253412D50534B2D574954486C
:101AF0002D334445532D4544452D4342432D5348F2
:101B000041000000636C69656E742066696E6973DC
:101B1000686564007365727665722066696E6973C4
:101B20006865640044544C5376312E300000000048
:101B300044544C5376312E3200000000756E6B6EAB
:101B40006F776E202844544C5329000065787465E3
:101B50006E646564206D6173746572207365637271
:101B6000657400006D6173746572207365637265DE
:101B7000740000006B657920657870616E73696F21
:101B80006E00000053534C76332E3000544C537685
:101B9000312E3000544C5376312E3100544C537654
:101BA000312E3200202B20002C20000025733D0018
:101BB0003F3F3D0025303258257300002E2E2E2E3B
:101BC000000000002020582E3530392063657274E3
:101BD00069666963617465206C6F61643A20000016
:101BE0007061737365640A2020582E353039207374
:101BF00069676E6174757265207665726966793A97
:101C0000200000002A864886F70D01010800000028
:101C10003F3F3F00202825732C204D4746312D257E
:101C2000732C203078253032582900002573206B22
:101C300065792073697A650074727565000000002B
:101C400066616C73650000000A43657274696669B9
:101C50006361746520697320756E696E697469616A
:101C60006C69736564210A002573636572742E20A4
:101C700076657273696F6E20202020203A202564DB
:101C80000A000000257373657269616C206E756DC2
:101C900062657220202020203A2000000A25736906
:101CA0007373756572206E616D6520202020202081
:101CB000203A20000A25737375626A656374206E8A
:101CC000616D652020202020203A20000A257369BC
:101CD000737375656420206F6E20202020202020E3
:101CE000203A20253034642D253032642D253032C1
:101CF0006420253032643A253032643A253032642B
:101D0000000000000A257365787069726573206FA2
:101D10006E20202020202020203A20253034642DE1
:101D2000253032642D2530326420253032643A2546
:101D30003032643A25303264000000000A257373A3
:101D400069676E6564207573696E672020202020A6
:101D5000203A20000A2573252D3138733A20256456
:101D600020626974730000000A25736261736963FD
:101D700020636F6E73747261696E7473203A2043CE
:101D8000413D2573000000002C206D61785F70617B
:101D900074686C656E3D2564000000000A2573734D
:101DA00075626A65637420616C74206E616D652074
:101DB000203A20000A2573636572742E20747970AE
:101DC0006520202020202020203A20002573535316
:101DD0004C20436C69656E740000000025735353FA
:101DE0004C20536572766572000000002573456DC6
:101DF00061696C0025734F626A656374205369677B
:101E00006E696E6700000000257352657365727617
:101E100065640000257353534C20434100000000CB
:101E20002573456D61696C204341000025734F6245
:101E30006A656374205369676E696E672043410069
:101E40000A25736B657920757361676520202020F2
:101E500020202020203A200025734469676974619E
:101E60006C205369676E61747572650025734E6FDF
:101E70006E205265707564696174696F6E00000050
:101E800025734B657920456E6369706865726D6571
:101E90006E74000025734461746120456E6369703F
:101EA0006865726D656E740025734B6579204167B6
:101EB0007265656D656E740025734B6579204365A9
:101EC0007274205369676E00257343524C20536926
:101ED000676E00002573456E636970686572204FF8
:101EE0006E6C790025734465636970686572204F74
:101EF0006E6C79000A2573657874206B657920759E
:101F00007361676520202020203A20002573257307
:101F10000000000054686520636572746966696337
:101F20006174652076616C69646974792068617395
:101F30002065787069726564000000002573257360
:101F40000A0000002573556E6B6E6F776E20726508
:101F500061736F6E2028746869732073686F756C85
:101F600064206E6F742068617070656E290A0000CD
:101F70002D2D2D2D2D424547494E20434552544984
:101F80004649434154452D2D2D2D2D002D2D2D2D10
:101F90002D454E44204345525449464943415445FA
:101FA0002D2D2D2D2D000000546865206365727461
:101FB0006966696361746520686173206265656E36
:101FC000207265766F6B656420286973206F6E20C0
:101FD000612043524C290000546865206365727487
:101FE0006966696361746520436F6D6D6F6E204E25
:101FF000616D652028434E2920646F6573206E6FE4
:1020000074206D61746368207769746820746865F2
:1020100020657870656374656420434E000000009D
:1020200054686520636572746966696361746520CC
:102030006973206E6F7420636F72726563746C795C
:10204000207369676E656420627920746865207406
:102050007275737465642043410000005468652004
:1020600043524C206973206E6F7420636F727265E7
:1020700063746C79207369676E656420627920747B
:1020800068652074727573746564204341000000B4
:102090005468652043524C206973206578706972DA
:1020A00065640000436572746966696361746520E4
:1020B000776173206D697373696E6700436572742D
:1020C00069666963617465207665726966696361D2
:1020D00074696F6E2077617320736B6970706564CB
:1020E000000000004F7468657220726561736F6E46
:1020F000202863616E2062652075736564206279B3
:10210000207665726966792063616C6C6261636BCD
:10211000290000005468652063657274696669630C
:102120006174652076616C69646974792073746187
:1021300072747320696E2074686520667574757298
:10214000650000005468652043524C206973206686
:10215000726F6D2074686520667574757265000015
:10216000557361676520646F6573206E6F74206DB1
:102170006174636820746865206B65795573616765
:102180006520657874656E73696F6E00557361675D
:102190006520646F6573206E6F74206D6174636871
:1021A0002074686520657874656E6465644B657934
:1021B000557361676520657874656E73696F6E002D
:1021C000557361676520646F6573206E6F74206D51
:1021D0006174636820746865206E7343657274541B
:1021E00079706520657874656E73696F6E000000A4
:1021F00054686520636572746966696361746520FB
:102200006973207369676E656420776974682061FB
:102210006E20756E61636365707461626C652068C1
:102220006173682E00000000546865206365727455
:1022300069666963617465206973207369676E6597
:1022400064207769746820616E20756E61636365D0
:10225000707461626C6520504B20616C672028654A
:102260006720525341207673204543445341292E21
:1022700000000000546865206365727469666963D4
:10228000617465206973207369676E65642077697E
:10229000746820616E20756E61636365707461623D
:1022A0006C65206B65792028656720626164206316
:1022B000757276652C2052534120746F6F207368BD
:1022C0006F7274292E0000005468652043524C2020
:1022D0006973207369676E6564207769746820612B
:1022E0006E20756E61636365707461626C652068F1
:1022F0006173682E000000005468652043524C2032
:102300006973207369676E656420776974682061FA
:102310006E20756E61636365707461626C652050D8
:102320004B20616C672028656720525341207673EB
:10233000204543445341292E000000005468652085
:1023400043524C206973207369676E656420776916
:10235000746820616E20756E61636365707461627C
:102360006C65206B65792028656720626164206355
:10237000757276652C2052534120746F6F207368FC
:102380006F7274292E0000004C435F434F4C4C4148
:10239000544500004C435F43545950450000000031
:1023A0004C435F4D4F4E4554415259004C435F4E94
:1023B000554D4552494300004C435F54494D45003B
:1023C0004C435F4D455353414745530000010000C6
:1023D000F479002012000000000600006CEE02609C
:1023E0000A0000000002000008EE02606200000027
:1023F00000070000A4ED026062000000EE03000090
:10240000A47C002012000000000004EE7C7C002070
:102410002800000000030000A0ED026000000000A2
:102420000103090488ED02600000000002030904B2
:1024300070ED026000000000030309041C7D002011
:10244000000000000000000000000000000000008C
:10245000303030303030303030303030303030307C
:10246000303030303030303030303030303030306C
:10247000303030303030303030303030303030305C
:102480000000000001000006000000000000000045
:10249000A0020120080301207003012000000000B9
:1024A000000000000000000000000000000000002C
:1024B000000000000000000000000000000000001C
:1024C000000000000000000000000000000000000C
:1024D00000000000000000000000000000000000FC
:1024E00000000000000000000000000000000000EC
:1024F00000000000000000000000000000000000DC
:1025000000000000000000000000000000000000CB
:1025100000000000000000000000000000000000BB
:102520000000000001000000000000000E33CDABF1
:1025300034126DE6ECDE05000B0000000000000028
:10254000000000000000000000000000000000008B
:10255000000000000000000000000000000000007B
:10256000000000000000000000000000000000006B
:10257000000000000000000000000000000000005B
:10258000000000000000000000000000000000004B
:10259000000000000000000000000000000000003B
:1025A000000000000000000000000000000000002B
:1025B00000208C40B8220000B90800000029DE0786
:1025C000007B9A1780817EFA08000000000000005E
:1025D00000CC000080817EFD0800000000000000AB
:1025E00000CC0000DC23002000000000E803000015
:1025F000000000000424002000000000E8030000A8
:102600000000000000001940B4720020000000002B
:10261000A4FF0020A4FE0020000000000000000035
:1026200028000000400000002800000040000000DA
:10263000000000000000000000000000000000009A
:10264000000000000000000000000000000000008A
:10265000000000000424002000000000E803000047
:1026600000000000008018405472002000000000AC
:10267000CCFF0020E4FE002000000000000000006D
:10268000280000004000000028000000400000007A
:10269000000000000000000000000000000000003A
:1026A000000000000000000000000000000000002A
:1026B000000000000424002000000000E8030000E7
:1026C0000000000000001A407473002000000000A9
:1026D000F4FF002024FF00200000000000000000A4
:1026E000280000004000000028000000400000001A
:1026F00000000000000000000000000000000000DA
:1027000000000000000000000000000000000000C9
:10271000000000000424002000000000E803000086
:102720000000000000C019401473002000000000E9
:102730001C00012064FF00200000000000000000D9
:1027400028000000400000002800000040000000B9
:102750000000000000000000000000000000000079
:102760000000000000000000000000000000000069
:1027700000000000206E0020C06D0020006D0020D1
:102780003424002000000000E803000000000000E6
:1027900000003F4020ED026000000000000000004B
:1027A0000000000000000000000000000000000029
:1027B0000000000000000000000000000000000019
:1027C0000000000000000000000000000000000009
:1027D00000000000000000000000000000000000F9
:1027E00000000000000000000000000000000000E9
:1027F00000000000000000000000000000000000D9
:1028000000000000000000000000000000000000C8
:1028100000000000000000000000000000000000B8
:1028200000000000000000000000000000000000A8
:102830000000000000000000000000000000000098
:102840000000000000000000000000000000000088
:102850000000000000000000000000000000000078
:102860000000000000000000000000000000000068
:102870000000000000000000000000000000000058
:102880000000000000000000000000000000000048
:102890000000000000000000000000000000000038
:1028A0000000000000000000000000000000000028
:1028B0000000000000000000000000000000000018
:1028C0003424002000000000E803000000000000A5
:1028D00000803F40D0EC02600000000000000000DB
:1028E00000000000000000000000000000000000E8
:1028F00000000000000000000000000000000000D8
:1029000000000000000000000000000000000000C7
:1029100000000000000000000000000000000000B7
:1029200000000000000000000000000000000000A7
:102930000000000000000000000000000000000097
:102940000000000000000000000000000000000087
:102950000000000000000000000000000000000077
:102960000000000000000000000000000000000067
:102970000000000000000000000000000000000057
:102980000000000000000000000000000000000047
:102990000000000000000000000000000000000037
:1029A0000000000000000000000000000000000027
:1029B0000000000000000000000000000000000017
:1029C0000000000000000000000000000000000007
:1029D00000000000000000000000000000000000F7
:1029E00000000000000000000000000000000000E7
:1029F00000000000000000000000000000000000D7
:102A00003424002000000000E80300000000000063
:102A100000C03F4080EC02600000000000000000A9
:102A200000000000000000000000000000000000A6
:102A30000000000000000000000000000000000096
:102A40000000000000000000000000000000000086
:102A50000000000000000000000000000000000076
:102A60000000000000000000000000000000000066
:102A70000000000000000000000000000000000056
:102A80000000000000000000000000000000000046
:102A90000000000000000000000000000000000036
:102AA0000000000000000000000000000000000026
:102AB0000000000000000000000000000000000016
:102AC0000000000000000000000000000000000006
:102AD00000000000000000000000000000000000F6
:102AE00000000000000000000000000000000000E6
:102AF00000000000000000000000000000000000D6
:102B000000000000000000000000000000000000C5
:102B100000000000000000000000000000000000B5
:102B200000000000000000000000000000000000A5
:102B30000000000000000000000000000000000095
:102B40000000000080000000021500006DFA000087
:102B50000000000068C00F40000000300F000000BF
:102B6000020000002C851F4001000000FF00000053
:102B7000FF00000000000000000000000E00000048
:102B80000200000030851F4001000000FF0000002F
:102B9000FF000000000000000000000013024000E1
:102BA00026001800780000000117000061FA0000FC
:102BB000000000006CC00F40000000030700000090
:102BC0000200000040851F4002000000FF000000DE
:102BD000FF000000000000000000000008000000EE
:102BE0000200000044851F4002000000FF000000BA
:102BF000FF0000000000000000000000FF00400097
:102C0000260018007A000000061A000085FA00006D
:102C1000000000007CC00F400000000C1C00000001
:102C20000200000058851F4001000000FF00000066
:102C3000FF00000000000000000000001D00000078
:102C4000020000005C851F4001000000FF00000042
:102C5000FF0000000000000000000000FF00400036
:102C6000260018007D000000041B000079FA000017
:102C70000000000080C00F4000C0000015000000F0
:102C80000200000060851F40010000002E000000CF
:102C90000200000060851F400000000014000000DA
:102CA0000200000064851F40010000002F000000AA
:102CB0000200000064851F40000000002B0240005D
:102CC000260018007E0000000000000080000000C8
:102CD000FFFFFFFF60020120A03020200000000065
:102CE00043000000000000000000000000000000A1
:102CF00000000000000000000000000000000000D4
:102D00004300000000000000000000000000000080
:102D100000000000000000000000000000000000B3
:102D20004300000000000000000000000000000060
:102D30000000000000000000000000000000000093
:102D40004300000000000000000000000000000040
:102D50000000000000000000000000000000000073
:102D60004300000000000000000000000000000020
:102D70000000000000000000000000000000000053
:102D80004300000000000000000000000000000000
:102D90000000000000000000000000000000000033
:102DA00043000000000000000000000000000000E0
:102DB0000000000000000000000000000000000013
:102DC00075650100D15D0100000000006C27002046
:102DD000906A0020683D0020683D0020683D00208A
:102DE000683D0020683D0020683D0020683D0020CF
:102DF000683D0020683D0020FFFFFFFFFFFFFFFF51
:102E0000FFFFFFFFFFFF000001004153434949005E
:102E100000000000000000000000000000000000B2
:102E20000000000000000000000041534349490039
:102E30000000000000000000000000000000000092
:102E40000000000000000000000000000000000082
:102E500000000000587500205875002060750020A3
:102E6000607500206875002068750020707500206E
:102E7000707500207875002078750020807500201E
:102E800080750020887500208875002090750020CE
:102E9000907500209875002098750020A07500207E
:102EA000A0750020A8750020A8750020B07500202E
:102EB000B0750020B8750020B8750020C0750020DE
:102EC000C0750020C8750020C8750020D07500208E
:102ED000D0750020D8750020D8750020E07500203E
:102EE000E0750020E8750020E8750020F0750020EE
:102EF000F0750020F8750020F8750020007600209D
:102F00000076002008760020087600201076002049
:102F100010760020187600201876002020760020F9
:102F200020760020287600202876002030760020A9
:102F30003076002038760020387600204076002059
:102F40004076002048760020487600205076002009
:102F500050760020587600205876002060760020B9
:102F60006076002068760020687600207076002069
:102F70007076002078760020787600208076002019
:102F800080760020887600208876002090760020C9
:102F9000907600209876002098760020A076002079
:102FA000A0760020A8760020A8760020B076002029
:102FB000B0760020B8760020B8760020C0760020D9
:102FC000C0760020C8760020C8760020D076002089
:102FD000D0760020D8760020D8760020E076002039
:102FE000E0760020E8760020E8760020F0760020E9
:102FF000F0760020F8760020F87600200077002098
:103000000077002008770020087700201077002044
:1030100010770020187700201877002020770020F4
:1030200020770020287700202877002030770020A4
:103030003077002038770020387700204077002054
:103040004077002048770020487700205077002004
:1030500050770020587700205877002060770020B4
:103060006077002068770020687700207077002064
:103070007077002078770020787700208077002014
:1030800080770020887700208877002090770020C4
:10309000907700209877002098770020A077002074
:1030A000A0770020A8770020A8770020B077002024
:1030B000B0770020B8770020B8770020C0770020D4
:1030C000C0770020C8770020C8770020D077002084
:1030D000D0770020D8770020D8770020E077002034
:1030E000E0770020E8770020E8770020F0770020E4
:1030F000F0770020F8770020F87700200078002093
:10310000007800200878002008780020107800203F
:1031100010780020187800201878002020780020EF
:10312000207800202878002028780020307800209F
:10313000307800203878002038780020407800204F
:1031400040780020487800204878002050780020FF
:1031500050780020587800205878002060780020AF
:10316000607800206878002068780020707800205F
:10317000707800207878002078780020807800200F
:1031800080780020887800208878002090780020BF
:10319000907800209878002098780020A07800206F
:1031A000A0780020A8780020A8780020B07800201F
:1031B000B0780020B8780020B8780020C0780020CF
:1031C000C0780020C8780020C8780020D07800207F
:1031D000D0780020D8780020D8780020E07800202F
:1031E000E0780020E8780020E8780020F0780020DF
:1031F000F0780020F8780020F8780020007900208E
:10320000007900200879002008790020107900203A
:1032100010790020187900201879002020790020EA
:10322000207900202879002028790020307900209A
:10323000307900203879002038790020407900204A
:1032400040790020487900204879002050790020FA
:1032500050790020FFFFFFFF000002000000000087
:1032600003000000A0020120986B0020B562013C21
:10327000000000000000000000000000000000004E
:10328000000000000000000000000000000000003E
:10329000000000000000000000000000000000002E
:1032A000000000000000000000000000000000001E
:1032B0000000000021414F47BC31002019000000F0
:1032C000C012000080250000004B000000960000A6
:1032D00000E1000000C201000084030000080700B4
:1032E00000100E001900000012010002EF02014060
:1032F000C016830480020102030100006574683077
:1033000000000000DC050000C87A0020DC2C002052
:1033100000000000000000000000000000000000AD
:10332000000000000000000000000000000000009D
:10333000000000000000000000000000000000008D
:10334000000000000000000000000000000000007D
:103350000000000000000000010306333A3B0000BB
:103360000104000000802D4000802D4082000000FC
:10337000000000000000000000000000000000004D
:10338000000000000000000000000000000000003D
:1033900000000000C08200200000000001000000CA
:1033A000010000000000000000000000E58D0000AA
:1033B000000000000000000000000000707A002003
:1033C000000000000000000079700000657100003E
:1033D000F5710000256A0000216A0000000000006D
:1033E00000000000000000000000000000000000DD
:1033F00000000000000000000000000000000000CD
:1034000000000000000000000000000000000000BC
:1034100000000000000000000000000000000000AC
:10342000000000000000000000000000000000009C
:10343000000000000000000000000000000000008C
:10344000000000000000000000000000000000007C
:10345000000000000000000000000000000000006C
:10346000000000000000000000000000000000005C
:10347000000000000000000000000000000000004C
:10348000000000000000000000000000000000003C
:10349000000000000000000000000000000000002C
:1034A000000000000000000000000000000000001C
:1034B000000000000000000000000000000000000C
:1034C00000000000000000000000000000000000FC
:1034D00000000000000000000000000001000300E8
:1034E000000000000000000031B100004DB10000FC
:1034F00000000000000000002C2D00200000000053
:103500000100010006000000D9CB0000B9CD000089
:10351000CDDF000071CE000009CE0000582D002044
:103520000000000001000200110000000000000087
:10353000B5EA0000D1EA0000B9EC0000000000008C
:10354000842D002080817E7E050000000000470061
:1035500080817979050000000000470000005600D6
:1035600000780000588D0260906B02606D4E010083
:10357000280000000001040001000000000000001D
:10358000020157494E555342000000000000000060
:10359000000000000000000012034D005300460030
:1035A0005400310030003000F8000000C0A80500D1
:1035B000010000000F2700000014000008000000B8
:1035C00007000000060000000500000004000000E5
:1035D000000000002BC000002CC000000000000014
:1035E00003040000060000000700000000000000C7
:1035F00000000001010000000000050000000000C4
:10360000280A0000093C00000000F0410000803F53
:103610000C0300000000000000000000000000009B
:1036200000000000000000C0010D0DFF01080101B5
:1036300001246600000000000000000000000000FF
:10364000000000000000000000000000000000007A
:10365000000000000000000000000000000000006A
:10366000000000000000000000000000000000005A
:10367000000000000000000000000000000000004A
:10368000000000000000000000000000000000003A
:10369000000000000000000000000000000000002A
:1036A000000000000000000000000000000000001A
:1036B000000000000000000000000000000000000A
:1036C00000000000000000000000000000000000FA
:1036D00000000000000000000000000000000000EA
:1036E00000000000000000000000000000000000DA
:1036F00000000000000000000000000000000000CA
:1037000000000000000000000000000000000000B9
:1037100000000000000000000000000000000000A9
:103720000000000000000000000000000000000099
:103730000000000000000000000000000000000089
:103740000000000000000000000000000000000079
:103750000000000000000000000000000000000069
:103760000000000000000000000000000000000059
:103770000000000000000000000000000000000049
:103780000000000000000000000000000000000039
:103790000000000000000000000000000000000029
:1037A0000000000000000000000000000000000019
:1037B0000000000000000000000000000000000009
:1037C00000000000000000000000000000000000F9
:1037D00000000000000000000000000000000000E9
:1037E00000000000000000000000000000000000D9
:1037F00000000000000000000000000000000000C9
:1038000000000000000000000000000000000000B8
:1038100000000000000000000000000000000000A8
:103820000000000000000000000000000000000098
:103830000000000000000000000000000000000088
:103840000000000000000000000000000000000078
:103850000000000000000000000000000000000068
:103860000000000000000000000000000000000058
:103870000000000000000000000000000000000048
:103880000000000000000000000000000000000038
:103890000000000000000000000000000000000028
:1038A0000000000000000000000000000000000018
:1038B0000000000000000000000000000000000008
:1038C00000000000000000000000000000000000F8
:1038D00000000000000000000000000000000000E8
:1038E00000000000000000000000000000000000D8
:1038F00000000000000000000000000000000000C8
:1039000000000000000000000000000000000000B7
:1039100000000000000000000000000000000000A7
:103920000000000000000000000000000000000097
:103930000000000000000000000000000000000087
:103940000000000000000000000000000000000077
:103950000000000000000000000000000000000067
:103960000000000000000000000000000000000057
:103970000000000000000000000000000000000047
:103980000000000000000000000000000000000037
:103990000000000000000000000000000000000027
:1039A0000000000000000000000000000000000017
:1039B0000000000000000000000000000000000007
:1039C00000000000000000000000000000000000F7
:1039D00000000000000000000000000000000000E7
:1039E00000000000000000000000000000000000D7
:1039F00000000000000000000000000000000000C7
:103A000000000000000000000000000000000000B6
:103A100000000000000000000000000000000000A6
:103A20000000000000000000000000000000000096
:103A30000000000000000000000000000000000086
:103A40000000000000000000000000000000000076
:103A50000000000000000000000000000000000066
:103A60000000000000000000000000000000000056
:103A70000000000000000000000000000000000046
:103A80000000000000000000000000000000000036
:103A90000000000000000000000000000000000026
:103AA0000000000000000000000000000000000016
:103AB0000000000000000000000000000000000006
:103AC00000000000000000000000000000000000F6
:103AD00000000000000000000000000000000000E6
:103AE00000000000000000000000000000000000D6
:103AF00000000000000000000000000000000000C6
:103B000000000000000000000000000000000000B5
:103B100000000000000000000000000000000000A5
:103B20000000000000000000000000000000000095
:103B30000000000000000000000000000000000085
:103B40000000000000000000000000000000000075
:103B50000000000000000000000000000000000065
:103B60000000000000000000000000000000000055
:103B70000000000000000000000000000000000045
:103B80000000000000000000000000000000000035
:103B90000000000000000000000000000000000025
:103BA0000000000000000000000000000000000015
:043BB0000000000011
:103BB4000000000000000000000000000000000001
:103BC40000000000000000000000000000000000F1
:103BD40000000000000000000000000000000000E1
:103BE40000000000000000000000000000000000D1
:103BF40000000000000000000000000000000000C1
:103C040000000000000000000000000000000000B0
:103C140000000000000000000000000000000000A0
:103C24000000000000000000000000000000000090
:103C34000000000000000000000000000000000080
:103C44000000000000000000000000000000000070
:103C54000000000000000000000000000000000060
:103C64000000000000000000000000000000000050
:103C74000000000000000000000000000000000040
:103C84000000000000000000000000000000000030
:103C94000000000000000000000000000000000020
:103CA4000000000000000000000000000000000010
:103CB4000000000000000000000000000000000000
:103CC40000000000000000000000000000000000F0
:103CD40000000000000000000000000000000000E0
:103CE40000000000000000000000000000000000D0
:103CF40000000000000000000000000000000000C0
:103D040000000000000000000000000000000000AF
:103D1400000000000000000000000000000000009F
:103D2400000000000000000000000000000000008F
:103D3400000000000000000000000000000000007F
:103D4400000000000000000000000000000000006F
:103D5400000000000000000000000000000000005F
:103D6400000000000000000000000000000000004F
:103D7400000000000000000000000000000000003F
:103D8400000000000000000000000000000000002F
:103D9400000000000000000000000000000000001F
:103DA400000000000000000000000000000000000F
:103DB40000000000000000000000000000000000FF
:103DC40000000000000000000000000000000000EF
:103DD40000000000000000000000000000000000DF
:103DE40000000000000000000000000000000000CF
:103DF40000000000000000000000000000000000BF
:103E040000000000000000000000000000000000AE
:103E1400000000000000000000000000000000009E
:103E2400000000000000000000000000000000008E
:103E3400000000000000000000000000000000007E
:103E4400000000000000000000000000000000006E
:103E5400000000000000000000000000000000005E
:103E6400000000000000000000000000000000004E
:103E7400000000000000000000000000000000003E
:103E8400000000000000000000000000000000002E
:103E9400000000000000000000000000000000001E
:103EA400000000000000000000000000000000000E
:103EB40000000000000000000000000000000000FE
:103EC40000000000000000000000000000000000EE
:103ED40000000000000000000000000000000000DE
:103EE40000000000000000000000000000000000CE
:103EF40000000000000000000000000000000000BE
:103F040000000000000000000000000000000000AD
:103F1400000000000000000000000000000000009D
:103F2400000000000000000000000000000000008D
:103F3400000000000000000000000000000000007D
:103F4400000000000000000000000000000000006D
:103F5400000000000000000000000000000000005D
:103F6400000000000000000000000000000000004D
:103F7400000000000000000000000000000000003D
:103F8400000000000000000000000000000000002D
:103F9400000000000000000000000000000000001D
:103FA400000000000000000000000000000000000D
:103FB40000000000000000000000000000000000FD
:103FC40000000000000000000000000000000000ED
:103FD40000000000000000000000000000000000DD
:103FE40000000000000000000000000000000000CD
:103FF40000000000000000000000000000000000BD
:1040040000000000000000000000000000000000AC
:10401400000000000000000000000000000000009C
:10402400000000000000000000000000000000008C
:10403400000000000000000000000000000000007C
:10404400000000000000000000000000000000006C
:10405400000000000000000000000000000000005C
:10406400000000000000000000000000000000004C
:10407400000000000000000000000000000000003C
:10408400000000000000000000000000000000002C
:10409400000000000000000000000000000000001C
:1040A400000000000000000000000000000000000C
:1040B40000000000000000000000000000000000FC
:1040C40000000000000000000000000000000000EC
:1040D40000000000000000000000000000000000DC
:1040E40000000000000000000000000000000000CC
:1040F40000000000000000000000000000000000BC
:1041040000000000000000000000000000000000AB
:10411400000000000000000000000000000000009B
:10412400000000000000000000000000000000008B
:10413400000000000000000000000000000000007B
:10414400000000000000000000000000000000006B
:10415400000000000000000000000000000000005B
:10416400000000000000000000000000000000004B
:10417400000000000000000000000000000000003B
:10418400000000000000000000000000000000002B
:10419400000000000000000000000000000000001B
:1041A400000000000000000000000000000000000B
:1041B40000000000000000000000000000000000FB
:1041C40000000000000000000000000000000000EB
:1041D40000000000000000000000000000000000DB
:1041E40000000000000000000000000000000000CB
:1041F40000000000000000000000000000000000BB
:1042040000000000000000000000000000000000AA
:10421400000000000000000000000000000000009A
:10422400000000000000000000000000000000008A
:10423400000000000000000000000000000000007A
:10424400000000000000000000000000000000006A
:10425400000000000000000000000000000000005A
:10426400000000000000000000000000000000004A
:10427400000000000000000000000000000000003A
:10428400000000000000000000000000000000002A
:10429400000000000000000000000000000000001A
:1042A400000000000000000000000000000000000A
:1042B40000000000000000000000000000000000FA
:1042C40000000000000000000000000000000000EA
:1042D40000000000000000000000000000000000DA
:1042E40000000000000000000000000000000000CA
:1042F40000000000000000000000000000000000BA
:1043040000000000000000000000000000000000A9
:104314000000000000000000000000000000000099
:104324000000000000000000000000000000000089
:104334000000000000000000000000000000000079
:104344000000000000000000000000000000000069
:104354000000000000000000000000000000000059
:104364000000000000000000000000000000000049
:104374000000000000000000000000000000000039
:104384000000000000000000000000000000000029
:104394000000000000000000000000000000000019
:1043A4000000000000000000000000000000000009
:1043B40000000000000000000000000000000000F9
:1043C40000000000000000000000000000000000E9
:1043D40000000000000000000000000000000000D9
:1043E40000000000000000000000000000000000C9
:1043F40000000000000000000000000000000000B9
:1044040000000000000000000000000000000000A8
:104414000000000000000000000000000000000098
:104424000000000000000000000000000000000088
:104434000000000000000000000000000000000078
:104444000000000000000000000000000000000068
:104454000000000000000000000000000000000058
:104464000000000000000000000000000000000048
:104474000000000000000000000000000000000038
:104484000000000000000000000000000000000028
:104494000000000000000000000000000000000018
:1044A4000000000000000000000000000000000008
:1044B40000000000000000000000000000000000F8
:1044C40000000000000000000000000000000000E8
:1044D40000000000000000000000000000000000D8
:1044E40000000000000000000000000000000000C8
:1044F40000000000000000000000000000000000B8
:1045040000000000000000000000000000000000A7
:104514000000000000000000000000000000000097
:104524000000000000000000000000000000000087
:104534000000000000000000000000000000000077
:104544000000000000000000000000000000000067
:104554000000000000000000000000000000000057
:104564000000000000000000000000000000000047
:104574000000000000000000000000000000000037
:104584000000000000000000000000000000000027
:104594000000000000000000000000000000000017
:1045A4000000000000000000000000000000000007
:1045B40000000000000000000000000000000000F7
:1045C40000000000000000000000000000000000E7
:1045D40000000000000000000000000000000000D7
:1045E40000000000000000000000000000000000C7
:1045F40000000000000000000000000000000000B7
:1046040000000000000000000000000000000000A6
:104614000000000000000000000000000000000096
:104624000000000000000000000000000000000086
:104634000000000000000000000000000000000076
:104644000000000000000000000000000000000066
:104654000000000000000000000000000000000056
:104664000000000000000000000000000000000046
:104674000000000000000000000000000000000036
:104684000000000000000000000000000000000026
:104694000000000000000000000000000000000016
:1046A4000000000000000000000000000000000006
:1046B40000000000000000000000000000000000F6
:1046C40000000000000000000000000000000000E6
:1046D40000000000000000000000000000000000D6
:1046E40000000000000000000000000000000000C6
:1046F40000000000000000000000000000000000B6
:1047040000000000000000000000000000000000A5
:104714000000000000000000000000000000000095
:104724000000000000000000000000000000000085
:104734000000000000000000000000000000000075
:104744000000000000000000000000000000000065
:104754000000000000000000000000000000000055
:104764000000000000000000000000000000000045
:104774000000000000000000000000000000000035
:104784000000000000000000000000000000000025
:104794000000000000000000000000000000000015
:1047A4000000000000000000000000000000000005
:1047B40000000000000000000000000000000000F5
:1047C40000000000000000000000000000000000E5
:1047D40000000000000000000000000000000000D5
:1047E40000000000000000000000000000000000C5
:1047F40000000000000000000000000000000000B5
:1048040000000000000000000000000000000000A4
:104814000000000000000000000000000000000094
:104824000000000000000000000000000000000084
:104834000000000000000000000000000000000074
:104844000000000000000000000000000000000064
:104854000000000000000000000000000000000054
:104864000000000000000000000000000000000044
:104874000000000000000000000000000000000034
:104884000000000000000000000000000000000024
:104894000000000000000000000000000000000014
:1048A4000000000000000000000000000000000004
:1048B40000000000000000000000000000000000F4
:1048C40000000000000000000000000000000000E4
:1048D40000000000000000000000000000000000D4
:1048E40000000000000000000000000000000000C4
:1048F40000000000000000000000000000000000B4
:1049040000000000000000000000000000000000A3
:104914000000000000000000000000000000000093
:104924000000000000000000000000000000000083
:104934000000000000000000000000000000000073
:104944000000000000000000000000000000000063
:104954000000000000000000000000000000000053
:104964000000000000000000000000000000000043
:104974000000000000000000000000000000000033
:104984000000000000000000000000000000000023
:104994000000000000000000000000000000000013
:1049A4000000000000000000000000000000000003
:1049B40000000000000000000000000000000000F3
:1049C40000000000000000000000000000000000E3
:1049D40000000000000000000000000000000000D3
:1049E40000000000000000000000000000000000C3
:1049F40000000000000000000000000000000000B3
:104A040000000000000000000000000000000000A2
:104A14000000000000000000000000000000000092
:104A24000000000000000000000000000000000082
:104A34000000000000000000000000000000000072
:104A44000000000000000000000000000000000062
:104A54000000000000000000000000000000000052
:104A64000000000000000000000000000000000042
:104A74000000000000000000000000000000000032
:104A84000000000000000000000000000000000022
:104A94000000000000000000000000000000000012
:104AA4000000000000000000000000000000000002
:104AB40000000000000000000000000000000000F2
:104AC40000000000000000000000000000000000E2
:104AD40000000000000000000000000000000000D2
:104AE40000000000000000000000000000000000C2
:104AF40000000000000000000000000000000000B2
:104B040000000000000000000000000000000000A1
:104B14000000000000000000000000000000000091
:104B24000000000000000000000000000000000081
:104B34000000000000000000000000000000000071
:104B44000000000000000000000000000000000061
:104B54000000000000000000000000000000000051
:104B64000000000000000000000000000000000041
:104B74000000000000000000000000000000000031
:104B84000000000000000000000000000000000021
:104B94000000000000000000000000000000000011
:104BA4000000000000000000000000000000000001
:104BB40000000000000000000000000000000000F1
:104BC40000000000000000000000000000000000E1
:104BD40000000000000000000000000000000000D1
:104BE40000000000000000000000000000000000C1
:104BF40000000000000000000000000000000000B1
:104C040000000000000000000000000000000000A0
:104C14000000000000000000000000000000000090
:104C24000000000000000000000000000000000080
:104C34000000000000000000000000000000000070
:104C44000000000000000000000000000000000060
:104C54000000000000000000000000000000000050
:104C64000000000000000000000000000000000040
:104C74000000000000000000000000000000000030
:104C84000000000000000000000000000000000020
:104C94000000000000000000000000000000000010
:104CA4000000000000000000000000000000000000
:104CB40000000000000000000000000000000000F0
:104CC40000000000000000000000000000000000E0
:104CD40000000000000000000000000000000000D0
:104CE40000000000000000000000000000000000C0
:104CF40000000000000000000000000000000000B0
:104D0400000000000000000000000000000000009F
:104D1400000000000000000000000000000000008F
:104D2400000000000000000000000000000000007F
:104D3400000000000000000000000000000000006F
:104D4400000000000000000000000000000000005F
:104D5400000000000000000000000000000000004F
:104D6400000000000000000000000000000000003F
:104D7400000000000000000000000000000000002F
:104D8400000000000000000000000000000000001F
:104D9400000000000000000000000000000000000F
:104DA40000000000000000000000000000000000FF
:104DB40000000000000000000000000000000000EF
:104DC40000000000000000000000000000000000DF
:104DD40000000000000000000000000000000000CF
:104DE40000000000000000000000000000000000BF
:104DF40000000000000000000000000000000000AF
:104E0400000000000000000000000000000000009E
:104E1400000000000000000000000000000000008E
:104E2400000000000000000000000000000000007E
:104E3400000000000000000000000000000000006E
:104E4400000000000000000000000000000000005E
:104E5400000000000000000000000000000000004E
:104E6400000000000000000000000000000000003E
:104E7400000000000000000000000000000000002E
:104E8400000000000000000000000000000000001E
:104E9400000000000000000000000000000000000E
:104EA40000000000000000000000000000000000FE
:104EB40000000000000000000000000000000000EE
:104EC40000000000000000000000000000000000DE
:104ED40000000000000000000000000000000000CE
:104EE40000000000000000000000000000000000BE
:104EF40000000000000000000000000000000000AE
:104F0400000000000000000000000000000000009D
:104F1400000000000000000000000000000000008D
:104F2400000000000000000000000000000000007D
:104F3400000000000000000000000000000000006D
:104F4400000000000000000000000000000000005D
:104F5400000000000000000000000000000000004D
:104F6400000000000000000000000000000000003D
:104F7400000000000000000000000000000000002D
:104F8400000000000000000000000000000000001D
:104F9400000000000000000000000000000000000D
:104FA40000000000000000000000000000000000FD
:104FB40000000000000000000000000000000000ED
:104FC40000000000000000000000000000000000DD
:104FD40000000000000000000000000000000000CD
:104FE40000000000000000000000000000000000BD
:104FF40000000000000000000000000000000000AD
:10500400000000000000000000000000000000009C
:10501400000000000000000000000000000000008C
:10502400000000000000000000000000000000007C
:10503400000000000000000000000000000000006C
:10504400000000000000000000000000000000005C
:10505400000000000000000000000000000000004C
:10506400000000000000000000000000000000003C
:10507400000000000000000000000000000000002C
:10508400000000000000000000000000000000001C
:10509400000000000000000000000000000000000C
:1050A40000000000000000000000000000000000FC
:1050B40000000000000000000000000000000000EC
:1050C40000000000000000000000000000000000DC
:1050D40000000000000000000000000000000000CC
:1050E40000000000000000000000000000000000BC
:1050F40000000000000000000000000000000000AC
:10510400000000000000000000000000000000009B
:10511400000000000000000000000000000000008B
:10512400000000000000000000000000000000007B
:10513400000000000000000000000000000000006B
:10514400000000000000000000000000000000005B
:10515400000000000000000000000000000000004B
:10516400000000000000000000000000000000003B
:10517400000000000000000000000000000000002B
:10518400000000000000000000000000000000001B
:10519400000000000000000000000000000000000B
:1051A40000000000000000000000000000000000FB
:1051B40000000000000000000000000000000000EB
:1051C40000000000000000000000000000000000DB
:1051D40000000000000000000000000000000000CB
:1051E40000000000000000000000000000000000BB
:1051F40000000000000000000000000000000000AB
:10520400000000000000000000000000000000009A
:10521400000000000000000000000000000000008A
:10522400000000000000000000000000000000007A
:10523400000000000000000000000000000000006A
:10524400000000000000000000000000000000005A
:10525400000000000000000000000000000000004A
:10526400000000000000000000000000000000003A
:10527400000000000000000000000000000000002A
:10528400000000000000000000000000000000001A
:10529400000000000000000000000000000000000A
:1052A40000000000000000000000000000000000FA
:1052B40000000000000000000000000000000000EA
:1052C40000000000000000000000000000000000DA
:1052D40000000000000000000000000000000000CA
:1052E40000000000000000000000000000000000BA
:1052F40000000000000000000000000000000000AA
:105304000000000000000000000000000000000099
:105314000000000000000000000000000000000089
:105324000000000000000000000000000000000079
:105334000000000000000000000000000000000069
:105344000000000000000000000000000000000059
:105354000000000000000000000000000000000049
:105364000000000000000000000000000000000039
:105374000000000000000000000000000000000029
:105384000000000000000000000000000000000019
:105394000000000000000000000000000000000009
:1053A40000000000000000000000000000000000F9
:1053B40000000000000000000000000000000000E9
:1053C40000000000000000000000000000000000D9
:1053D40000000000000000000000000000000000C9
:1053E40000000000000000000000000000000000B9
:1053F40000000000000000000000000000000000A9
:105404000000000000000000000000000000000098
:105414000000000000000000000000000000000088
:105424000000000000000000000000000000000078
:105434000000000000000000000000000000000068
:105444000000000000000000000000000000000058
:105454000000000000000000000000000000000048
:105464000000000000000000000000000000000038
:105474000000000000000000000000000000000028
:105484000000000000000000000000000000000018
:105494000000000000000000000000000000000008
:1054A40000000000000000000000000000000000F8
:1054B40000000000000000000000000000000000E8
:1054C40000000000000000000000000000000000D8
:1054D40000000000000000000000000000000000C8
:1054E40000000000000000000000000000000000B8
:1054F40000000000000000000000000000000000A8
:105504000000000000000000000000000000000097
:105514000000000000000000000000000000000087
:105524000000000000000000000000000000000077
:105534000000000000000000000000000000000067
:105544000000000000000000000000000000000057
:105554000000000000000000000000000000000047
:105564000000000000000000000000000000000037
:105574000000000000000000000000000000000027
:105584000000000000000000000000000000000017
:105594000000000000000000000000000000000007
:1055A40000000000000000000000000000000000F7
:1055B40000000000000000000000000000000000E7
:1055C40000000000000000000000000000000000D7
:1055D40000000000000000000000000000000000C7
:1055E40000000000000000000000000000000000B7
:1055F40000000000000000000000000000000000A7
:105604000000000000000000000000000000000096
:105614000000000000000000000000000000000086
:105624000000000000000000000000000000000076
:105634000000000000000000000000000000000066
:105644000000000000000000000000000000000056
:105654000000000000000000000000000000000046
:105664000000000000000000000000000000000036
:105674000000000000000000000000000000000026
:105684000000000000000000000000000000000016
:105694000000000000000000000000000000000006
:1056A40000000000000000000000000000000000F6
:1056B40000000000000000000000000000000000E6
:1056C40000000000000000000000000000000000D6
:1056D40000000000000000000000000000000000C6
:1056E40000000000000000000000000000000000B6
:1056F40000000000000000000000000000000000A6
:105704000000000000000000000000000000000095
:105714000000000000000000000000000000000085
:105724000000000000000000000000000000000075
:105734000000000000000000000000000000000065
:105744000000000000000000000000000000000055
:105754000000000000000000000000000000000045
:105764000000000000000000000000000000000035
:105774000000000000000000000000000000000025
:105784000000000000000000000000000000000015
:105794000000000000000000000000000000000005
:1057A40000000000000000000000000000000000F5
:1057B40000000000000000000000000000000000E5
:1057C40000000000000000000000000000000000D5
:1057D40000000000000000000000000000000000C5
:1057E40000000000000000000000000000000000B5
:1057F40000000000000000000000000000000000A5
:105804000000000000000000000000000000000094
:105814000000000000000000000000000000000084
:105824000000000000000000000000000000000074
:105834000000000000000000000000000000000064
:105844000000000000000000000000000000000054
:105854000000000000000000000000000000000044
:105864000000000000000000000000000000000034
:105874000000000000000000000000000000000024
:105884000000000000000000000000000000000014
:105894000000000000000000000000000000000004
:1058A40000000000000000000000000000000000F4
:1058B40000000000000000000000000000000000E4
:1058C40000000000000000000000000000000000D4
:1058D40000000000000000000000000000000000C4
:1058E40000000000000000000000000000000000B4
:1058F40000000000000000000000000000000000A4
:105904000000000000000000000000000000000093
:105914000000000000000000000000000000000083
:105924000000000000000000000000000000000073
:105934000000000000000000000000000000000063
:105944000000000000000000000000000000000053
:105954000000000000000000000000000000000043
:105964000000000000000000000000000000000033
:105974000000000000000000000000000000000023
:105984000000000000000000000000000000000013
:105994000000000000000000000000000000000003
:1059A40000000000000000000000000000000000F3
:1059B40000000000000000000000000000000000E3
:1059C40000000000000000000000000000000000D3
:1059D40000000000000000000000000000000000C3
:1059E40000000000000000000000000000000000B3
:1059F40000000000000000000000000000000000A3
:105A04000000000000000000000000000000000092
:105A14000000000000000000000000000000000082
:105A24000000000000000000000000000000000072
:105A34000000000000000000000000000000000062
:105A44000000000000000000000000000000000052
:105A54000000000000000000000000000000000042
:105A64000000000000000000000000000000000032
:105A74000000000000000000000000000000000022
:105A84000000000000000000000000000000000012
:105A94000000000000000000000000000000000002
:105AA40000000000000000000000000000000000F2
:105AB40000000000000000000000000000000000E2
:105AC40000000000000000000000000000000000D2
:105AD40000000000000000000000000000000000C2
:105AE40000000000000000000000000000000000B2
:105AF40000000000000000000000000000000000A2
:105B04000000000000000000000000000000000091
:105B14000000000000000000000000000000000081
:105B24000000000000000000000000000000000071
:105B34000000000000000000000000000000000061
:105B44000000000000000000000000000000000051
:105B54000000000000000000000000000000000041
:105B64000000000000000000000000000000000031
:105B74000000000000000000000000000000000021
:105B84000000000000000000000000000000000011
:105B94000000000000000000000000000000000001
:105BA40000000000000000000000000000000000F1
:105BB40000000000000000000000000000000000E1
:105BC40000000000000000000000000000000000D1
:105BD40000000000000000000000000000000000C1
:105BE40000000000000000000000000000000000B1
:105BF40000000000000000000000000000000000A1
:105C04000000000000000000000000000000000090
:105C14000000000000000000000000000000000080
:105C24000000000000000000000000000000000070
:105C34000000000000000000000000000000000060
:105C44000000000000000000000000000000000050
:105C54000000000000000000000000000000000040
:105C64000000000000000000000000000000000030
:105C74000000000000000000000000000000000020
:105C84000000000000000000000000000000000010
:105C94000000000000000000000000000000000000
:105CA40000000000000000000000000000000000F0
:105CB40000000000000000000000000000000000E0
:105CC40000000000000000000000000000000000D0
:105CD40000000000000000000000000000000000C0
:105CE40000000000000000000000000000000000B0
:105CF40000000000000000000000000000000000A0
:105D0400000000000000000000000000000000008F
:105D1400000000000000000000000000000000007F
:105D2400000000000000000000000000000000006F
:105D3400000000000000000000000000000000005F
:105D4400000000000000000000000000000000004F
:105D5400000000000000000000000000000000003F
:105D6400000000000000000000000000000000002F
:105D7400000000000000000000000000000000001F
:105D8400000000000000000000000000000000000F
:105D940000000000000000000000000000000000FF
:105DA40000000000000000000000000000000000EF
:105DB40000000000000000000000000000000000DF
:105DC40000000000000000000000000000000000CF
:105DD40000000000000000000000000000000000BF
:105DE40000000000000000000000000000000000AF
:105DF400000000000000000000000000000000009F
:105E0400000000000000000000000000000000008E
:105E1400000000000000000000000000000000007E
:105E2400000000000000000000000000000000006E
:105E3400000000000000000000000000000000005E
:105E4400000000000000000000000000000000004E
:105E5400000000000000000000000000000000003E
:105E6400000000000000000000000000000000002E
:105E7400000000000000000000000000000000001E
:105E8400000000000000000000000000000000000E
:105E940000000000000000000000000000000000FE
:105EA40000000000000000000000000000000000EE
:105EB40000000000000000000000000000000000DE
:105EC40000000000000000000000000000000000CE
:105ED40000000000000000000000000000000000BE
:105EE40000000000000000000000000000000000AE
:105EF400000000000000000000000000000000009E
:105F0400000000000000000000000000000000008D
:105F1400000000000000000000000000000000007D
:105F2400000000000000000000000000000000006D
:105F3400000000000000000000000000000000005D
:105F4400000000000000000000000000000000004D
:105F5400000000000000000000000000000000003D
:105F6400000000000000000000000000000000002D
:105F7400000000000000000000000000000000001D
:105F8400000000000000000000000000000000000D
:105F940000000000000000000000000000000000FD
:105FA40000000000000000000000000000000000ED
:105FB40000000000000000000000000000000000DD
:105FC40000000000000000000000000000000000CD
:105FD40000000000000000000000000000000000BD
:105FE40000000000000000000000000000000000AD
:105FF400000000000000000000000000000000009D
:10600400000000000000000000000000000000008C
:10601400000000000000000000000000000000007C
:10602400000000000000000000000000000000006C
:10603400000000000000000000000000000000005C
:10604400000000000000000000000000000000004C
:10605400000000000000000000000000000000003C
:10606400000000000000000000000000000000002C
:10607400000000000000000000000000000000001C
:10608400000000000000000000000000000000000C
:1060940000000000000000000000000000000000FC
:1060A40000000000000000000000000000000000EC
:1060B40000000000000000000000000000000000DC
:1060C40000000000000000000000000000000000CC
:1060D40000000000000000000000000000000000BC
:1060E40000000000000000000000000000000000AC
:1060F400000000000000000000000000000000009C
:10610400000000000000000000000000000000008B
:10611400000000000000000000000000000000007B
:10612400000000000000000000000000000000006B
:10613400000000000000000000000000000000005B
:10614400000000000000000000000000000000004B
:10615400000000000000000000000000000000003B
:10616400000000000000000000000000000000002B
:10617400000000000000000000000000000000001B
:10618400000000000000000000000000000000000B
:1061940000000000000000000000000000000000FB
:1061A40000000000000000000000000000000000EB
:1061B40000000000000000000000000000000000DB
:0C61C400000000000000000000000000CF
:1061D000FFFFFFFFFFFFFFFFFFFFFFFFFFFFFFFFCF
:1061E000FFFFFFFFFFFFFFFFFFFFFFFFFFFFFFFFBF
:1061F000FFFFFFFFFFFFFFFFFFFFFFFFFFFFFFFFAF
:10620000FFFFFFFFFFFFFFFFFFFFFFFFFFFFFFFF9E
:10621000FFFFFFFFFFFFFFFFFFFFFFFFFFFFFFFF8E
:10622000FFFFFFFFFFFFFFFFFFFFFFFFFFFFFFFF7E
:10623000FFFFFFFFFFFFFFFFFFFFFFFFFFFFFFFF6E
:10624000FFFFFFFFFFFFFFFFFFFFFFFFFFFFFFFF5E
:10625000FFFFFFFFFFFFFFFFFFFFFFFFFFFFFFFF4E
:10626000FFFFFFFFFFFFFFFFFFFFFFFFFFFFFFFF3E
:10627000FFFFFFFFFFFFFFFFFFFFFFFFFFFFFFFF2E
:10628000FFFFFFFFFFFFFFFFFFFFFFFFFFFFFFFF1E
:10629000FFFFFFFFFFFFFFFFFFFFFFFFFFFFFFFF0E
:1062A000FFFFFFFFFFFFFFFFFFFFFFFFFFFFFFFFFE
:1062B000FFFFFFFFFFFFFFFFFFFFFFFFFFFFFFFFEE
:1062C000FFFFFFFFFFFFFFFFFFFFFFFFFFFFFFFFDE
:1062D000FFFFFFFFFFFFFFFFFFFFFFFFFFFFFFFFCE
:1062E000FFFFFFFFFFFFFFFFFFFFFFFFFFFFFFFFBE
:1062F000FFFFFFFFFFFFFFFFFFFFFFFFFFFFFFFFAE
:10630000FFFFFFFFFFFFFFFFFFFFFFFFFFFFFFFF9D
:10631000FFFFFFFFFFFFFFFFFFFFFFFFFFFFFFFF8D
:10632000FFFFFFFFFFFFFFFFFFFFFFFFFFFFFFFF7D
:10633000FFFFFFFFFFFFFFFFFFFFFFFFFFFFFFFF6D
:10634000FFFFFFFFFFFFFFFFFFFFFFFFFFFFFFFF5D
:10635000FFFFFFFFFFFFFFFFFFFFFFFFFFFFFFFF4D
:10636000FFFFFFFFFFFFFFFFFFFFFFFFFFFFFFFF3D
:10637000FFFFFFFFFFFFFFFFFFFFFFFFFFFFFFFF2D
:10638000FFFFFFFFFFFFFFFFFFFFFFFFFFFFFFFF1D
:10639000FFFFFFFFFFFFFFFFFFFFFFFFFFFFFFFF0D
:1063A000FFFFFFFFFFFFFFFFFFFFFFFFFFFFFFFFFD
:1063B000FFFFFFFFFFFFFFFFFFFFFFFFFFFFFFFFED
:1063C000FFFFFFFFFFFFFFFFFFFFFFFFFFFFFFFFDD
:1063D000FFFFFFFFFFFFFFFFFFFFFFFFFFFFFFFFCD
:1063E000FFFFFFFFFFFFFFFFFFFFFFFFFFFFFFFFBD
:1063F000FFFFFFFFFFFFFFFFFFFFFFFFFFFFFFFFAD
:10640000000000000000000000000000000000008C
:10641000000000000000000000000000000000007C
:10642000000000000000000000000000000000006C
:10643000000000000000000000000000000000005C
:10644000000000000000000000000000000000004C
:10645000000000000000000000000000000000003C
:10646000000000000000000000000000000000002C
:10647000000000000000000000000000000000001C
:10648000000000000000000000000000000000000C
:1064900000000000000000000000000000000000FC
:1064A00000000000000000000000000000000000EC
:1064B00000000000000000000000000000000000DC
:1064C00000000000000000000000000000000000CC
:1064D00000000000000000000000000000000000BC
:1064E00000000000000000000000000000000000AC
:1064F000000000000000000000000000000000009C
:10650000000000000000000000000000000000008B
:10651000000000000000000000000000000000007B
:10652000000000000000000000000000000000006B
:10653000000000000000000000000000000000005B
:10654000000000000000000000000000000000004B
:10655000000000000000000000000000000000003B
:10656000000000000000000000000000000000002B
:10657000000000000000000000000000000000001B
:10658000000000000000000000000000000000000B
:1065900000000000000000000000000000000000FB
:1065A00000000000000000000000000000000000EB
:1065B00000000000000000000000000000000000DB
:1065C00000000000000000000000000000000000CB
:1065D00000000000000000000000000000000000BB
:1065E00000000000000000000000000000000000AB
:1065F000000000000000000000000000000000009B
:10660000000000000000000000000000000000008A
:10661000000000000000000000000000000000007A
:10662000000000000000000000000000000000006A
:10663000000000000000000000000000000000005A
:10664000000000000000000000000000000000004A
:10665000000000000000000000000000000000003A
:10666000000000000000000000000000000000002A
:10667000000000000000000000000000000000001A
:10668000000000000000000000000000000000000A
:1066900000000000000000000000000000000000FA
:1066A00000000000000000000000000000000000EA
:1066B00000000000000000000000000000000000DA
:1066C00000000000000000000000000000000000CA
:1066D00000000000000000000000000000000000BA
:1066E00000000000000000000000000000000000AA
:1066F000000000000000000000000000000000009A
:106700000000000000000000000000000000000089
:106710000000000000000000000000000000000079
:106720000000000000000000000000000000000069
:106730000000000000000000000000000000000059
:106740000000000000000000000000000000000049
:106750000000000000000000000000000000000039
:106760000000000000000000000000000000000029
:106770000000000000000000000000000000000019
:106780000000000000000000000000000000000009
:1067900000000000000000000000000000000000F9
:1067A00000000000000000000000000000000000E9
:1067B00000000000000000000000000000000000D9
:1067C00000000000000000000000000000000000C9
:1067D00000000000000000000000000000000000B9
:1067E00000000000000000000000000000000000A9
:1067F0000000000000000000000000000000000099
:106800000000000000000000000000000000000088
:106810000000000000000000000000000000000078
:106820000000000000000000000000000000000068
:106830000000000000000000000000000000000058
:106840000000000000000000000000000000000048
:106850000000000000000000000000000000000038
:106860000000000000000000000000000000000028
:106870000000000000000000000000000000000018
:106880000000000000000000000000000000000008
:1068900000000000000000000000000000000000F8
:1068A00000000000000000000000000000000000E8
:1068B00000000000000000000000000000000000D8
:1068C00000000000000000000000000000000000C8
:1068D00000000000000000000000000000000000B8
:1068E00000000000000000000000000000000000A8
:1068F0000000000000000000000000000000000098
:106900000000000000000000000000000000000087
:106910000000000000000000000000000000000077
:106920000000000000000000000000000000000067
:106930000000000000000000000000000000000057
:106940000000000000000000000000000000000047
:106950000000000000000000000000000000000037
:106960000000000000000000000000000000000027
:106970000000000000000000000000000000000017
:106980000000000000000000000000000000000007
:1069900000000000000000000000000000000000F7
:1069A00000000000000000000000000000000000E7
:1069B00000000000000000000000000000000000D7
:1069C00000000000000000000000000000000000C7
:1069D00000000000000000000000000000000000B7
:1069E00000000000000000000000000000000000A7
:1069F0000000000000000000000000000000000097
:106A00000000000000000000000000000000000086
:106A10000000000000000000000000000000000076
:106A20000000000000000000000000000000000066
:106A30000000000000000000000000000000000056
:106A40000000000000000000000000000000000046
:106A50000000000000000000000000000000000036
:106A60000000000000000000000000000000000026
:106A70000000000000000000000000000000000016
:106A80000000000000000000000000000000000006
:106A900000000000000000000000000000000000F6
:106AA00000000000000000000000000000000000E6
:106AB00000000000000000000000000000000000D6
:106AC00000000000000000000000000000000000C6
:106AD00000000000000000000000000000000000B6
:106AE00000000000000000000000000000000000A6
:106AF0000000000000000000000000000000000096
:106B00000000000000000000000000000000000085
:106B10000000000000000000000000000000000075
:106B20000000000000000000000000000000000065
:106B30000000000000000000000000000000000055
:106B40000000000000000000000000000000000045
:106B50000000000000000000000000000000000035
:106B60000000000000000000000000000000000025
:106B70000000000000000000000000000000000015
:106B80000000000000000000000000000000000005
:106B900000000000000000000000000000000000F5
:106BA00000000000000000000000000000000000E5
:106BB00000000000000000000000000000000000D5
:106BC00000000000000000000000000000000000C5
:106BD00000000000000000000000000000000000B5
:106BE00000000000000000000000000000000000A5
:106BF0000000000000000000000000000000000095
:106C00000000000000000000000000000000000084
:106C10000000000000000000000000000000000074
:106C20000000000000000000000000000000000064
:106C30000000000000000000000000000000000054
:106C40000000000000000000000000000000000044
:106C50000000000000000000000000000000000034
:106C60000000000000000000000000000000000024
:106C70000000000000000000000000000000000014
:106C80000000000000000000000000000000000004
:106C900000000000000000000000000000000000F4
:106CA00000000000000000000000000000000000E4
:106CB00000000000000000000000000000000000D4
:106CC00000000000000000000000000000000000C4
:106CD00000000000000000000000000000000000B4
:106CE00000000000000000000000000000000000A4
:106CF0000000000000000000000000000000000094
:106D00000000000000000000000000000000000083
:106D10000000000000000000000000000000000073
:106D20000000000000000000000000000000000063
:106D30000000000000000000000000000000000053
:106D40000000000000000000000000000000000043
:106D50000000000000000000000000000000000033
:106D60000000000000000000000000000000000023
:106D70000000000000000000000000000000000013
:106D80000000000000000000000000000000000003
:106D900000000000000000000000000000000000F3
:106DA00000000000000000000000000000000000E3
:106DB00000000000000000000000000000000000D3
:106DC00000000000000000000000000000000000C3
:106DD00000000000000000000000000000000000B3
:106DE00000000000000000000000000000000000A3
:106DF0000000000000000000000000000000000093
:106E00000000000000000000000000000000000082
:106E10000000000000000000000000000000000072
:106E20000000000000000000000000000000000062
:106E30000000000000000000000000000000000052
:106E40000000000000000000000000000000000042
:106E50000000000000000000000000000000000032
:106E60000000000000000000000000000000000022
:106E70000000000000000000000000000000000012
:106E80000000000000000000000000000000000002
:106E900000000000000000000000000000000000F2
:106EA00000000000000000000000000000000000E2
:106EB00000000000000000000000000000000000D2
:106EC00000000000000000000000000000000000C2
:106ED00000000000000000000000000000000000B2
:106EE00000000000000000000000000000000000A2
:106EF0000000000000000000000000000000000092
:106F00000000000000000000000000000000000081
:106F10000000000000000000000000000000000071
:106F20000000000000000000000000000000000061
:106F30000000000000000000000000000000000051
:106F40000000000000000000000000000000000041
:106F50000000000000000000000000000000000031
:106F60000000000000000000000000000000000021
:106F70000000000000000000000000000000000011
:106F80000000000000000000000000000000000001
:106F900000000000000000000000000000000000F1
:106FA00000000000000000000000000000000000E1
:106FB00000000000000000000000000000000000D1
:106FC00000000000000000000000000000000000C1
:106FD00000000000000000000000000000000000B1
:106FE00000000000000000000000000000000000A1
:106FF0000000000000000000000000000000000091
:040000056000100087
:00000001FF
